[INFO] Scanning for projects...
[INFO] 
[INFO] --------------------< com.Recrutement:Recrutement >---------------------
[INFO] Building Recrutement 0.0.1-SNAPSHOT
[INFO]   from pom.xml
[INFO] --------------------------------[ jar ]---------------------------------
[INFO] 
[INFO] >>> spring-boot:4.0.2:run (default-cli) > test-compile @ Recrutement >>>
[INFO] 
[INFO] --- resources:3.3.1:resources (default-resources) @ Recrutement ---
[INFO] Copying 1 resource from src\main\resources to target\classes
[INFO] Copying 0 resource from src\main\resources to target\classes
[INFO] 
[INFO] --- compiler:3.14.1:compile (default-compile) @ Recrutement ---
[INFO] Nothing to compile - all classes are up to date.
[INFO] 
[INFO] --- resources:3.3.1:testResources (default-testResources) @ Recrutement ---
[INFO] skip non existing resourceDirectory C:\Users\chaff\OneDrive\Desktop\StagePfe\Recrutement\src\test\resources
[INFO] 
[INFO] --- compiler:3.14.1:testCompile (default-testCompile) @ Recrutement ---
[INFO] No sources to compile
[INFO] 
[INFO] <<< spring-boot:4.0.2:run (default-cli) < test-compile @ Recrutement <<<
[INFO] 
[INFO] 
[INFO] --- spring-boot:4.0.2:run (default-cli) @ Recrutement ---
[INFO] Attaching agents: []

  .   ____          _            __ _ _
 /\\ / ___'_ __ _ _(_)_ __  __ _ \ \ \ \
( ( )\___ | '_ | '_| | '_ \/ _` | \ \ \ \
 \\/  ___)| |_)| | | | | || (_| |  ) ) ) )
  '  |____| .__|_| |_|_| |_\__, | / / / /
 =========|_|==============|___/=/_/_/_/

 :: Spring Boot ::                (v4.0.2)

2026-04-08T22:03:19.600+01:00  INFO 7788 --- [Recrutement] [           main] c.r.recrutement.RecrutementApplication   : Starting RecrutementApplication using Java 25.0.1 with PID 7788 (C:\Users\chaff\OneDrive\Desktop\StagePfe\Recrutement\target\classes started by chaff in C:\Users\chaff\OneDrive\Desktop\StagePfe\Recrutement)
2026-04-08T22:03:19.613+01:00  INFO 7788 --- [Recrutement] [           main] c.r.recrutement.RecrutementApplication   : No active profile set, falling back to 1 default profile: "default"
2026-04-08T22:03:21.178+01:00  INFO 7788 --- [Recrutement] [           main] .s.d.r.c.RepositoryConfigurationDelegate : Bootstrapping Spring Data JPA repositories in DEFAULT mode.
2026-04-08T22:03:21.338+01:00  INFO 7788 --- [Recrutement] [           main] .s.d.r.c.RepositoryConfigurationDelegate : Finished Spring Data repository scanning in 145 ms. Found 9 JPA repository interfaces.
2026-04-08T22:03:22.360+01:00  INFO 7788 --- [Recrutement] [           main] o.s.boot.tomcat.TomcatWebServer          : Tomcat initialized with port 8081 (http)
2026-04-08T22:03:22.384+01:00  INFO 7788 --- [Recrutement] [           main] o.apache.catalina.core.StandardService   : Starting service [Tomcat]
2026-04-08T22:03:22.386+01:00  INFO 7788 --- [Recrutement] [           main] o.apache.catalina.core.StandardEngine    : Starting Servlet engine: [Apache Tomcat/11.0.15]
2026-04-08T22:03:22.505+01:00  INFO 7788 --- [Recrutement] [           main] b.w.c.s.WebApplicationContextInitializer : Root WebApplicationContext: initialization completed in 2741 ms
2026-04-08T22:03:22.740+01:00  INFO 7788 --- [Recrutement] [           main] org.hibernate.orm.jpa                    : HHH008540: Processing PersistenceUnitInfo [name: default]
2026-04-08T22:03:22.832+01:00  INFO 7788 --- [Recrutement] [           main] org.hibernate.orm.core                   : HHH000001: Hibernate ORM core version 7.2.1.Final
2026-04-08T22:03:23.676+01:00  INFO 7788 --- [Recrutement] [           main] o.s.o.j.p.SpringPersistenceUnitInfo      : No LoadTimeWeaver setup: ignoring JPA class transformer
2026-04-08T22:03:23.734+01:00  INFO 7788 --- [Recrutement] [           main] com.zaxxer.hikari.HikariDataSource       : HikariPool-1 - Starting...
2026-04-08T22:03:24.007+01:00  INFO 7788 --- [Recrutement] [           main] com.zaxxer.hikari.pool.HikariPool        : HikariPool-1 - Added connection org.postgresql.jdbc.PgConnection@3ba5c4dd
2026-04-08T22:03:24.015+01:00  INFO 7788 --- [Recrutement] [           main] com.zaxxer.hikari.HikariDataSource       : HikariPool-1 - Start completed.
2026-04-08T22:03:24.067+01:00  WARN 7788 --- [Recrutement] [           main] org.hibernate.orm.deprecation            : HHH90000025: PostgreSQLDialect does not need to be specified explicitly using 'hibernate.dialect' (remove the property setting and it will be selected by default)
2026-04-08T22:03:24.108+01:00  INFO 7788 --- [Recrutement] [           main] org.hibernate.orm.connections.pooling    : HHH10001005: Database info:
	Database JDBC URL [jdbc:postgresql://localhost:5432/Recrutement]
	Database driver: PostgreSQL JDBC Driver
	Database dialect: PostgreSQLDialect
	Database version: 18.1
	Default catalog/schema: Recrutement/public
	Autocommit mode: undefined/unknown
	Isolation level: READ_COMMITTED [default READ_COMMITTED]
	JDBC fetch size: none
	Pool: DataSourceConnectionProvider
	Minimum pool size: undefined/unknown
	Maximum pool size: undefined/unknown
2026-04-08T22:03:24.413+01:00  WARN 7788 --- [Recrutement] [           main] org.hibernate.orm.deprecation            : HHH90000033: Encountered use of deprecated annotation [interface jakarta.persistence.Temporal] at com.recrutement.recrutement.entities.Candidature.dateDepot.
2026-04-08T22:03:24.429+01:00  WARN 7788 --- [Recrutement] [           main] org.hibernate.orm.deprecation            : HHH90000033: Encountered use of deprecated annotation [interface jakarta.persistence.Temporal] at com.recrutement.recrutement.entities.CV.dateImport.
2026-04-08T22:03:24.443+01:00  WARN 7788 --- [Recrutement] [           main] org.hibernate.orm.deprecation            : HHH90000033: Encountered use of deprecated annotation [interface jakarta.persistence.Temporal] at com.recrutement.recrutement.entities.Notification.dateEnvoi.
2026-04-08T22:03:24.450+01:00  WARN 7788 --- [Recrutement] [           main] org.hibernate.orm.deprecation            : HHH90000033: Encountered use of deprecated annotation [interface jakarta.persistence.Temporal] at com.recrutement.recrutement.entities.Offre.date.
2026-04-08T22:03:24.451+01:00  WARN 7788 --- [Recrutement] [           main] org.hibernate.orm.deprecation            : HHH90000033: Encountered use of deprecated annotation [interface jakarta.persistence.Temporal] at com.recrutement.recrutement.entities.Offre.dateExpiration.
2026-04-08T22:03:26.318+01:00  INFO 7788 --- [Recrutement] [           main] org.hibernate.orm.core                   : HHH000489: No JTA platform available (set 'hibernate.transaction.jta.platform' to enable JTA platform integration)
2026-04-08T22:03:26.483+01:00  INFO 7788 --- [Recrutement] [           main] j.LocalContainerEntityManagerFactoryBean : Initialized JPA EntityManagerFactory for persistence unit 'default'
2026-04-08T22:03:26.640+01:00  INFO 7788 --- [Recrutement] [           main] o.s.d.j.r.query.QueryEnhancerFactories   : Hibernate is in classpath; If applicable, HQL parser will be used.
2026-04-08T22:03:27.455+01:00  WARN 7788 --- [Recrutement] [           main] JpaBaseConfiguration$JpaWebConfiguration : spring.jpa.open-in-view is enabled by default. Therefore, database queries may be performed during view rendering. Explicitly configure spring.jpa.open-in-view to disable this warning
2026-04-08T22:03:27.612+01:00  WARN 7788 --- [Recrutement] [           main] .s.a.UserDetailsServiceAutoConfiguration : 

Using generated security password: 70ca2b37-f993-46c8-a288-251875dbe9ae

This generated password is for development use only. Your security configuration must be updated before running your application in production.

2026-04-08T22:03:27.635+01:00  INFO 7788 --- [Recrutement] [           main] r$InitializeUserDetailsManagerConfigurer : Global AuthenticationManager configured with UserDetailsService bean with name inMemoryUserDetailsManager
2026-04-08T22:03:28.534+01:00  INFO 7788 --- [Recrutement] [           main] o.s.boot.tomcat.TomcatWebServer          : Tomcat started on port 8081 (http) with context path '/'
2026-04-08T22:03:28.545+01:00  INFO 7788 --- [Recrutement] [           main] c.r.recrutement.RecrutementApplication   : Started RecrutementApplication in 10.34 seconds (process running for 11.491)
2026-04-08T22:03:28.754+01:00  INFO 7788 --- [Recrutement] [nio-8081-exec-1] o.a.c.c.C.[Tomcat].[localhost].[/]       : Initializing Spring DispatcherServlet 'dispatcherServlet'
2026-04-08T22:03:28.760+01:00  INFO 7788 --- [Recrutement] [nio-8081-exec-1] o.s.web.servlet.DispatcherServlet        : Initializing Servlet 'dispatcherServlet'
2026-04-08T22:03:28.762+01:00  INFO 7788 --- [Recrutement] [nio-8081-exec-1] o.s.web.servlet.DispatcherServlet        : Completed initialization in 2 ms
Hibernate: select u1_0.id,case when u1_1.user_id is not null then 1 when u1_2.user_id is not null then 2 when u1_0.id is not null then 0 end,u1_0.activation_token,u1_0.approval_status,u1_0.email,u1_0.email_verified,u1_0.nom,u1_0.password,u1_0.reset_password_token,u1_0.reset_password_token_expires_at,u1_0.role,u1_0.statut_compte,u1_1.adresse,u1_1.date_naissance,u1_1.description,u1_1.education_json,u1_1.experience,u1_1.facebook_url,u1_1.genre,u1_1.github_url,u1_1.instagram_url,u1_1.linkedin_url,u1_1.localisation,u1_1.num_telephone,u1_1.photo_couverture_nom,u1_1.photo_profil_nom,u1_1.poste_recherche,u1_1.profession,u1_1.skills_json,u1_2.departement,u1_2.entreprise_id,u1_2.fonction,u1_2.poste from users u1_0 left join candidates u1_1 on u1_0.id=u1_1.user_id left join recruiters u1_2 on u1_0.id=u1_2.user_id where u1_0.email=?
Hibernate: select u1_0.id,case when u1_1.user_id is not null then 1 when u1_2.user_id is not null then 2 when u1_0.id is not null then 0 end,u1_0.activation_token,u1_0.approval_status,u1_0.email,u1_0.email_verified,u1_0.nom,u1_0.password,u1_0.reset_password_token,u1_0.reset_password_token_expires_at,u1_0.role,u1_0.statut_compte,u1_1.adresse,u1_1.date_naissance,u1_1.description,u1_1.education_json,u1_1.experience,u1_1.facebook_url,u1_1.genre,u1_1.github_url,u1_1.instagram_url,u1_1.linkedin_url,u1_1.localisation,u1_1.num_telephone,u1_1.photo_couverture_nom,u1_1.photo_profil_nom,u1_1.poste_recherche,u1_1.profession,u1_1.skills_json,u1_2.departement,u1_2.entreprise_id,u1_2.fonction,u1_2.poste from users u1_0 left join candidates u1_1 on u1_0.id=u1_1.user_id left join recruiters u1_2 on u1_0.id=u1_2.user_id where u1_0.email=?
?? L'admin chaffaraziz54@gmail.com existe déjà dans le système.
Hibernate: select u1_0.id,case when u1_1.user_id is not null then 1 when u1_2.user_id is not null then 2 when u1_0.id is not null then 0 end,u1_0.activation_token,u1_0.approval_status,u1_0.email,u1_0.email_verified,u1_0.nom,u1_0.password,u1_0.reset_password_token,u1_0.reset_password_token_expires_at,u1_0.role,u1_0.statut_compte,u1_1.adresse,u1_1.date_naissance,u1_1.description,u1_1.education_json,u1_1.experience,u1_1.facebook_url,u1_1.genre,u1_1.github_url,u1_1.instagram_url,u1_1.linkedin_url,u1_1.localisation,u1_1.num_telephone,u1_1.photo_couverture_nom,u1_1.photo_profil_nom,u1_1.poste_recherche,u1_1.profession,u1_1.skills_json,u1_2.departement,e1_0.id_entreprise,e1_0.abonnement_actif,e1_0.adresse,e1_0.description,e1_0.email,e1_0.nom_entreprise,e1_0.secteur,e1_0.site_web,u1_2.fonction,u1_2.poste from users u1_0 left join candidates u1_1 on u1_0.id=u1_1.user_id left join recruiters u1_2 on u1_0.id=u1_2.user_id left join entreprises e1_0 on e1_0.id_entreprise=u1_2.entreprise_id where u1_0.id=?
Hibernate: select n1_0.id,n1_0.date_envoi,n1_0.lue,n1_0.message,n1_0.user_id from notification n1_0 where n1_0.user_id=?
2026-04-08T22:03:29.430+01:00 ERROR 7788 --- [Recrutement] [nio-8081-exec-2] o.a.c.c.C.[.[.[/].[dispatcherServlet]    : Servlet.service() for servlet [dispatcherServlet] in context with path [] threw exception [Request processing failed: org.springframework.dao.InvalidDataAccessApiUsageException: No EntityManager with actual transaction available for current thread - cannot reliably process 'remove' call] with root cause

jakarta.persistence.TransactionRequiredException: No EntityManager with actual transaction available for current thread - cannot reliably process 'remove' call
	at org.springframework.orm.jpa.SharedEntityManagerCreator$SharedEntityManagerInvocationHandler.invoke(SharedEntityManagerCreator.java:301) ~[spring-orm-7.0.3.jar:7.0.3]
	at jdk.proxy2/jdk.proxy2.$Proxy134.remove(Unknown Source) ~[na:na]
	at org.springframework.data.jpa.repository.query.JpaQueryExecution$DeleteExecution.doExecute(JpaQueryExecution.java:419) ~[spring-data-jpa-4.0.2.jar:4.0.2]
	at org.springframework.data.jpa.repository.query.JpaQueryExecution.execute(JpaQueryExecution.java:99) ~[spring-data-jpa-4.0.2.jar:4.0.2]
	at org.springframework.data.jpa.repository.query.AbstractJpaQuery.doExecute(AbstractJpaQuery.java:164) ~[spring-data-jpa-4.0.2.jar:4.0.2]
	at org.springframework.data.jpa.repository.query.AbstractJpaQuery.execute(AbstractJpaQuery.java:154) ~[spring-data-jpa-4.0.2.jar:4.0.2]
	at org.springframework.data.repository.core.support.RepositoryMethodInvoker.doInvoke(RepositoryMethodInvoker.java:169) ~[spring-data-commons-4.0.2.jar:4.0.2]
	at org.springframework.data.repository.core.support.RepositoryMethodInvoker.invoke(RepositoryMethodInvoker.java:158) ~[spring-data-commons-4.0.2.jar:4.0.2]
	at org.springframework.data.repository.core.support.QueryExecutorMethodInterceptor.doInvoke(QueryExecutorMethodInterceptor.java:167) ~[spring-data-commons-4.0.2.jar:4.0.2]
	at org.springframework.data.repository.core.support.QueryExecutorMethodInterceptor.invoke(QueryExecutorMethodInterceptor.java:146) ~[spring-data-commons-4.0.2.jar:4.0.2]
	at org.springframework.aop.framework.ReflectiveMethodInvocation.proceed(ReflectiveMethodInvocation.java:179) ~[spring-aop-7.0.3.jar:7.0.3]
	at org.springframework.data.projection.DefaultMethodInvokingMethodInterceptor.invoke(DefaultMethodInvokingMethodInterceptor.java:69) ~[spring-data-commons-4.0.2.jar:4.0.2]
	at org.springframework.aop.framework.ReflectiveMethodInvocation.proceed(ReflectiveMethodInvocation.java:179) ~[spring-aop-7.0.3.jar:7.0.3]
	at org.springframework.transaction.interceptor.TransactionInterceptor$1.proceedWithInvocation(TransactionInterceptor.java:133) ~[spring-tx-7.0.3.jar:7.0.3]
	at org.springframework.transaction.interceptor.TransactionAspectSupport.invokeWithinTransaction(TransactionAspectSupport.java:371) ~[spring-tx-7.0.3.jar:7.0.3]
	at org.springframework.transaction.interceptor.TransactionInterceptor.invoke(TransactionInterceptor.java:130) ~[spring-tx-7.0.3.jar:7.0.3]
	at org.springframework.aop.framework.ReflectiveMethodInvocation.proceed(ReflectiveMethodInvocation.java:179) ~[spring-aop-7.0.3.jar:7.0.3]
	at org.springframework.dao.support.PersistenceExceptionTranslationInterceptor.invoke(PersistenceExceptionTranslationInterceptor.java:135) ~[spring-tx-7.0.3.jar:7.0.3]
	at org.springframework.aop.framework.ReflectiveMethodInvocation.proceed(ReflectiveMethodInvocation.java:179) ~[spring-aop-7.0.3.jar:7.0.3]
	at org.springframework.data.jpa.repository.support.CrudMethodMetadataPostProcessor$CrudMethodMetadataPopulatingMethodInterceptor.invoke(CrudMethodMetadataPostProcessor.java:137) ~[spring-data-jpa-4.0.2.jar:4.0.2]
	at org.springframework.aop.framework.ReflectiveMethodInvocation.proceed(ReflectiveMethodInvocation.java:179) ~[spring-aop-7.0.3.jar:7.0.3]
	at org.springframework.aop.framework.JdkDynamicAopProxy.invoke(JdkDynamicAopProxy.java:222) ~[spring-aop-7.0.3.jar:7.0.3]
	at jdk.proxy2/jdk.proxy2.$Proxy144.deleteByUser(Unknown Source) ~[na:na]
	at com.recrutement.recrutement.service.Impl.NotificationServiceImpl.clearNotificationsForUser(NotificationServiceImpl.java:103) ~[classes/:na]
	at com.recrutement.recrutement.service.Impl.AuthServiceImpl.deleteRecruiterAccount(AuthServiceImpl.java:455) ~[classes/:na]
	at com.recrutement.recrutement.controller.AdminController.deleteRecruiter(AdminController.java:45) ~[classes/:na]
	at java.base/jdk.internal.reflect.DirectMethodHandleAccessor.invoke(DirectMethodHandleAccessor.java:104) ~[na:na]
	at java.base/java.lang.reflect.Method.invoke(Method.java:565) ~[na:na]
	at org.springframework.web.method.support.InvocableHandlerMethod.doInvoke(InvocableHandlerMethod.java:258) ~[spring-web-7.0.3.jar:7.0.3]
	at org.springframework.web.method.support.InvocableHandlerMethod.invokeForRequest(InvocableHandlerMethod.java:190) ~[spring-web-7.0.3.jar:7.0.3]
	at org.springframework.web.servlet.mvc.method.annotation.ServletInvocableHandlerMethod.invokeAndHandle(ServletInvocableHandlerMethod.java:117) ~[spring-webmvc-7.0.3.jar:7.0.3]
	at org.springframework.web.servlet.mvc.method.annotation.RequestMappingHandlerAdapter.invokeHandlerMethod(RequestMappingHandlerAdapter.java:934) ~[spring-webmvc-7.0.3.jar:7.0.3]
	at org.springframework.web.servlet.mvc.method.annotation.RequestMappingHandlerAdapter.handleInternal(RequestMappingHandlerAdapter.java:853) ~[spring-webmvc-7.0.3.jar:7.0.3]
	at org.springframework.web.servlet.mvc.method.AbstractHandlerMethodAdapter.handle(AbstractHandlerMethodAdapter.java:86) ~[spring-webmvc-7.0.3.jar:7.0.3]
	at org.springframework.web.servlet.DispatcherServlet.doDispatch(DispatcherServlet.java:963) ~[spring-webmvc-7.0.3.jar:7.0.3]
	at org.springframework.web.servlet.DispatcherServlet.doService(DispatcherServlet.java:866) ~[spring-webmvc-7.0.3.jar:7.0.3]
	at org.springframework.web.servlet.FrameworkServlet.processRequest(FrameworkServlet.java:1003) ~[spring-webmvc-7.0.3.jar:7.0.3]
	at org.springframework.web.servlet.FrameworkServlet.doDelete(FrameworkServlet.java:925) ~[spring-webmvc-7.0.3.jar:7.0.3]
	at jakarta.servlet.http.HttpServlet.service(HttpServlet.java:651) ~[tomcat-embed-core-11.0.15.jar:6.1]
	at org.springframework.web.servlet.FrameworkServlet.service(FrameworkServlet.java:874) ~[spring-webmvc-7.0.3.jar:7.0.3]
	at jakarta.servlet.http.HttpServlet.service(HttpServlet.java:710) ~[tomcat-embed-core-11.0.15.jar:6.1]
	at org.apache.catalina.core.ApplicationFilterChain.doFilter(ApplicationFilterChain.java:128) ~[tomcat-embed-core-11.0.15.jar:11.0.15]
	at org.apache.tomcat.websocket.server.WsFilter.doFilter(WsFilter.java:53) ~[tomcat-embed-websocket-11.0.15.jar:11.0.15]
	at org.apache.catalina.core.ApplicationFilterChain.doFilter(ApplicationFilterChain.java:107) ~[tomcat-embed-core-11.0.15.jar:11.0.15]
	at org.springframework.web.filter.OncePerRequestFilter.doFilter(OncePerRequestFilter.java:110) ~[spring-web-7.0.3.jar:7.0.3]
	at org.apache.catalina.core.ApplicationFilterChain.doFilter(ApplicationFilterChain.java:107) ~[tomcat-embed-core-11.0.15.jar:11.0.15]
	at org.springframework.web.filter.CompositeFilter$VirtualFilterChain.doFilter(CompositeFilter.java:108) ~[spring-web-7.0.3.jar:7.0.3]
	at org.springframework.security.web.FilterChainProxy.lambda$doFilterInternal$3(FilterChainProxy.java:235) ~[spring-security-web-7.0.2.jar:7.0.2]
	at org.springframework.security.web.FilterChainProxy$VirtualFilterChain.doFilter(FilterChainProxy.java:371) ~[spring-security-web-7.0.2.jar:7.0.2]
	at org.springframework.security.web.access.intercept.AuthorizationFilter.doFilter(AuthorizationFilter.java:101) ~[spring-security-web-7.0.2.jar:7.0.2]
	at org.springframework.security.web.FilterChainProxy$VirtualFilterChain.doFilter(FilterChainProxy.java:380) ~[spring-security-web-7.0.2.jar:7.0.2]
	at org.springframework.security.web.access.ExceptionTranslationFilter.doFilter(ExceptionTranslationFilter.java:126) ~[spring-security-web-7.0.2.jar:7.0.2]
	at org.springframework.security.web.access.ExceptionTranslationFilter.doFilter(ExceptionTranslationFilter.java:120) ~[spring-security-web-7.0.2.jar:7.0.2]
	at org.springframework.security.web.FilterChainProxy$VirtualFilterChain.doFilter(FilterChainProxy.java:380) ~[spring-security-web-7.0.2.jar:7.0.2]
	at org.springframework.security.web.session.SessionManagementFilter.doFilter(SessionManagementFilter.java:132) ~[spring-security-web-7.0.2.jar:7.0.2]
	at org.springframework.security.web.session.SessionManagementFilter.doFilter(SessionManagementFilter.java:86) ~[spring-security-web-7.0.2.jar:7.0.2]
	at org.springframework.security.web.FilterChainProxy$VirtualFilterChain.doFilter(FilterChainProxy.java:380) ~[spring-security-web-7.0.2.jar:7.0.2]
	at org.springframework.security.web.authentication.AnonymousAuthenticationFilter.doFilter(AnonymousAuthenticationFilter.java:100) ~[spring-security-web-7.0.2.jar:7.0.2]
	at org.springframework.security.web.FilterChainProxy$VirtualFilterChain.doFilter(FilterChainProxy.java:380) ~[spring-security-web-7.0.2.jar:7.0.2]
	at org.springframework.security.web.servletapi.SecurityContextHolderAwareRequestFilter.doFilter(SecurityContextHolderAwareRequestFilter.java:181) ~[spring-security-web-7.0.2.jar:7.0.2]
	at org.springframework.security.web.FilterChainProxy$VirtualFilterChain.doFilter(FilterChainProxy.java:380) ~[spring-security-web-7.0.2.jar:7.0.2]
	at org.springframework.security.web.savedrequest.RequestCacheAwareFilter.doFilter(RequestCacheAwareFilter.java:63) ~[spring-security-web-7.0.2.jar:7.0.2]
	at org.springframework.security.web.FilterChainProxy$VirtualFilterChain.doFilter(FilterChainProxy.java:380) ~[spring-security-web-7.0.2.jar:7.0.2]
	at com.recrutement.recrutement.security.JwtAuthentificationFilter.doFilterInternal(JwtAuthentificationFilter.java:70) ~[classes/:na]
	at org.springframework.web.filter.OncePerRequestFilter.doFilter(OncePerRequestFilter.java:116) ~[spring-web-7.0.3.jar:7.0.3]
	at org.springframework.security.web.FilterChainProxy$VirtualFilterChain.doFilter(FilterChainProxy.java:380) ~[spring-security-web-7.0.2.jar:7.0.2]
	at org.springframework.security.web.authentication.logout.LogoutFilter.doFilter(LogoutFilter.java:110) ~[spring-security-web-7.0.2.jar:7.0.2]
	at org.springframework.security.web.authentication.logout.LogoutFilter.doFilter(LogoutFilter.java:96) ~[spring-security-web-7.0.2.jar:7.0.2]
	at org.springframework.security.web.FilterChainProxy$VirtualFilterChain.doFilter(FilterChainProxy.java:380) ~[spring-security-web-7.0.2.jar:7.0.2]
	at org.springframework.web.filter.CorsFilter.doFilterInternal(CorsFilter.java:91) ~[spring-web-7.0.3.jar:7.0.3]
	at org.springframework.web.filter.OncePerRequestFilter.doFilter(OncePerRequestFilter.java:116) ~[spring-web-7.0.3.jar:7.0.3]
	at org.springframework.security.web.FilterChainProxy$VirtualFilterChain.doFilter(FilterChainProxy.java:380) ~[spring-security-web-7.0.2.jar:7.0.2]
	at org.springframework.security.web.header.HeaderWriterFilter.doHeadersAfter(HeaderWriterFilter.java:90) ~[spring-security-web-7.0.2.jar:7.0.2]
	at org.springframework.security.web.header.HeaderWriterFilter.doFilterInternal(HeaderWriterFilter.java:75) ~[spring-security-web-7.0.2.jar:7.0.2]
	at org.springframework.web.filter.OncePerRequestFilter.doFilter(OncePerRequestFilter.java:116) ~[spring-web-7.0.3.jar:7.0.3]
	at org.springframework.security.web.FilterChainProxy$VirtualFilterChain.doFilter(FilterChainProxy.java:380) ~[spring-security-web-7.0.2.jar:7.0.2]
	at org.springframework.security.web.context.SecurityContextHolderFilter.doFilter(SecurityContextHolderFilter.java:82) ~[spring-security-web-7.0.2.jar:7.0.2]
	at org.springframework.security.web.context.SecurityContextHolderFilter.doFilter(SecurityContextHolderFilter.java:69) ~[spring-security-web-7.0.2.jar:7.0.2]
	at org.springframework.security.web.FilterChainProxy$VirtualFilterChain.doFilter(FilterChainProxy.java:380) ~[spring-security-web-7.0.2.jar:7.0.2]
	at org.springframework.security.web.context.request.async.WebAsyncManagerIntegrationFilter.doFilterInternal(WebAsyncManagerIntegrationFilter.java:62) ~[spring-security-web-7.0.2.jar:7.0.2]
	at org.springframework.web.filter.OncePerRequestFilter.doFilter(OncePerRequestFilter.java:116) ~[spring-web-7.0.3.jar:7.0.3]
	at org.springframework.security.web.FilterChainProxy$VirtualFilterChain.doFilter(FilterChainProxy.java:380) ~[spring-security-web-7.0.2.jar:7.0.2]
	at org.springframework.security.web.session.DisableEncodeUrlFilter.doFilterInternal(DisableEncodeUrlFilter.java:42) ~[spring-security-web-7.0.2.jar:7.0.2]
	at org.springframework.web.filter.OncePerRequestFilter.doFilter(OncePerRequestFilter.java:116) ~[spring-web-7.0.3.jar:7.0.3]
	at org.springframework.security.web.FilterChainProxy$VirtualFilterChain.doFilter(FilterChainProxy.java:380) ~[spring-security-web-7.0.2.jar:7.0.2]
	at org.springframework.security.web.FilterChainProxy.doFilterInternal(FilterChainProxy.java:237) ~[spring-security-web-7.0.2.jar:7.0.2]
	at org.springframework.security.web.FilterChainProxy.doFilter(FilterChainProxy.java:195) ~[spring-security-web-7.0.2.jar:7.0.2]
	at org.springframework.web.filter.CompositeFilter$VirtualFilterChain.doFilter(CompositeFilter.java:113) ~[spring-web-7.0.3.jar:7.0.3]
	at org.springframework.web.filter.ServletRequestPathFilter.doFilter(ServletRequestPathFilter.java:52) ~[spring-web-7.0.3.jar:7.0.3]
	at org.springframework.web.filter.CompositeFilter$VirtualFilterChain.doFilter(CompositeFilter.java:113) ~[spring-web-7.0.3.jar:7.0.3]
	at org.springframework.web.filter.CompositeFilter.doFilter(CompositeFilter.java:74) ~[spring-web-7.0.3.jar:7.0.3]
	at org.springframework.security.config.annotation.web.configuration.WebSecurityConfiguration$CompositeFilterChainProxy.doFilter(WebSecurityConfiguration.java:317) ~[spring-security-config-7.0.2.jar:7.0.2]
	at org.springframework.web.filter.DelegatingFilterProxy.invokeDelegate(DelegatingFilterProxy.java:355) ~[spring-web-7.0.3.jar:7.0.3]
	at org.springframework.web.filter.DelegatingFilterProxy.doFilter(DelegatingFilterProxy.java:272) ~[spring-web-7.0.3.jar:7.0.3]
	at org.apache.catalina.core.ApplicationFilterChain.doFilter(ApplicationFilterChain.java:107) ~[tomcat-embed-core-11.0.15.jar:11.0.15]
	at org.springframework.web.filter.RequestContextFilter.doFilterInternal(RequestContextFilter.java:100) ~[spring-web-7.0.3.jar:7.0.3]
	at org.springframework.web.filter.OncePerRequestFilter.doFilter(OncePerRequestFilter.java:116) ~[spring-web-7.0.3.jar:7.0.3]
	at org.apache.catalina.core.ApplicationFilterChain.doFilter(ApplicationFilterChain.java:107) ~[tomcat-embed-core-11.0.15.jar:11.0.15]
	at org.springframework.web.filter.FormContentFilter.doFilterInternal(FormContentFilter.java:93) ~[spring-web-7.0.3.jar:7.0.3]
	at org.springframework.web.filter.OncePerRequestFilter.doFilter(OncePerRequestFilter.java:116) ~[spring-web-7.0.3.jar:7.0.3]
	at org.apache.catalina.core.ApplicationFilterChain.doFilter(ApplicationFilterChain.java:107) ~[tomcat-embed-core-11.0.15.jar:11.0.15]
	at org.springframework.web.filter.CharacterEncodingFilter.doFilterInternal(CharacterEncodingFilter.java:199) ~[spring-web-7.0.3.jar:7.0.3]
	at org.springframework.web.filter.OncePerRequestFilter.doFilter(OncePerRequestFilter.java:116) ~[spring-web-7.0.3.jar:7.0.3]
	at org.apache.catalina.core.ApplicationFilterChain.doFilter(ApplicationFilterChain.java:107) ~[tomcat-embed-core-11.0.15.jar:11.0.15]
	at org.apache.catalina.core.StandardWrapperValve.invoke(StandardWrapperValve.java:165) ~[tomcat-embed-core-11.0.15.jar:11.0.15]
	at org.apache.catalina.core.StandardContextValve.invoke(StandardContextValve.java:77) ~[tomcat-embed-core-11.0.15.jar:11.0.15]
	at org.apache.catalina.authenticator.AuthenticatorBase.invoke(AuthenticatorBase.java:482) ~[tomcat-embed-core-11.0.15.jar:11.0.15]
	at org.apache.catalina.core.StandardHostValve.invoke(StandardHostValve.java:113) ~[tomcat-embed-core-11.0.15.jar:11.0.15]
	at org.apache.catalina.valves.ErrorReportValve.invoke(ErrorReportValve.java:83) ~[tomcat-embed-core-11.0.15.jar:11.0.15]
	at org.apache.catalina.core.StandardEngineValve.invoke(StandardEngineValve.java:72) ~[tomcat-embed-core-11.0.15.jar:11.0.15]
	at org.apache.catalina.connector.CoyoteAdapter.service(CoyoteAdapter.java:341) ~[tomcat-embed-core-11.0.15.jar:11.0.15]
	at org.apache.coyote.http11.Http11Processor.service(Http11Processor.java:397) ~[tomcat-embed-core-11.0.15.jar:11.0.15]
	at org.apache.coyote.AbstractProcessorLight.process(AbstractProcessorLight.java:63) ~[tomcat-embed-core-11.0.15.jar:11.0.15]
	at org.apache.coyote.AbstractProtocol$ConnectionHandler.process(AbstractProtocol.java:903) ~[tomcat-embed-core-11.0.15.jar:11.0.15]
	at org.apache.tomcat.util.net.NioEndpoint$SocketProcessor.doRun(NioEndpoint.java:1778) ~[tomcat-embed-core-11.0.15.jar:11.0.15]
	at org.apache.tomcat.util.net.SocketProcessorBase.run(SocketProcessorBase.java:52) ~[tomcat-embed-core-11.0.15.jar:11.0.15]
	at org.apache.tomcat.util.threads.ThreadPoolExecutor.runWorker(ThreadPoolExecutor.java:946) ~[tomcat-embed-core-11.0.15.jar:11.0.15]
	at org.apache.tomcat.util.threads.ThreadPoolExecutor$Worker.run(ThreadPoolExecutor.java:480) ~[tomcat-embed-core-11.0.15.jar:11.0.15]
	at org.apache.tomcat.util.threads.TaskThread$WrappingRunnable.run(TaskThread.java:57) ~[tomcat-embed-core-11.0.15.jar:11.0.15]
	at java.base/java.lang.Thread.run(Thread.java:1474) ~[na:na]

Hibernate: select u1_0.id,case when u1_1.user_id is not null then 1 when u1_2.user_id is not null then 2 when u1_0.id is not null then 0 end,u1_0.activation_token,u1_0.approval_status,u1_0.email,u1_0.email_verified,u1_0.nom,u1_0.password,u1_0.reset_password_token,u1_0.reset_password_token_expires_at,u1_0.role,u1_0.statut_compte,u1_1.adresse,u1_1.date_naissance,u1_1.description,u1_1.education_json,u1_1.experience,u1_1.facebook_url,u1_1.genre,u1_1.github_url,u1_1.instagram_url,u1_1.linkedin_url,u1_1.localisation,u1_1.num_telephone,u1_1.photo_couverture_nom,u1_1.photo_profil_nom,u1_1.poste_recherche,u1_1.profession,u1_1.skills_json,u1_2.departement,u1_2.entreprise_id,u1_2.fonction,u1_2.poste from users u1_0 left join candidates u1_1 on u1_0.id=u1_1.user_id left join recruiters u1_2 on u1_0.id=u1_2.user_id where u1_0.email=?
Hibernate: select u1_0.id,case when u1_1.user_id is not null then 1 when u1_2.user_id is not null then 2 when u1_0.id is not null then 0 end,u1_0.activation_token,u1_0.approval_status,u1_0.email,u1_0.email_verified,u1_0.nom,u1_0.password,u1_0.reset_password_token,u1_0.reset_password_token_expires_at,u1_0.role,u1_0.statut_compte,u1_1.adresse,u1_1.date_naissance,u1_1.description,u1_1.education_json,u1_1.experience,u1_1.facebook_url,u1_1.genre,u1_1.github_url,u1_1.instagram_url,u1_1.linkedin_url,u1_1.localisation,u1_1.num_telephone,u1_1.photo_couverture_nom,u1_1.photo_profil_nom,u1_1.poste_recherche,u1_1.profession,u1_1.skills_json,u1_2.departement,e1_0.id_entreprise,e1_0.abonnement_actif,e1_0.adresse,e1_0.description,e1_0.email,e1_0.nom_entreprise,e1_0.secteur,e1_0.site_web,u1_2.fonction,u1_2.poste from users u1_0 left join candidates u1_1 on u1_0.id=u1_1.user_id left join recruiters u1_2 on u1_0.id=u1_2.user_id left join entreprises e1_0 on e1_0.id_entreprise=u1_2.entreprise_id where u1_0.id=?
Hibernate: update users set activation_token=?,approval_status=?,email=?,email_verified=?,nom=?,password=?,reset_password_token=?,reset_password_token_expires_at=?,role=?,statut_compte=? where id=?
Hibernate: insert into notification (date_envoi,lue,message,user_id) values (?,?,?,?)
2026-04-08T22:03:40.565+01:00  INFO 7788 --- [Recrutement] [nio-8081-exec-4] c.r.r.service.Impl.EmailServiceImpl      : Email d'approbation recruteur envoye a: azizchaffar05@gmail.com
Hibernate: select u1_0.id,case when u1_1.user_id is not null then 1 when u1_2.user_id is not null then 2 when u1_0.id is not null then 0 end,u1_0.activation_token,u1_0.approval_status,u1_0.email,u1_0.email_verified,u1_0.nom,u1_0.password,u1_0.reset_password_token,u1_0.reset_password_token_expires_at,u1_0.role,u1_0.statut_compte,u1_1.adresse,u1_1.date_naissance,u1_1.description,u1_1.education_json,u1_1.experience,u1_1.facebook_url,u1_1.genre,u1_1.github_url,u1_1.instagram_url,u1_1.linkedin_url,u1_1.localisation,u1_1.num_telephone,u1_1.photo_couverture_nom,u1_1.photo_profil_nom,u1_1.poste_recherche,u1_1.profession,u1_1.skills_json,u1_2.departement,u1_2.entreprise_id,u1_2.fonction,u1_2.poste from users u1_0 left join candidates u1_1 on u1_0.id=u1_1.user_id left join recruiters u1_2 on u1_0.id=u1_2.user_id where u1_0.email=?
Hibernate: select u1_0.id,case when u1_1.user_id is not null then 1 when u1_2.user_id is not null then 2 when u1_0.id is not null then 0 end,u1_0.activation_token,u1_0.approval_status,u1_0.email,u1_0.email_verified,u1_0.nom,u1_0.password,u1_0.reset_password_token,u1_0.reset_password_token_expires_at,u1_0.role,u1_0.statut_compte,u1_1.adresse,u1_1.date_naissance,u1_1.description,u1_1.education_json,u1_1.experience,u1_1.facebook_url,u1_1.genre,u1_1.github_url,u1_1.instagram_url,u1_1.linkedin_url,u1_1.localisation,u1_1.num_telephone,u1_1.photo_couverture_nom,u1_1.photo_profil_nom,u1_1.poste_recherche,u1_1.profession,u1_1.skills_json,u1_2.departement,u1_2.entreprise_id,u1_2.fonction,u1_2.poste from users u1_0 left join candidates u1_1 on u1_0.id=u1_1.user_id left join recruiters u1_2 on u1_0.id=u1_2.user_id where u1_0.email=?
Hibernate: select count(n1_0.id) from notification n1_0 where n1_0.user_id=? and n1_0.lue=false
Hibernate: select u1_0.id,case when u1_1.user_id is not null then 1 when u1_2.user_id is not null then 2 when u1_0.id is not null then 0 end,u1_0.activation_token,u1_0.approval_status,u1_0.email,u1_0.email_verified,u1_0.nom,u1_0.password,u1_0.reset_password_token,u1_0.reset_password_token_expires_at,u1_0.role,u1_0.statut_compte,u1_1.adresse,u1_1.date_naissance,u1_1.description,u1_1.education_json,u1_1.experience,u1_1.facebook_url,u1_1.genre,u1_1.github_url,u1_1.instagram_url,u1_1.linkedin_url,u1_1.localisation,u1_1.num_telephone,u1_1.photo_couverture_nom,u1_1.photo_profil_nom,u1_1.poste_recherche,u1_1.profession,u1_1.skills_json,u1_2.departement,u1_2.entreprise_id,u1_2.fonction,u1_2.poste from users u1_0 left join candidates u1_1 on u1_0.id=u1_1.user_id left join recruiters u1_2 on u1_0.id=u1_2.user_id where u1_0.email=?
Hibernate: select u1_0.id,case when u1_1.user_id is not null then 1 when u1_2.user_id is not null then 2 when u1_0.id is not null then 0 end,u1_0.activation_token,u1_0.approval_status,u1_0.email,u1_0.email_verified,u1_0.nom,u1_0.password,u1_0.reset_password_token,u1_0.reset_password_token_expires_at,u1_0.role,u1_0.statut_compte,u1_1.adresse,u1_1.date_naissance,u1_1.description,u1_1.education_json,u1_1.experience,u1_1.facebook_url,u1_1.genre,u1_1.github_url,u1_1.instagram_url,u1_1.linkedin_url,u1_1.localisation,u1_1.num_telephone,u1_1.photo_couverture_nom,u1_1.photo_profil_nom,u1_1.poste_recherche,u1_1.profession,u1_1.skills_json,u1_2.departement,u1_2.entreprise_id,u1_2.fonction,u1_2.poste from users u1_0 left join candidates u1_1 on u1_0.id=u1_1.user_id left join recruiters u1_2 on u1_0.id=u1_2.user_id where u1_0.email=?
Hibernate: select count(n1_0.id) from notification n1_0 where n1_0.user_id=? and n1_0.lue=false
Hibernate: select u1_0.id,case when u1_1.user_id is not null then 1 when u1_2.user_id is not null then 2 when u1_0.id is not null then 0 end,u1_0.activation_token,u1_0.approval_status,u1_0.email,u1_0.email_verified,u1_0.nom,u1_0.password,u1_0.reset_password_token,u1_0.reset_password_token_expires_at,u1_0.role,u1_0.statut_compte,u1_1.adresse,u1_1.date_naissance,u1_1.description,u1_1.education_json,u1_1.experience,u1_1.facebook_url,u1_1.genre,u1_1.github_url,u1_1.instagram_url,u1_1.linkedin_url,u1_1.localisation,u1_1.num_telephone,u1_1.photo_couverture_nom,u1_1.photo_profil_nom,u1_1.poste_recherche,u1_1.profession,u1_1.skills_json,u1_2.departement,u1_2.entreprise_id,u1_2.fonction,u1_2.poste from users u1_0 left join candidates u1_1 on u1_0.id=u1_1.user_id left join recruiters u1_2 on u1_0.id=u1_2.user_id where u1_0.email=?
Hibernate: select u1_0.id,case when u1_1.user_id is not null then 1 when u1_2.user_id is not null then 2 when u1_0.id is not null then 0 end,u1_0.activation_token,u1_0.approval_status,u1_0.email,u1_0.email_verified,u1_0.nom,u1_0.password,u1_0.reset_password_token,u1_0.reset_password_token_expires_at,u1_0.role,u1_0.statut_compte,u1_1.adresse,u1_1.date_naissance,u1_1.description,u1_1.education_json,u1_1.experience,u1_1.facebook_url,u1_1.genre,u1_1.github_url,u1_1.instagram_url,u1_1.linkedin_url,u1_1.localisation,u1_1.num_telephone,u1_1.photo_couverture_nom,u1_1.photo_profil_nom,u1_1.poste_recherche,u1_1.profession,u1_1.skills_json,u1_2.departement,u1_2.entreprise_id,u1_2.fonction,u1_2.poste from users u1_0 left join candidates u1_1 on u1_0.id=u1_1.user_id left join recruiters u1_2 on u1_0.id=u1_2.user_id where u1_0.email=?
Hibernate: select count(n1_0.id) from notification n1_0 where n1_0.user_id=? and n1_0.lue=false
Hibernate: select u1_0.id,case when u1_1.user_id is not null then 1 when u1_2.user_id is not null then 2 when u1_0.id is not null then 0 end,u1_0.activation_token,u1_0.approval_status,u1_0.email,u1_0.email_verified,u1_0.nom,u1_0.password,u1_0.reset_password_token,u1_0.reset_password_token_expires_at,u1_0.role,u1_0.statut_compte,u1_1.adresse,u1_1.date_naissance,u1_1.description,u1_1.education_json,u1_1.experience,u1_1.facebook_url,u1_1.genre,u1_1.github_url,u1_1.instagram_url,u1_1.linkedin_url,u1_1.localisation,u1_1.num_telephone,u1_1.photo_couverture_nom,u1_1.photo_profil_nom,u1_1.poste_recherche,u1_1.profession,u1_1.skills_json,u1_2.departement,u1_2.entreprise_id,u1_2.fonction,u1_2.poste from users u1_0 left join candidates u1_1 on u1_0.id=u1_1.user_id left join recruiters u1_2 on u1_0.id=u1_2.user_id where u1_0.email=?
Hibernate: select u1_0.id,case when u1_1.user_id is not null then 1 when u1_2.user_id is not null then 2 when u1_0.id is not null then 0 end,u1_0.activation_token,u1_0.approval_status,u1_0.email,u1_0.email_verified,u1_0.nom,u1_0.password,u1_0.reset_password_token,u1_0.reset_password_token_expires_at,u1_0.role,u1_0.statut_compte,u1_1.adresse,u1_1.date_naissance,u1_1.description,u1_1.education_json,u1_1.experience,u1_1.facebook_url,u1_1.genre,u1_1.github_url,u1_1.instagram_url,u1_1.linkedin_url,u1_1.localisation,u1_1.num_telephone,u1_1.photo_couverture_nom,u1_1.photo_profil_nom,u1_1.poste_recherche,u1_1.profession,u1_1.skills_json,u1_2.departement,u1_2.entreprise_id,u1_2.fonction,u1_2.poste from users u1_0 left join candidates u1_1 on u1_0.id=u1_1.user_id left join recruiters u1_2 on u1_0.id=u1_2.user_id where u1_0.email=?
Hibernate: select u1_0.id,case when u1_1.user_id is not null then 1 when u1_2.user_id is not null then 2 when u1_0.id is not null then 0 end,u1_0.activation_token,u1_0.approval_status,u1_0.email,u1_0.email_verified,u1_0.nom,u1_0.password,u1_0.reset_password_token,u1_0.reset_password_token_expires_at,u1_0.role,u1_0.statut_compte,u1_1.adresse,u1_1.date_naissance,u1_1.description,u1_1.education_json,u1_1.experience,u1_1.facebook_url,u1_1.genre,u1_1.github_url,u1_1.instagram_url,u1_1.linkedin_url,u1_1.localisation,u1_1.num_telephone,u1_1.photo_couverture_nom,u1_1.photo_profil_nom,u1_1.poste_recherche,u1_1.profession,u1_1.skills_json,u1_2.departement,u1_2.entreprise_id,u1_2.fonction,u1_2.poste from users u1_0 left join candidates u1_1 on u1_0.id=u1_1.user_id left join recruiters u1_2 on u1_0.id=u1_2.user_id where u1_0.email=?
Hibernate: select u1_0.id,case when u1_1.user_id is not null then 1 when u1_2.user_id is not null then 2 when u1_0.id is not null then 0 end,u1_0.activation_token,u1_0.approval_status,u1_0.email,u1_0.email_verified,u1_0.nom,u1_0.password,u1_0.reset_password_token,u1_0.reset_password_token_expires_at,u1_0.role,u1_0.statut_compte,u1_1.adresse,u1_1.date_naissance,u1_1.description,u1_1.education_json,u1_1.experience,u1_1.facebook_url,u1_1.genre,u1_1.github_url,u1_1.instagram_url,u1_1.linkedin_url,u1_1.localisation,u1_1.num_telephone,u1_1.photo_couverture_nom,u1_1.photo_profil_nom,u1_1.poste_recherche,u1_1.profession,u1_1.skills_json,u1_2.departement,u1_2.entreprise_id,u1_2.fonction,u1_2.poste from users u1_0 left join candidates u1_1 on u1_0.id=u1_1.user_id left join recruiters u1_2 on u1_0.id=u1_2.user_id where u1_0.email=?
Hibernate: select u1_0.id,case when u1_1.user_id is not null then 1 when u1_2.user_id is not null then 2 when u1_0.id is not null then 0 end,u1_0.activation_token,u1_0.approval_status,u1_0.email,u1_0.email_verified,u1_0.nom,u1_0.password,u1_0.reset_password_token,u1_0.reset_password_token_expires_at,u1_0.role,u1_0.statut_compte,u1_1.adresse,u1_1.date_naissance,u1_1.description,u1_1.education_json,u1_1.experience,u1_1.facebook_url,u1_1.genre,u1_1.github_url,u1_1.instagram_url,u1_1.linkedin_url,u1_1.localisation,u1_1.num_telephone,u1_1.photo_couverture_nom,u1_1.photo_profil_nom,u1_1.poste_recherche,u1_1.profession,u1_1.skills_json,u1_2.departement,u1_2.entreprise_id,u1_2.fonction,u1_2.poste from users u1_0 left join candidates u1_1 on u1_0.id=u1_1.user_id left join recruiters u1_2 on u1_0.id=u1_2.user_id where u1_0.email=?
Hibernate: select u1_0.id,case when u1_1.user_id is not null then 1 when u1_2.user_id is not null then 2 when u1_0.id is not null then 0 end,u1_0.activation_token,u1_0.approval_status,u1_0.email,u1_0.email_verified,u1_0.nom,u1_0.password,u1_0.reset_password_token,u1_0.reset_password_token_expires_at,u1_0.role,u1_0.statut_compte,u1_1.adresse,u1_1.date_naissance,u1_1.description,u1_1.education_json,u1_1.experience,u1_1.facebook_url,u1_1.genre,u1_1.github_url,u1_1.instagram_url,u1_1.linkedin_url,u1_1.localisation,u1_1.num_telephone,u1_1.photo_couverture_nom,u1_1.photo_profil_nom,u1_1.poste_recherche,u1_1.profession,u1_1.skills_json,u1_2.departement,u1_2.entreprise_id,u1_2.fonction,u1_2.poste from users u1_0 left join candidates u1_1 on u1_0.id=u1_1.user_id left join recruiters u1_2 on u1_0.id=u1_2.user_id where u1_0.email=?
Hibernate: select u1_0.id,case when u1_1.user_id is not null then 1 when u1_2.user_id is not null then 2 when u1_0.id is not null then 0 end,u1_0.activation_token,u1_0.approval_status,u1_0.email,u1_0.email_verified,u1_0.nom,u1_0.password,u1_0.reset_password_token,u1_0.reset_password_token_expires_at,u1_0.role,u1_0.statut_compte,u1_1.adresse,u1_1.date_naissance,u1_1.description,u1_1.education_json,u1_1.experience,u1_1.facebook_url,u1_1.genre,u1_1.github_url,u1_1.instagram_url,u1_1.linkedin_url,u1_1.localisation,u1_1.num_telephone,u1_1.photo_couverture_nom,u1_1.photo_profil_nom,u1_1.poste_recherche,u1_1.profession,u1_1.skills_json,u1_2.departement,e1_0.id_entreprise,e1_0.abonnement_actif,e1_0.adresse,e1_0.description,e1_0.email,e1_0.nom_entreprise,e1_0.secteur,e1_0.site_web,u1_2.fonction,u1_2.poste from users u1_0 left join candidates u1_1 on u1_0.id=u1_1.user_id left join recruiters u1_2 on u1_0.id=u1_2.user_id left join entreprises e1_0 on e1_0.id_entreprise=u1_2.entreprise_id where u1_0.id=?
Hibernate: select u1_0.id,case when u1_1.user_id is not null then 1 when u1_2.user_id is not null then 2 when u1_0.id is not null then 0 end,u1_0.activation_token,u1_0.approval_status,u1_0.email,u1_0.email_verified,u1_0.nom,u1_0.password,u1_0.reset_password_token,u1_0.reset_password_token_expires_at,u1_0.role,u1_0.statut_compte,u1_1.adresse,u1_1.date_naissance,u1_1.description,u1_1.education_json,u1_1.experience,u1_1.facebook_url,u1_1.genre,u1_1.github_url,u1_1.instagram_url,u1_1.linkedin_url,u1_1.localisation,u1_1.num_telephone,u1_1.photo_couverture_nom,u1_1.photo_profil_nom,u1_1.poste_recherche,u1_1.profession,u1_1.skills_json,u1_2.departement,e1_0.id_entreprise,e1_0.abonnement_actif,e1_0.adresse,e1_0.description,e1_0.email,e1_0.nom_entreprise,e1_0.secteur,e1_0.site_web,u1_2.fonction,u1_2.poste from users u1_0 left join candidates u1_1 on u1_0.id=u1_1.user_id left join recruiters u1_2 on u1_0.id=u1_2.user_id left join entreprises e1_0 on e1_0.id_entreprise=u1_2.entreprise_id where u1_0.id=?
Hibernate: select u1_0.id,case when u1_1.user_id is not null then 1 when u1_2.user_id is not null then 2 when u1_0.id is not null then 0 end,u1_0.activation_token,u1_0.approval_status,u1_0.email,u1_0.email_verified,u1_0.nom,u1_0.password,u1_0.reset_password_token,u1_0.reset_password_token_expires_at,u1_0.role,u1_0.statut_compte,u1_1.adresse,u1_1.date_naissance,u1_1.description,u1_1.education_json,u1_1.experience,u1_1.facebook_url,u1_1.genre,u1_1.github_url,u1_1.instagram_url,u1_1.linkedin_url,u1_1.localisation,u1_1.num_telephone,u1_1.photo_couverture_nom,u1_1.photo_profil_nom,u1_1.poste_recherche,u1_1.profession,u1_1.skills_json,u1_2.departement,u1_2.entreprise_id,u1_2.fonction,u1_2.poste from users u1_0 left join candidates u1_1 on u1_0.id=u1_1.user_id left join recruiters u1_2 on u1_0.id=u1_2.user_id where u1_0.role=?
Hibernate: update users set activation_token=?,approval_status=?,email=?,email_verified=?,nom=?,password=?,reset_password_token=?,reset_password_token_expires_at=?,role=?,statut_compte=? where id=?
Hibernate: insert into notification (date_envoi,lue,message,user_id) values (?,?,?,?)
Hibernate: insert into notification (date_envoi,lue,message,user_id) values (?,?,?,?)
2026-04-08T22:04:17.066+01:00  INFO 7788 --- [Recrutement] [nio-8081-exec-4] c.r.r.service.Impl.EmailServiceImpl      : Email de refus recruteur envoye a: recruiter.approve.test@example.com
2026-04-08T22:04:18.124+01:00  INFO 7788 --- [Recrutement] [nio-8081-exec-5] c.r.r.service.Impl.EmailServiceImpl      : Email d'approbation recruteur envoye a: azizchaffar05@gmail.com
Hibernate: select u1_0.id,case when u1_1.user_id is not null then 1 when u1_2.user_id is not null then 2 when u1_0.id is not null then 0 end,u1_0.activation_token,u1_0.approval_status,u1_0.email,u1_0.email_verified,u1_0.nom,u1_0.password,u1_0.reset_password_token,u1_0.reset_password_token_expires_at,u1_0.role,u1_0.statut_compte,u1_1.adresse,u1_1.date_naissance,u1_1.description,u1_1.education_json,u1_1.experience,u1_1.facebook_url,u1_1.genre,u1_1.github_url,u1_1.instagram_url,u1_1.linkedin_url,u1_1.localisation,u1_1.num_telephone,u1_1.photo_couverture_nom,u1_1.photo_profil_nom,u1_1.poste_recherche,u1_1.profession,u1_1.skills_json,u1_2.departement,u1_2.entreprise_id,u1_2.fonction,u1_2.poste from users u1_0 left join candidates u1_1 on u1_0.id=u1_1.user_id left join recruiters u1_2 on u1_0.id=u1_2.user_id where u1_0.email=?
Hibernate: select u1_0.id,case when u1_1.user_id is not null then 1 when u1_2.user_id is not null then 2 when u1_0.id is not null then 0 end,u1_0.activation_token,u1_0.approval_status,u1_0.email,u1_0.email_verified,u1_0.nom,u1_0.password,u1_0.reset_password_token,u1_0.reset_password_token_expires_at,u1_0.role,u1_0.statut_compte,u1_1.adresse,u1_1.date_naissance,u1_1.description,u1_1.education_json,u1_1.experience,u1_1.facebook_url,u1_1.genre,u1_1.github_url,u1_1.instagram_url,u1_1.linkedin_url,u1_1.localisation,u1_1.num_telephone,u1_1.photo_couverture_nom,u1_1.photo_profil_nom,u1_1.poste_recherche,u1_1.profession,u1_1.skills_json,u1_2.departement,u1_2.entreprise_id,u1_2.fonction,u1_2.poste from users u1_0 left join candidates u1_1 on u1_0.id=u1_1.user_id left join recruiters u1_2 on u1_0.id=u1_2.user_id where u1_0.email=?
Hibernate: select u1_0.id,case when u1_1.user_id is not null then 1 when u1_2.user_id is not null then 2 when u1_0.id is not null then 0 end,u1_0.activation_token,u1_0.approval_status,u1_0.email,u1_0.email_verified,u1_0.nom,u1_0.password,u1_0.reset_password_token,u1_0.reset_password_token_expires_at,u1_0.role,u1_0.statut_compte,u1_1.adresse,u1_1.date_naissance,u1_1.description,u1_1.education_json,u1_1.experience,u1_1.facebook_url,u1_1.genre,u1_1.github_url,u1_1.instagram_url,u1_1.linkedin_url,u1_1.localisation,u1_1.num_telephone,u1_1.photo_couverture_nom,u1_1.photo_profil_nom,u1_1.poste_recherche,u1_1.profession,u1_1.skills_json,u1_2.departement,u1_2.entreprise_id,u1_2.fonction,u1_2.poste from users u1_0 left join candidates u1_1 on u1_0.id=u1_1.user_id left join recruiters u1_2 on u1_0.id=u1_2.user_id where u1_0.email=?
Hibernate: select count(n1_0.id) from notification n1_0 where n1_0.user_id=? and n1_0.lue=false
Hibernate: select u1_0.id,case when u1_1.user_id is not null then 1 when u1_2.user_id is not null then 2 when u1_0.id is not null then 0 end,u1_0.activation_token,u1_0.approval_status,u1_0.email,u1_0.email_verified,u1_0.nom,u1_0.password,u1_0.reset_password_token,u1_0.reset_password_token_expires_at,u1_0.role,u1_0.statut_compte,u1_1.adresse,u1_1.date_naissance,u1_1.description,u1_1.education_json,u1_1.experience,u1_1.facebook_url,u1_1.genre,u1_1.github_url,u1_1.instagram_url,u1_1.linkedin_url,u1_1.localisation,u1_1.num_telephone,u1_1.photo_couverture_nom,u1_1.photo_profil_nom,u1_1.poste_recherche,u1_1.profession,u1_1.skills_json,u1_2.departement,u1_2.entreprise_id,u1_2.fonction,u1_2.poste from users u1_0 left join candidates u1_1 on u1_0.id=u1_1.user_id left join recruiters u1_2 on u1_0.id=u1_2.user_id where u1_0.email=?
Hibernate: select u1_0.id,case when u1_1.user_id is not null then 1 when u1_2.user_id is not null then 2 when u1_0.id is not null then 0 end,u1_0.activation_token,u1_0.approval_status,u1_0.email,u1_0.email_verified,u1_0.nom,u1_0.password,u1_0.reset_password_token,u1_0.reset_password_token_expires_at,u1_0.role,u1_0.statut_compte,u1_1.adresse,u1_1.date_naissance,u1_1.description,u1_1.education_json,u1_1.experience,u1_1.facebook_url,u1_1.genre,u1_1.github_url,u1_1.instagram_url,u1_1.linkedin_url,u1_1.localisation,u1_1.num_telephone,u1_1.photo_couverture_nom,u1_1.photo_profil_nom,u1_1.poste_recherche,u1_1.profession,u1_1.skills_json,u1_2.departement,u1_2.entreprise_id,u1_2.fonction,u1_2.poste from users u1_0 left join candidates u1_1 on u1_0.id=u1_1.user_id left join recruiters u1_2 on u1_0.id=u1_2.user_id where u1_0.email=?
Hibernate: select count(n1_0.id) from notification n1_0 where n1_0.user_id=? and n1_0.lue=false
Hibernate: select u1_0.id,case when u1_1.user_id is not null then 1 when u1_2.user_id is not null then 2 when u1_0.id is not null then 0 end,u1_0.activation_token,u1_0.approval_status,u1_0.email,u1_0.email_verified,u1_0.nom,u1_0.password,u1_0.reset_password_token,u1_0.reset_password_token_expires_at,u1_0.role,u1_0.statut_compte,u1_1.adresse,u1_1.date_naissance,u1_1.description,u1_1.education_json,u1_1.experience,u1_1.facebook_url,u1_1.genre,u1_1.github_url,u1_1.instagram_url,u1_1.linkedin_url,u1_1.localisation,u1_1.num_telephone,u1_1.photo_couverture_nom,u1_1.photo_profil_nom,u1_1.poste_recherche,u1_1.profession,u1_1.skills_json,u1_2.departement,u1_2.entreprise_id,u1_2.fonction,u1_2.poste from users u1_0 left join candidates u1_1 on u1_0.id=u1_1.user_id left join recruiters u1_2 on u1_0.id=u1_2.user_id where u1_0.email=?
Hibernate: select u1_0.id,case when u1_1.user_id is not null then 1 when u1_2.user_id is not null then 2 when u1_0.id is not null then 0 end,u1_0.activation_token,u1_0.approval_status,u1_0.email,u1_0.email_verified,u1_0.nom,u1_0.password,u1_0.reset_password_token,u1_0.reset_password_token_expires_at,u1_0.role,u1_0.statut_compte,u1_1.adresse,u1_1.date_naissance,u1_1.description,u1_1.education_json,u1_1.experience,u1_1.facebook_url,u1_1.genre,u1_1.github_url,u1_1.instagram_url,u1_1.linkedin_url,u1_1.localisation,u1_1.num_telephone,u1_1.photo_couverture_nom,u1_1.photo_profil_nom,u1_1.poste_recherche,u1_1.profession,u1_1.skills_json,u1_2.departement,u1_2.entreprise_id,u1_2.fonction,u1_2.poste from users u1_0 left join candidates u1_1 on u1_0.id=u1_1.user_id left join recruiters u1_2 on u1_0.id=u1_2.user_id where u1_0.email=?
Hibernate: select n1_0.id,n1_0.date_envoi,n1_0.lue,n1_0.message,n1_0.user_id from notification n1_0 where n1_0.user_id=? order by n1_0.date_envoi desc
Hibernate: select u1_0.id,case when u1_1.user_id is not null then 1 when u1_2.user_id is not null then 2 when u1_0.id is not null then 0 end,u1_0.activation_token,u1_0.approval_status,u1_0.email,u1_0.email_verified,u1_0.nom,u1_0.password,u1_0.reset_password_token,u1_0.reset_password_token_expires_at,u1_0.role,u1_0.statut_compte,u1_1.adresse,u1_1.date_naissance,u1_1.description,u1_1.education_json,u1_1.experience,u1_1.facebook_url,u1_1.genre,u1_1.github_url,u1_1.instagram_url,u1_1.linkedin_url,u1_1.localisation,u1_1.num_telephone,u1_1.photo_couverture_nom,u1_1.photo_profil_nom,u1_1.poste_recherche,u1_1.profession,u1_1.skills_json,u1_2.departement,u1_2.entreprise_id,u1_2.fonction,u1_2.poste from users u1_0 left join candidates u1_1 on u1_0.id=u1_1.user_id left join recruiters u1_2 on u1_0.id=u1_2.user_id where u1_0.email=?
Hibernate: select u1_0.id,case when u1_1.user_id is not null then 1 when u1_2.user_id is not null then 2 when u1_0.id is not null then 0 end,u1_0.activation_token,u1_0.approval_status,u1_0.email,u1_0.email_verified,u1_0.nom,u1_0.password,u1_0.reset_password_token,u1_0.reset_password_token_expires_at,u1_0.role,u1_0.statut_compte,u1_1.adresse,u1_1.date_naissance,u1_1.description,u1_1.education_json,u1_1.experience,u1_1.facebook_url,u1_1.genre,u1_1.github_url,u1_1.instagram_url,u1_1.linkedin_url,u1_1.localisation,u1_1.num_telephone,u1_1.photo_couverture_nom,u1_1.photo_profil_nom,u1_1.poste_recherche,u1_1.profession,u1_1.skills_json,u1_2.departement,u1_2.entreprise_id,u1_2.fonction,u1_2.poste from users u1_0 left join candidates u1_1 on u1_0.id=u1_1.user_id left join recruiters u1_2 on u1_0.id=u1_2.user_id where u1_0.email=?
Hibernate: select n1_0.id,n1_0.date_envoi,n1_0.lue,n1_0.message,n1_0.user_id from notification n1_0 where n1_0.user_id=? order by n1_0.date_envoi desc
Hibernate: update notification set date_envoi=?,lue=?,message=?,user_id=? where id=?
Hibernate: update notification set date_envoi=?,lue=?,message=?,user_id=? where id=?
Hibernate: update notification set date_envoi=?,lue=?,message=?,user_id=? where id=?
Hibernate: select u1_0.id,case when u1_1.user_id is not null then 1 when u1_2.user_id is not null then 2 when u1_0.id is not null then 0 end,u1_0.activation_token,u1_0.approval_status,u1_0.email,u1_0.email_verified,u1_0.nom,u1_0.password,u1_0.reset_password_token,u1_0.reset_password_token_expires_at,u1_0.role,u1_0.statut_compte,u1_1.adresse,u1_1.date_naissance,u1_1.description,u1_1.education_json,u1_1.experience,u1_1.facebook_url,u1_1.genre,u1_1.github_url,u1_1.instagram_url,u1_1.linkedin_url,u1_1.localisation,u1_1.num_telephone,u1_1.photo_couverture_nom,u1_1.photo_profil_nom,u1_1.poste_recherche,u1_1.profession,u1_1.skills_json,u1_2.departement,u1_2.entreprise_id,u1_2.fonction,u1_2.poste from users u1_0 left join candidates u1_1 on u1_0.id=u1_1.user_id left join recruiters u1_2 on u1_0.id=u1_2.user_id where u1_0.email=?
Hibernate: select u1_0.id,case when u1_1.user_id is not null then 1 when u1_2.user_id is not null then 2 when u1_0.id is not null then 0 end,u1_0.activation_token,u1_0.approval_status,u1_0.email,u1_0.email_verified,u1_0.nom,u1_0.password,u1_0.reset_password_token,u1_0.reset_password_token_expires_at,u1_0.role,u1_0.statut_compte,u1_1.adresse,u1_1.date_naissance,u1_1.description,u1_1.education_json,u1_1.experience,u1_1.facebook_url,u1_1.genre,u1_1.github_url,u1_1.instagram_url,u1_1.linkedin_url,u1_1.localisation,u1_1.num_telephone,u1_1.photo_couverture_nom,u1_1.photo_profil_nom,u1_1.poste_recherche,u1_1.profession,u1_1.skills_json,u1_2.departement,u1_2.entreprise_id,u1_2.fonction,u1_2.poste from users u1_0 left join candidates u1_1 on u1_0.id=u1_1.user_id left join recruiters u1_2 on u1_0.id=u1_2.user_id where u1_0.email=?
Hibernate: select u1_0.id,case when u1_1.user_id is not null then 1 when u1_2.user_id is not null then 2 when u1_0.id is not null then 0 end,u1_0.activation_token,u1_0.approval_status,u1_0.email,u1_0.email_verified,u1_0.nom,u1_0.password,u1_0.reset_password_token,u1_0.reset_password_token_expires_at,u1_0.role,u1_0.statut_compte,u1_1.adresse,u1_1.date_naissance,u1_1.description,u1_1.education_json,u1_1.experience,u1_1.facebook_url,u1_1.genre,u1_1.github_url,u1_1.instagram_url,u1_1.linkedin_url,u1_1.localisation,u1_1.num_telephone,u1_1.photo_couverture_nom,u1_1.photo_profil_nom,u1_1.poste_recherche,u1_1.profession,u1_1.skills_json,u1_2.departement,u1_2.entreprise_id,u1_2.fonction,u1_2.poste from users u1_0 left join candidates u1_1 on u1_0.id=u1_1.user_id left join recruiters u1_2 on u1_0.id=u1_2.user_id where u1_0.role=?
Hibernate: select u1_0.id,case when u1_1.user_id is not null then 1 when u1_2.user_id is not null then 2 when u1_0.id is not null then 0 end,u1_0.activation_token,u1_0.approval_status,u1_0.email,u1_0.email_verified,u1_0.nom,u1_0.password,u1_0.reset_password_token,u1_0.reset_password_token_expires_at,u1_0.role,u1_0.statut_compte,u1_1.adresse,u1_1.date_naissance,u1_1.description,u1_1.education_json,u1_1.experience,u1_1.facebook_url,u1_1.genre,u1_1.github_url,u1_1.instagram_url,u1_1.linkedin_url,u1_1.localisation,u1_1.num_telephone,u1_1.photo_couverture_nom,u1_1.photo_profil_nom,u1_1.poste_recherche,u1_1.profession,u1_1.skills_json,u1_2.departement,u1_2.entreprise_id,u1_2.fonction,u1_2.poste from users u1_0 left join candidates u1_1 on u1_0.id=u1_1.user_id left join recruiters u1_2 on u1_0.id=u1_2.user_id where u1_0.email=?
Hibernate: select u1_0.id,case when u1_1.user_id is not null then 1 when u1_2.user_id is not null then 2 when u1_0.id is not null then 0 end,u1_0.activation_token,u1_0.approval_status,u1_0.email,u1_0.email_verified,u1_0.nom,u1_0.password,u1_0.reset_password_token,u1_0.reset_password_token_expires_at,u1_0.role,u1_0.statut_compte,u1_1.adresse,u1_1.date_naissance,u1_1.description,u1_1.education_json,u1_1.experience,u1_1.facebook_url,u1_1.genre,u1_1.github_url,u1_1.instagram_url,u1_1.linkedin_url,u1_1.localisation,u1_1.num_telephone,u1_1.photo_couverture_nom,u1_1.photo_profil_nom,u1_1.poste_recherche,u1_1.profession,u1_1.skills_json,u1_2.departement,e1_0.id_entreprise,e1_0.abonnement_actif,e1_0.adresse,e1_0.description,e1_0.email,e1_0.nom_entreprise,e1_0.secteur,e1_0.site_web,u1_2.fonction,u1_2.poste from users u1_0 left join candidates u1_1 on u1_0.id=u1_1.user_id left join recruiters u1_2 on u1_0.id=u1_2.user_id left join entreprises e1_0 on e1_0.id_entreprise=u1_2.entreprise_id where u1_0.id=?
Hibernate: select n1_0.id,n1_0.date_envoi,n1_0.lue,n1_0.message,n1_0.user_id from notification n1_0 where n1_0.user_id=?
2026-04-08T22:12:15.433+01:00 ERROR 7788 --- [Recrutement] [nio-8081-exec-3] o.a.c.c.C.[.[.[/].[dispatcherServlet]    : Servlet.service() for servlet [dispatcherServlet] in context with path [] threw exception [Request processing failed: org.springframework.dao.InvalidDataAccessApiUsageException: No EntityManager with actual transaction available for current thread - cannot reliably process 'remove' call] with root cause

jakarta.persistence.TransactionRequiredException: No EntityManager with actual transaction available for current thread - cannot reliably process 'remove' call
	at org.springframework.orm.jpa.SharedEntityManagerCreator$SharedEntityManagerInvocationHandler.invoke(SharedEntityManagerCreator.java:301) ~[spring-orm-7.0.3.jar:7.0.3]
	at jdk.proxy2/jdk.proxy2.$Proxy134.remove(Unknown Source) ~[na:na]
	at org.springframework.data.jpa.repository.query.JpaQueryExecution$DeleteExecution.doExecute(JpaQueryExecution.java:419) ~[spring-data-jpa-4.0.2.jar:4.0.2]
	at org.springframework.data.jpa.repository.query.JpaQueryExecution.execute(JpaQueryExecution.java:99) ~[spring-data-jpa-4.0.2.jar:4.0.2]
	at org.springframework.data.jpa.repository.query.AbstractJpaQuery.doExecute(AbstractJpaQuery.java:164) ~[spring-data-jpa-4.0.2.jar:4.0.2]
	at org.springframework.data.jpa.repository.query.AbstractJpaQuery.execute(AbstractJpaQuery.java:154) ~[spring-data-jpa-4.0.2.jar:4.0.2]
	at org.springframework.data.repository.core.support.RepositoryMethodInvoker.doInvoke(RepositoryMethodInvoker.java:169) ~[spring-data-commons-4.0.2.jar:4.0.2]
	at org.springframework.data.repository.core.support.RepositoryMethodInvoker.invoke(RepositoryMethodInvoker.java:158) ~[spring-data-commons-4.0.2.jar:4.0.2]
	at org.springframework.data.repository.core.support.QueryExecutorMethodInterceptor.doInvoke(QueryExecutorMethodInterceptor.java:167) ~[spring-data-commons-4.0.2.jar:4.0.2]
	at org.springframework.data.repository.core.support.QueryExecutorMethodInterceptor.invoke(QueryExecutorMethodInterceptor.java:146) ~[spring-data-commons-4.0.2.jar:4.0.2]
	at org.springframework.aop.framework.ReflectiveMethodInvocation.proceed(ReflectiveMethodInvocation.java:179) ~[spring-aop-7.0.3.jar:7.0.3]
	at org.springframework.data.projection.DefaultMethodInvokingMethodInterceptor.invoke(DefaultMethodInvokingMethodInterceptor.java:69) ~[spring-data-commons-4.0.2.jar:4.0.2]
	at org.springframework.aop.framework.ReflectiveMethodInvocation.proceed(ReflectiveMethodInvocation.java:179) ~[spring-aop-7.0.3.jar:7.0.3]
	at org.springframework.transaction.interceptor.TransactionInterceptor$1.proceedWithInvocation(TransactionInterceptor.java:133) ~[spring-tx-7.0.3.jar:7.0.3]
	at org.springframework.transaction.interceptor.TransactionAspectSupport.invokeWithinTransaction(TransactionAspectSupport.java:371) ~[spring-tx-7.0.3.jar:7.0.3]
	at org.springframework.transaction.interceptor.TransactionInterceptor.invoke(TransactionInterceptor.java:130) ~[spring-tx-7.0.3.jar:7.0.3]
	at org.springframework.aop.framework.ReflectiveMethodInvocation.proceed(ReflectiveMethodInvocation.java:179) ~[spring-aop-7.0.3.jar:7.0.3]
	at org.springframework.dao.support.PersistenceExceptionTranslationInterceptor.invoke(PersistenceExceptionTranslationInterceptor.java:135) ~[spring-tx-7.0.3.jar:7.0.3]
	at org.springframework.aop.framework.ReflectiveMethodInvocation.proceed(ReflectiveMethodInvocation.java:179) ~[spring-aop-7.0.3.jar:7.0.3]
	at org.springframework.data.jpa.repository.support.CrudMethodMetadataPostProcessor$CrudMethodMetadataPopulatingMethodInterceptor.invoke(CrudMethodMetadataPostProcessor.java:137) ~[spring-data-jpa-4.0.2.jar:4.0.2]
	at org.springframework.aop.framework.ReflectiveMethodInvocation.proceed(ReflectiveMethodInvocation.java:179) ~[spring-aop-7.0.3.jar:7.0.3]
	at org.springframework.aop.framework.JdkDynamicAopProxy.invoke(JdkDynamicAopProxy.java:222) ~[spring-aop-7.0.3.jar:7.0.3]
	at jdk.proxy2/jdk.proxy2.$Proxy144.deleteByUser(Unknown Source) ~[na:na]
	at com.recrutement.recrutement.service.Impl.NotificationServiceImpl.clearNotificationsForUser(NotificationServiceImpl.java:103) ~[classes/:na]
	at com.recrutement.recrutement.service.Impl.AuthServiceImpl.deleteRecruiterAccount(AuthServiceImpl.java:455) ~[classes/:na]
	at com.recrutement.recrutement.controller.AdminController.deleteRecruiter(AdminController.java:45) ~[classes/:na]
	at java.base/jdk.internal.reflect.DirectMethodHandleAccessor.invoke(DirectMethodHandleAccessor.java:104) ~[na:na]
	at java.base/java.lang.reflect.Method.invoke(Method.java:565) ~[na:na]
	at org.springframework.web.method.support.InvocableHandlerMethod.doInvoke(InvocableHandlerMethod.java:258) ~[spring-web-7.0.3.jar:7.0.3]
	at org.springframework.web.method.support.InvocableHandlerMethod.invokeForRequest(InvocableHandlerMethod.java:190) ~[spring-web-7.0.3.jar:7.0.3]
	at org.springframework.web.servlet.mvc.method.annotation.ServletInvocableHandlerMethod.invokeAndHandle(ServletInvocableHandlerMethod.java:117) ~[spring-webmvc-7.0.3.jar:7.0.3]
	at org.springframework.web.servlet.mvc.method.annotation.RequestMappingHandlerAdapter.invokeHandlerMethod(RequestMappingHandlerAdapter.java:934) ~[spring-webmvc-7.0.3.jar:7.0.3]
	at org.springframework.web.servlet.mvc.method.annotation.RequestMappingHandlerAdapter.handleInternal(RequestMappingHandlerAdapter.java:853) ~[spring-webmvc-7.0.3.jar:7.0.3]
	at org.springframework.web.servlet.mvc.method.AbstractHandlerMethodAdapter.handle(AbstractHandlerMethodAdapter.java:86) ~[spring-webmvc-7.0.3.jar:7.0.3]
	at org.springframework.web.servlet.DispatcherServlet.doDispatch(DispatcherServlet.java:963) ~[spring-webmvc-7.0.3.jar:7.0.3]
	at org.springframework.web.servlet.DispatcherServlet.doService(DispatcherServlet.java:866) ~[spring-webmvc-7.0.3.jar:7.0.3]
	at org.springframework.web.servlet.FrameworkServlet.processRequest(FrameworkServlet.java:1003) ~[spring-webmvc-7.0.3.jar:7.0.3]
	at org.springframework.web.servlet.FrameworkServlet.doDelete(FrameworkServlet.java:925) ~[spring-webmvc-7.0.3.jar:7.0.3]
	at jakarta.servlet.http.HttpServlet.service(HttpServlet.java:651) ~[tomcat-embed-core-11.0.15.jar:6.1]
	at org.springframework.web.servlet.FrameworkServlet.service(FrameworkServlet.java:874) ~[spring-webmvc-7.0.3.jar:7.0.3]
	at jakarta.servlet.http.HttpServlet.service(HttpServlet.java:710) ~[tomcat-embed-core-11.0.15.jar:6.1]
	at org.apache.catalina.core.ApplicationFilterChain.doFilter(ApplicationFilterChain.java:128) ~[tomcat-embed-core-11.0.15.jar:11.0.15]
	at org.apache.tomcat.websocket.server.WsFilter.doFilter(WsFilter.java:53) ~[tomcat-embed-websocket-11.0.15.jar:11.0.15]
	at org.apache.catalina.core.ApplicationFilterChain.doFilter(ApplicationFilterChain.java:107) ~[tomcat-embed-core-11.0.15.jar:11.0.15]
	at org.springframework.web.filter.OncePerRequestFilter.doFilter(OncePerRequestFilter.java:110) ~[spring-web-7.0.3.jar:7.0.3]
	at org.apache.catalina.core.ApplicationFilterChain.doFilter(ApplicationFilterChain.java:107) ~[tomcat-embed-core-11.0.15.jar:11.0.15]
	at org.springframework.web.filter.CompositeFilter$VirtualFilterChain.doFilter(CompositeFilter.java:108) ~[spring-web-7.0.3.jar:7.0.3]
	at org.springframework.security.web.FilterChainProxy.lambda$doFilterInternal$3(FilterChainProxy.java:235) ~[spring-security-web-7.0.2.jar:7.0.2]
	at org.springframework.security.web.FilterChainProxy$VirtualFilterChain.doFilter(FilterChainProxy.java:371) ~[spring-security-web-7.0.2.jar:7.0.2]
	at org.springframework.security.web.access.intercept.AuthorizationFilter.doFilter(AuthorizationFilter.java:101) ~[spring-security-web-7.0.2.jar:7.0.2]
	at org.springframework.security.web.FilterChainProxy$VirtualFilterChain.doFilter(FilterChainProxy.java:380) ~[spring-security-web-7.0.2.jar:7.0.2]
	at org.springframework.security.web.access.ExceptionTranslationFilter.doFilter(ExceptionTranslationFilter.java:126) ~[spring-security-web-7.0.2.jar:7.0.2]
	at org.springframework.security.web.access.ExceptionTranslationFilter.doFilter(ExceptionTranslationFilter.java:120) ~[spring-security-web-7.0.2.jar:7.0.2]
	at org.springframework.security.web.FilterChainProxy$VirtualFilterChain.doFilter(FilterChainProxy.java:380) ~[spring-security-web-7.0.2.jar:7.0.2]
	at org.springframework.security.web.session.SessionManagementFilter.doFilter(SessionManagementFilter.java:132) ~[spring-security-web-7.0.2.jar:7.0.2]
	at org.springframework.security.web.session.SessionManagementFilter.doFilter(SessionManagementFilter.java:86) ~[spring-security-web-7.0.2.jar:7.0.2]
	at org.springframework.security.web.FilterChainProxy$VirtualFilterChain.doFilter(FilterChainProxy.java:380) ~[spring-security-web-7.0.2.jar:7.0.2]
	at org.springframework.security.web.authentication.AnonymousAuthenticationFilter.doFilter(AnonymousAuthenticationFilter.java:100) ~[spring-security-web-7.0.2.jar:7.0.2]
	at org.springframework.security.web.FilterChainProxy$VirtualFilterChain.doFilter(FilterChainProxy.java:380) ~[spring-security-web-7.0.2.jar:7.0.2]
	at org.springframework.security.web.servletapi.SecurityContextHolderAwareRequestFilter.doFilter(SecurityContextHolderAwareRequestFilter.java:181) ~[spring-security-web-7.0.2.jar:7.0.2]
	at org.springframework.security.web.FilterChainProxy$VirtualFilterChain.doFilter(FilterChainProxy.java:380) ~[spring-security-web-7.0.2.jar:7.0.2]
	at org.springframework.security.web.savedrequest.RequestCacheAwareFilter.doFilter(RequestCacheAwareFilter.java:63) ~[spring-security-web-7.0.2.jar:7.0.2]
	at org.springframework.security.web.FilterChainProxy$VirtualFilterChain.doFilter(FilterChainProxy.java:380) ~[spring-security-web-7.0.2.jar:7.0.2]
	at com.recrutement.recrutement.security.JwtAuthentificationFilter.doFilterInternal(JwtAuthentificationFilter.java:70) ~[classes/:na]
	at org.springframework.web.filter.OncePerRequestFilter.doFilter(OncePerRequestFilter.java:116) ~[spring-web-7.0.3.jar:7.0.3]
	at org.springframework.security.web.FilterChainProxy$VirtualFilterChain.doFilter(FilterChainProxy.java:380) ~[spring-security-web-7.0.2.jar:7.0.2]
	at org.springframework.security.web.authentication.logout.LogoutFilter.doFilter(LogoutFilter.java:110) ~[spring-security-web-7.0.2.jar:7.0.2]
	at org.springframework.security.web.authentication.logout.LogoutFilter.doFilter(LogoutFilter.java:96) ~[spring-security-web-7.0.2.jar:7.0.2]
	at org.springframework.security.web.FilterChainProxy$VirtualFilterChain.doFilter(FilterChainProxy.java:380) ~[spring-security-web-7.0.2.jar:7.0.2]
	at org.springframework.web.filter.CorsFilter.doFilterInternal(CorsFilter.java:91) ~[spring-web-7.0.3.jar:7.0.3]
	at org.springframework.web.filter.OncePerRequestFilter.doFilter(OncePerRequestFilter.java:116) ~[spring-web-7.0.3.jar:7.0.3]
	at org.springframework.security.web.FilterChainProxy$VirtualFilterChain.doFilter(FilterChainProxy.java:380) ~[spring-security-web-7.0.2.jar:7.0.2]
	at org.springframework.security.web.header.HeaderWriterFilter.doHeadersAfter(HeaderWriterFilter.java:90) ~[spring-security-web-7.0.2.jar:7.0.2]
	at org.springframework.security.web.header.HeaderWriterFilter.doFilterInternal(HeaderWriterFilter.java:75) ~[spring-security-web-7.0.2.jar:7.0.2]
	at org.springframework.web.filter.OncePerRequestFilter.doFilter(OncePerRequestFilter.java:116) ~[spring-web-7.0.3.jar:7.0.3]
	at org.springframework.security.web.FilterChainProxy$VirtualFilterChain.doFilter(FilterChainProxy.java:380) ~[spring-security-web-7.0.2.jar:7.0.2]
	at org.springframework.security.web.context.SecurityContextHolderFilter.doFilter(SecurityContextHolderFilter.java:82) ~[spring-security-web-7.0.2.jar:7.0.2]
	at org.springframework.security.web.context.SecurityContextHolderFilter.doFilter(SecurityContextHolderFilter.java:69) ~[spring-security-web-7.0.2.jar:7.0.2]
	at org.springframework.security.web.FilterChainProxy$VirtualFilterChain.doFilter(FilterChainProxy.java:380) ~[spring-security-web-7.0.2.jar:7.0.2]
	at org.springframework.security.web.context.request.async.WebAsyncManagerIntegrationFilter.doFilterInternal(WebAsyncManagerIntegrationFilter.java:62) ~[spring-security-web-7.0.2.jar:7.0.2]
	at org.springframework.web.filter.OncePerRequestFilter.doFilter(OncePerRequestFilter.java:116) ~[spring-web-7.0.3.jar:7.0.3]
	at org.springframework.security.web.FilterChainProxy$VirtualFilterChain.doFilter(FilterChainProxy.java:380) ~[spring-security-web-7.0.2.jar:7.0.2]
	at org.springframework.security.web.session.DisableEncodeUrlFilter.doFilterInternal(DisableEncodeUrlFilter.java:42) ~[spring-security-web-7.0.2.jar:7.0.2]
	at org.springframework.web.filter.OncePerRequestFilter.doFilter(OncePerRequestFilter.java:116) ~[spring-web-7.0.3.jar:7.0.3]
	at org.springframework.security.web.FilterChainProxy$VirtualFilterChain.doFilter(FilterChainProxy.java:380) ~[spring-security-web-7.0.2.jar:7.0.2]
	at org.springframework.security.web.FilterChainProxy.doFilterInternal(FilterChainProxy.java:237) ~[spring-security-web-7.0.2.jar:7.0.2]
	at org.springframework.security.web.FilterChainProxy.doFilter(FilterChainProxy.java:195) ~[spring-security-web-7.0.2.jar:7.0.2]
	at org.springframework.web.filter.CompositeFilter$VirtualFilterChain.doFilter(CompositeFilter.java:113) ~[spring-web-7.0.3.jar:7.0.3]
	at org.springframework.web.filter.ServletRequestPathFilter.doFilter(ServletRequestPathFilter.java:52) ~[spring-web-7.0.3.jar:7.0.3]
	at org.springframework.web.filter.CompositeFilter$VirtualFilterChain.doFilter(CompositeFilter.java:113) ~[spring-web-7.0.3.jar:7.0.3]
	at org.springframework.web.filter.CompositeFilter.doFilter(CompositeFilter.java:74) ~[spring-web-7.0.3.jar:7.0.3]
	at org.springframework.security.config.annotation.web.configuration.WebSecurityConfiguration$CompositeFilterChainProxy.doFilter(WebSecurityConfiguration.java:317) ~[spring-security-config-7.0.2.jar:7.0.2]
	at org.springframework.web.filter.DelegatingFilterProxy.invokeDelegate(DelegatingFilterProxy.java:355) ~[spring-web-7.0.3.jar:7.0.3]
	at org.springframework.web.filter.DelegatingFilterProxy.doFilter(DelegatingFilterProxy.java:272) ~[spring-web-7.0.3.jar:7.0.3]
	at org.apache.catalina.core.ApplicationFilterChain.doFilter(ApplicationFilterChain.java:107) ~[tomcat-embed-core-11.0.15.jar:11.0.15]
	at org.springframework.web.filter.RequestContextFilter.doFilterInternal(RequestContextFilter.java:100) ~[spring-web-7.0.3.jar:7.0.3]
	at org.springframework.web.filter.OncePerRequestFilter.doFilter(OncePerRequestFilter.java:116) ~[spring-web-7.0.3.jar:7.0.3]
	at org.apache.catalina.core.ApplicationFilterChain.doFilter(ApplicationFilterChain.java:107) ~[tomcat-embed-core-11.0.15.jar:11.0.15]
	at org.springframework.web.filter.FormContentFilter.doFilterInternal(FormContentFilter.java:93) ~[spring-web-7.0.3.jar:7.0.3]
	at org.springframework.web.filter.OncePerRequestFilter.doFilter(OncePerRequestFilter.java:116) ~[spring-web-7.0.3.jar:7.0.3]
	at org.apache.catalina.core.ApplicationFilterChain.doFilter(ApplicationFilterChain.java:107) ~[tomcat-embed-core-11.0.15.jar:11.0.15]
	at org.springframework.web.filter.CharacterEncodingFilter.doFilterInternal(CharacterEncodingFilter.java:199) ~[spring-web-7.0.3.jar:7.0.3]
	at org.springframework.web.filter.OncePerRequestFilter.doFilter(OncePerRequestFilter.java:116) ~[spring-web-7.0.3.jar:7.0.3]
	at org.apache.catalina.core.ApplicationFilterChain.doFilter(ApplicationFilterChain.java:107) ~[tomcat-embed-core-11.0.15.jar:11.0.15]
	at org.apache.catalina.core.StandardWrapperValve.invoke(StandardWrapperValve.java:165) ~[tomcat-embed-core-11.0.15.jar:11.0.15]
	at org.apache.catalina.core.StandardContextValve.invoke(StandardContextValve.java:77) ~[tomcat-embed-core-11.0.15.jar:11.0.15]
	at org.apache.catalina.authenticator.AuthenticatorBase.invoke(AuthenticatorBase.java:482) ~[tomcat-embed-core-11.0.15.jar:11.0.15]
	at org.apache.catalina.core.StandardHostValve.invoke(StandardHostValve.java:113) ~[tomcat-embed-core-11.0.15.jar:11.0.15]
	at org.apache.catalina.valves.ErrorReportValve.invoke(ErrorReportValve.java:83) ~[tomcat-embed-core-11.0.15.jar:11.0.15]
	at org.apache.catalina.core.StandardEngineValve.invoke(StandardEngineValve.java:72) ~[tomcat-embed-core-11.0.15.jar:11.0.15]
	at org.apache.catalina.connector.CoyoteAdapter.service(CoyoteAdapter.java:341) ~[tomcat-embed-core-11.0.15.jar:11.0.15]
	at org.apache.coyote.http11.Http11Processor.service(Http11Processor.java:397) ~[tomcat-embed-core-11.0.15.jar:11.0.15]
	at org.apache.coyote.AbstractProcessorLight.process(AbstractProcessorLight.java:63) ~[tomcat-embed-core-11.0.15.jar:11.0.15]
	at org.apache.coyote.AbstractProtocol$ConnectionHandler.process(AbstractProtocol.java:903) ~[tomcat-embed-core-11.0.15.jar:11.0.15]
	at org.apache.tomcat.util.net.NioEndpoint$SocketProcessor.doRun(NioEndpoint.java:1778) ~[tomcat-embed-core-11.0.15.jar:11.0.15]
	at org.apache.tomcat.util.net.SocketProcessorBase.run(SocketProcessorBase.java:52) ~[tomcat-embed-core-11.0.15.jar:11.0.15]
	at org.apache.tomcat.util.threads.ThreadPoolExecutor.runWorker(ThreadPoolExecutor.java:946) ~[tomcat-embed-core-11.0.15.jar:11.0.15]
	at org.apache.tomcat.util.threads.ThreadPoolExecutor$Worker.run(ThreadPoolExecutor.java:480) ~[tomcat-embed-core-11.0.15.jar:11.0.15]
	at org.apache.tomcat.util.threads.TaskThread$WrappingRunnable.run(TaskThread.java:57) ~[tomcat-embed-core-11.0.15.jar:11.0.15]
	at java.base/java.lang.Thread.run(Thread.java:1474) ~[na:na]

Hibernate: select u1_0.id,case when u1_1.user_id is not null then 1 when u1_2.user_id is not null then 2 when u1_0.id is not null then 0 end,u1_0.activation_token,u1_0.approval_status,u1_0.email,u1_0.email_verified,u1_0.nom,u1_0.password,u1_0.reset_password_token,u1_0.reset_password_token_expires_at,u1_0.role,u1_0.statut_compte,u1_1.adresse,u1_1.date_naissance,u1_1.description,u1_1.education_json,u1_1.experience,u1_1.facebook_url,u1_1.genre,u1_1.github_url,u1_1.instagram_url,u1_1.linkedin_url,u1_1.localisation,u1_1.num_telephone,u1_1.photo_couverture_nom,u1_1.photo_profil_nom,u1_1.poste_recherche,u1_1.profession,u1_1.skills_json,u1_2.departement,u1_2.entreprise_id,u1_2.fonction,u1_2.poste from users u1_0 left join candidates u1_1 on u1_0.id=u1_1.user_id left join recruiters u1_2 on u1_0.id=u1_2.user_id where u1_0.email=?
Hibernate: select u1_0.id,case when u1_1.user_id is not null then 1 when u1_2.user_id is not null then 2 when u1_0.id is not null then 0 end,u1_0.activation_token,u1_0.approval_status,u1_0.email,u1_0.email_verified,u1_0.nom,u1_0.password,u1_0.reset_password_token,u1_0.reset_password_token_expires_at,u1_0.role,u1_0.statut_compte,u1_1.adresse,u1_1.date_naissance,u1_1.description,u1_1.education_json,u1_1.experience,u1_1.facebook_url,u1_1.genre,u1_1.github_url,u1_1.instagram_url,u1_1.linkedin_url,u1_1.localisation,u1_1.num_telephone,u1_1.photo_couverture_nom,u1_1.photo_profil_nom,u1_1.poste_recherche,u1_1.profession,u1_1.skills_json,u1_2.departement,e1_0.id_entreprise,e1_0.abonnement_actif,e1_0.adresse,e1_0.description,e1_0.email,e1_0.nom_entreprise,e1_0.secteur,e1_0.site_web,u1_2.fonction,u1_2.poste from users u1_0 left join candidates u1_1 on u1_0.id=u1_1.user_id left join recruiters u1_2 on u1_0.id=u1_2.user_id left join entreprises e1_0 on e1_0.id_entreprise=u1_2.entreprise_id where u1_0.id=?
Hibernate: select n1_0.id,n1_0.date_envoi,n1_0.lue,n1_0.message,n1_0.user_id from notification n1_0 where n1_0.user_id=?
2026-04-08T22:12:32.646+01:00 ERROR 7788 --- [Recrutement] [nio-8081-exec-4] o.a.c.c.C.[.[.[/].[dispatcherServlet]    : Servlet.service() for servlet [dispatcherServlet] in context with path [] threw exception [Request processing failed: org.springframework.dao.InvalidDataAccessApiUsageException: No EntityManager with actual transaction available for current thread - cannot reliably process 'remove' call] with root cause

jakarta.persistence.TransactionRequiredException: No EntityManager with actual transaction available for current thread - cannot reliably process 'remove' call
	at org.springframework.orm.jpa.SharedEntityManagerCreator$SharedEntityManagerInvocationHandler.invoke(SharedEntityManagerCreator.java:301) ~[spring-orm-7.0.3.jar:7.0.3]
	at jdk.proxy2/jdk.proxy2.$Proxy134.remove(Unknown Source) ~[na:na]
	at org.springframework.data.jpa.repository.query.JpaQueryExecution$DeleteExecution.doExecute(JpaQueryExecution.java:419) ~[spring-data-jpa-4.0.2.jar:4.0.2]
	at org.springframework.data.jpa.repository.query.JpaQueryExecution.execute(JpaQueryExecution.java:99) ~[spring-data-jpa-4.0.2.jar:4.0.2]
	at org.springframework.data.jpa.repository.query.AbstractJpaQuery.doExecute(AbstractJpaQuery.java:164) ~[spring-data-jpa-4.0.2.jar:4.0.2]
	at org.springframework.data.jpa.repository.query.AbstractJpaQuery.execute(AbstractJpaQuery.java:154) ~[spring-data-jpa-4.0.2.jar:4.0.2]
	at org.springframework.data.repository.core.support.RepositoryMethodInvoker.doInvoke(RepositoryMethodInvoker.java:169) ~[spring-data-commons-4.0.2.jar:4.0.2]
	at org.springframework.data.repository.core.support.RepositoryMethodInvoker.invoke(RepositoryMethodInvoker.java:158) ~[spring-data-commons-4.0.2.jar:4.0.2]
	at org.springframework.data.repository.core.support.QueryExecutorMethodInterceptor.doInvoke(QueryExecutorMethodInterceptor.java:167) ~[spring-data-commons-4.0.2.jar:4.0.2]
	at org.springframework.data.repository.core.support.QueryExecutorMethodInterceptor.invoke(QueryExecutorMethodInterceptor.java:146) ~[spring-data-commons-4.0.2.jar:4.0.2]
	at org.springframework.aop.framework.ReflectiveMethodInvocation.proceed(ReflectiveMethodInvocation.java:179) ~[spring-aop-7.0.3.jar:7.0.3]
	at org.springframework.data.projection.DefaultMethodInvokingMethodInterceptor.invoke(DefaultMethodInvokingMethodInterceptor.java:69) ~[spring-data-commons-4.0.2.jar:4.0.2]
	at org.springframework.aop.framework.ReflectiveMethodInvocation.proceed(ReflectiveMethodInvocation.java:179) ~[spring-aop-7.0.3.jar:7.0.3]
	at org.springframework.transaction.interceptor.TransactionInterceptor$1.proceedWithInvocation(TransactionInterceptor.java:133) ~[spring-tx-7.0.3.jar:7.0.3]
	at org.springframework.transaction.interceptor.TransactionAspectSupport.invokeWithinTransaction(TransactionAspectSupport.java:371) ~[spring-tx-7.0.3.jar:7.0.3]
	at org.springframework.transaction.interceptor.TransactionInterceptor.invoke(TransactionInterceptor.java:130) ~[spring-tx-7.0.3.jar:7.0.3]
	at org.springframework.aop.framework.ReflectiveMethodInvocation.proceed(ReflectiveMethodInvocation.java:179) ~[spring-aop-7.0.3.jar:7.0.3]
	at org.springframework.dao.support.PersistenceExceptionTranslationInterceptor.invoke(PersistenceExceptionTranslationInterceptor.java:135) ~[spring-tx-7.0.3.jar:7.0.3]
	at org.springframework.aop.framework.ReflectiveMethodInvocation.proceed(ReflectiveMethodInvocation.java:179) ~[spring-aop-7.0.3.jar:7.0.3]
	at org.springframework.data.jpa.repository.support.CrudMethodMetadataPostProcessor$CrudMethodMetadataPopulatingMethodInterceptor.invoke(CrudMethodMetadataPostProcessor.java:137) ~[spring-data-jpa-4.0.2.jar:4.0.2]
	at org.springframework.aop.framework.ReflectiveMethodInvocation.proceed(ReflectiveMethodInvocation.java:179) ~[spring-aop-7.0.3.jar:7.0.3]
	at org.springframework.aop.framework.JdkDynamicAopProxy.invoke(JdkDynamicAopProxy.java:222) ~[spring-aop-7.0.3.jar:7.0.3]
	at jdk.proxy2/jdk.proxy2.$Proxy144.deleteByUser(Unknown Source) ~[na:na]
	at com.recrutement.recrutement.service.Impl.NotificationServiceImpl.clearNotificationsForUser(NotificationServiceImpl.java:103) ~[classes/:na]
	at com.recrutement.recrutement.service.Impl.AuthServiceImpl.deleteRecruiterAccount(AuthServiceImpl.java:455) ~[classes/:na]
	at com.recrutement.recrutement.controller.AdminController.deleteRecruiter(AdminController.java:45) ~[classes/:na]
	at java.base/jdk.internal.reflect.DirectMethodHandleAccessor.invoke(DirectMethodHandleAccessor.java:104) ~[na:na]
	at java.base/java.lang.reflect.Method.invoke(Method.java:565) ~[na:na]
	at org.springframework.web.method.support.InvocableHandlerMethod.doInvoke(InvocableHandlerMethod.java:258) ~[spring-web-7.0.3.jar:7.0.3]
	at org.springframework.web.method.support.InvocableHandlerMethod.invokeForRequest(InvocableHandlerMethod.java:190) ~[spring-web-7.0.3.jar:7.0.3]
	at org.springframework.web.servlet.mvc.method.annotation.ServletInvocableHandlerMethod.invokeAndHandle(ServletInvocableHandlerMethod.java:117) ~[spring-webmvc-7.0.3.jar:7.0.3]
	at org.springframework.web.servlet.mvc.method.annotation.RequestMappingHandlerAdapter.invokeHandlerMethod(RequestMappingHandlerAdapter.java:934) ~[spring-webmvc-7.0.3.jar:7.0.3]
	at org.springframework.web.servlet.mvc.method.annotation.RequestMappingHandlerAdapter.handleInternal(RequestMappingHandlerAdapter.java:853) ~[spring-webmvc-7.0.3.jar:7.0.3]
	at org.springframework.web.servlet.mvc.method.AbstractHandlerMethodAdapter.handle(AbstractHandlerMethodAdapter.java:86) ~[spring-webmvc-7.0.3.jar:7.0.3]
	at org.springframework.web.servlet.DispatcherServlet.doDispatch(DispatcherServlet.java:963) ~[spring-webmvc-7.0.3.jar:7.0.3]
	at org.springframework.web.servlet.DispatcherServlet.doService(DispatcherServlet.java:866) ~[spring-webmvc-7.0.3.jar:7.0.3]
	at org.springframework.web.servlet.FrameworkServlet.processRequest(FrameworkServlet.java:1003) ~[spring-webmvc-7.0.3.jar:7.0.3]
	at org.springframework.web.servlet.FrameworkServlet.doDelete(FrameworkServlet.java:925) ~[spring-webmvc-7.0.3.jar:7.0.3]
	at jakarta.servlet.http.HttpServlet.service(HttpServlet.java:651) ~[tomcat-embed-core-11.0.15.jar:6.1]
	at org.springframework.web.servlet.FrameworkServlet.service(FrameworkServlet.java:874) ~[spring-webmvc-7.0.3.jar:7.0.3]
	at jakarta.servlet.http.HttpServlet.service(HttpServlet.java:710) ~[tomcat-embed-core-11.0.15.jar:6.1]
	at org.apache.catalina.core.ApplicationFilterChain.doFilter(ApplicationFilterChain.java:128) ~[tomcat-embed-core-11.0.15.jar:11.0.15]
	at org.apache.tomcat.websocket.server.WsFilter.doFilter(WsFilter.java:53) ~[tomcat-embed-websocket-11.0.15.jar:11.0.15]
	at org.apache.catalina.core.ApplicationFilterChain.doFilter(ApplicationFilterChain.java:107) ~[tomcat-embed-core-11.0.15.jar:11.0.15]
	at org.springframework.web.filter.OncePerRequestFilter.doFilter(OncePerRequestFilter.java:110) ~[spring-web-7.0.3.jar:7.0.3]
	at org.apache.catalina.core.ApplicationFilterChain.doFilter(ApplicationFilterChain.java:107) ~[tomcat-embed-core-11.0.15.jar:11.0.15]
	at org.springframework.web.filter.CompositeFilter$VirtualFilterChain.doFilter(CompositeFilter.java:108) ~[spring-web-7.0.3.jar:7.0.3]
	at org.springframework.security.web.FilterChainProxy.lambda$doFilterInternal$3(FilterChainProxy.java:235) ~[spring-security-web-7.0.2.jar:7.0.2]
	at org.springframework.security.web.FilterChainProxy$VirtualFilterChain.doFilter(FilterChainProxy.java:371) ~[spring-security-web-7.0.2.jar:7.0.2]
	at org.springframework.security.web.access.intercept.AuthorizationFilter.doFilter(AuthorizationFilter.java:101) ~[spring-security-web-7.0.2.jar:7.0.2]
	at org.springframework.security.web.FilterChainProxy$VirtualFilterChain.doFilter(FilterChainProxy.java:380) ~[spring-security-web-7.0.2.jar:7.0.2]
	at org.springframework.security.web.access.ExceptionTranslationFilter.doFilter(ExceptionTranslationFilter.java:126) ~[spring-security-web-7.0.2.jar:7.0.2]
	at org.springframework.security.web.access.ExceptionTranslationFilter.doFilter(ExceptionTranslationFilter.java:120) ~[spring-security-web-7.0.2.jar:7.0.2]
	at org.springframework.security.web.FilterChainProxy$VirtualFilterChain.doFilter(FilterChainProxy.java:380) ~[spring-security-web-7.0.2.jar:7.0.2]
	at org.springframework.security.web.session.SessionManagementFilter.doFilter(SessionManagementFilter.java:132) ~[spring-security-web-7.0.2.jar:7.0.2]
	at org.springframework.security.web.session.SessionManagementFilter.doFilter(SessionManagementFilter.java:86) ~[spring-security-web-7.0.2.jar:7.0.2]
	at org.springframework.security.web.FilterChainProxy$VirtualFilterChain.doFilter(FilterChainProxy.java:380) ~[spring-security-web-7.0.2.jar:7.0.2]
	at org.springframework.security.web.authentication.AnonymousAuthenticationFilter.doFilter(AnonymousAuthenticationFilter.java:100) ~[spring-security-web-7.0.2.jar:7.0.2]
	at org.springframework.security.web.FilterChainProxy$VirtualFilterChain.doFilter(FilterChainProxy.java:380) ~[spring-security-web-7.0.2.jar:7.0.2]
	at org.springframework.security.web.servletapi.SecurityContextHolderAwareRequestFilter.doFilter(SecurityContextHolderAwareRequestFilter.java:181) ~[spring-security-web-7.0.2.jar:7.0.2]
	at org.springframework.security.web.FilterChainProxy$VirtualFilterChain.doFilter(FilterChainProxy.java:380) ~[spring-security-web-7.0.2.jar:7.0.2]
	at org.springframework.security.web.savedrequest.RequestCacheAwareFilter.doFilter(RequestCacheAwareFilter.java:63) ~[spring-security-web-7.0.2.jar:7.0.2]
	at org.springframework.security.web.FilterChainProxy$VirtualFilterChain.doFilter(FilterChainProxy.java:380) ~[spring-security-web-7.0.2.jar:7.0.2]
	at com.recrutement.recrutement.security.JwtAuthentificationFilter.doFilterInternal(JwtAuthentificationFilter.java:70) ~[classes/:na]
	at org.springframework.web.filter.OncePerRequestFilter.doFilter(OncePerRequestFilter.java:116) ~[spring-web-7.0.3.jar:7.0.3]
	at org.springframework.security.web.FilterChainProxy$VirtualFilterChain.doFilter(FilterChainProxy.java:380) ~[spring-security-web-7.0.2.jar:7.0.2]
	at org.springframework.security.web.authentication.logout.LogoutFilter.doFilter(LogoutFilter.java:110) ~[spring-security-web-7.0.2.jar:7.0.2]
	at org.springframework.security.web.authentication.logout.LogoutFilter.doFilter(LogoutFilter.java:96) ~[spring-security-web-7.0.2.jar:7.0.2]
	at org.springframework.security.web.FilterChainProxy$VirtualFilterChain.doFilter(FilterChainProxy.java:380) ~[spring-security-web-7.0.2.jar:7.0.2]
	at org.springframework.web.filter.CorsFilter.doFilterInternal(CorsFilter.java:91) ~[spring-web-7.0.3.jar:7.0.3]
	at org.springframework.web.filter.OncePerRequestFilter.doFilter(OncePerRequestFilter.java:116) ~[spring-web-7.0.3.jar:7.0.3]
	at org.springframework.security.web.FilterChainProxy$VirtualFilterChain.doFilter(FilterChainProxy.java:380) ~[spring-security-web-7.0.2.jar:7.0.2]
	at org.springframework.security.web.header.HeaderWriterFilter.doHeadersAfter(HeaderWriterFilter.java:90) ~[spring-security-web-7.0.2.jar:7.0.2]
	at org.springframework.security.web.header.HeaderWriterFilter.doFilterInternal(HeaderWriterFilter.java:75) ~[spring-security-web-7.0.2.jar:7.0.2]
	at org.springframework.web.filter.OncePerRequestFilter.doFilter(OncePerRequestFilter.java:116) ~[spring-web-7.0.3.jar:7.0.3]
	at org.springframework.security.web.FilterChainProxy$VirtualFilterChain.doFilter(FilterChainProxy.java:380) ~[spring-security-web-7.0.2.jar:7.0.2]
	at org.springframework.security.web.context.SecurityContextHolderFilter.doFilter(SecurityContextHolderFilter.java:82) ~[spring-security-web-7.0.2.jar:7.0.2]
	at org.springframework.security.web.context.SecurityContextHolderFilter.doFilter(SecurityContextHolderFilter.java:69) ~[spring-security-web-7.0.2.jar:7.0.2]
	at org.springframework.security.web.FilterChainProxy$VirtualFilterChain.doFilter(FilterChainProxy.java:380) ~[spring-security-web-7.0.2.jar:7.0.2]
	at org.springframework.security.web.context.request.async.WebAsyncManagerIntegrationFilter.doFilterInternal(WebAsyncManagerIntegrationFilter.java:62) ~[spring-security-web-7.0.2.jar:7.0.2]
	at org.springframework.web.filter.OncePerRequestFilter.doFilter(OncePerRequestFilter.java:116) ~[spring-web-7.0.3.jar:7.0.3]
	at org.springframework.security.web.FilterChainProxy$VirtualFilterChain.doFilter(FilterChainProxy.java:380) ~[spring-security-web-7.0.2.jar:7.0.2]
	at org.springframework.security.web.session.DisableEncodeUrlFilter.doFilterInternal(DisableEncodeUrlFilter.java:42) ~[spring-security-web-7.0.2.jar:7.0.2]
	at org.springframework.web.filter.OncePerRequestFilter.doFilter(OncePerRequestFilter.java:116) ~[spring-web-7.0.3.jar:7.0.3]
	at org.springframework.security.web.FilterChainProxy$VirtualFilterChain.doFilter(FilterChainProxy.java:380) ~[spring-security-web-7.0.2.jar:7.0.2]
	at org.springframework.security.web.FilterChainProxy.doFilterInternal(FilterChainProxy.java:237) ~[spring-security-web-7.0.2.jar:7.0.2]
	at org.springframework.security.web.FilterChainProxy.doFilter(FilterChainProxy.java:195) ~[spring-security-web-7.0.2.jar:7.0.2]
	at org.springframework.web.filter.CompositeFilter$VirtualFilterChain.doFilter(CompositeFilter.java:113) ~[spring-web-7.0.3.jar:7.0.3]
	at org.springframework.web.filter.ServletRequestPathFilter.doFilter(ServletRequestPathFilter.java:52) ~[spring-web-7.0.3.jar:7.0.3]
	at org.springframework.web.filter.CompositeFilter$VirtualFilterChain.doFilter(CompositeFilter.java:113) ~[spring-web-7.0.3.jar:7.0.3]
	at org.springframework.web.filter.CompositeFilter.doFilter(CompositeFilter.java:74) ~[spring-web-7.0.3.jar:7.0.3]
	at org.springframework.security.config.annotation.web.configuration.WebSecurityConfiguration$CompositeFilterChainProxy.doFilter(WebSecurityConfiguration.java:317) ~[spring-security-config-7.0.2.jar:7.0.2]
	at org.springframework.web.filter.DelegatingFilterProxy.invokeDelegate(DelegatingFilterProxy.java:355) ~[spring-web-7.0.3.jar:7.0.3]
	at org.springframework.web.filter.DelegatingFilterProxy.doFilter(DelegatingFilterProxy.java:272) ~[spring-web-7.0.3.jar:7.0.3]
	at org.apache.catalina.core.ApplicationFilterChain.doFilter(ApplicationFilterChain.java:107) ~[tomcat-embed-core-11.0.15.jar:11.0.15]
	at org.springframework.web.filter.RequestContextFilter.doFilterInternal(RequestContextFilter.java:100) ~[spring-web-7.0.3.jar:7.0.3]
	at org.springframework.web.filter.OncePerRequestFilter.doFilter(OncePerRequestFilter.java:116) ~[spring-web-7.0.3.jar:7.0.3]
	at org.apache.catalina.core.ApplicationFilterChain.doFilter(ApplicationFilterChain.java:107) ~[tomcat-embed-core-11.0.15.jar:11.0.15]
	at org.springframework.web.filter.FormContentFilter.doFilterInternal(FormContentFilter.java:93) ~[spring-web-7.0.3.jar:7.0.3]
	at org.springframework.web.filter.OncePerRequestFilter.doFilter(OncePerRequestFilter.java:116) ~[spring-web-7.0.3.jar:7.0.3]
	at org.apache.catalina.core.ApplicationFilterChain.doFilter(ApplicationFilterChain.java:107) ~[tomcat-embed-core-11.0.15.jar:11.0.15]
	at org.springframework.web.filter.CharacterEncodingFilter.doFilterInternal(CharacterEncodingFilter.java:199) ~[spring-web-7.0.3.jar:7.0.3]
	at org.springframework.web.filter.OncePerRequestFilter.doFilter(OncePerRequestFilter.java:116) ~[spring-web-7.0.3.jar:7.0.3]
	at org.apache.catalina.core.ApplicationFilterChain.doFilter(ApplicationFilterChain.java:107) ~[tomcat-embed-core-11.0.15.jar:11.0.15]
	at org.apache.catalina.core.StandardWrapperValve.invoke(StandardWrapperValve.java:165) ~[tomcat-embed-core-11.0.15.jar:11.0.15]
	at org.apache.catalina.core.StandardContextValve.invoke(StandardContextValve.java:77) ~[tomcat-embed-core-11.0.15.jar:11.0.15]
	at org.apache.catalina.authenticator.AuthenticatorBase.invoke(AuthenticatorBase.java:482) ~[tomcat-embed-core-11.0.15.jar:11.0.15]
	at org.apache.catalina.core.StandardHostValve.invoke(StandardHostValve.java:113) ~[tomcat-embed-core-11.0.15.jar:11.0.15]
	at org.apache.catalina.valves.ErrorReportValve.invoke(ErrorReportValve.java:83) ~[tomcat-embed-core-11.0.15.jar:11.0.15]
	at org.apache.catalina.core.StandardEngineValve.invoke(StandardEngineValve.java:72) ~[tomcat-embed-core-11.0.15.jar:11.0.15]
	at org.apache.catalina.connector.CoyoteAdapter.service(CoyoteAdapter.java:341) ~[tomcat-embed-core-11.0.15.jar:11.0.15]
	at org.apache.coyote.http11.Http11Processor.service(Http11Processor.java:397) ~[tomcat-embed-core-11.0.15.jar:11.0.15]
	at org.apache.coyote.AbstractProcessorLight.process(AbstractProcessorLight.java:63) ~[tomcat-embed-core-11.0.15.jar:11.0.15]
	at org.apache.coyote.AbstractProtocol$ConnectionHandler.process(AbstractProtocol.java:903) ~[tomcat-embed-core-11.0.15.jar:11.0.15]
	at org.apache.tomcat.util.net.NioEndpoint$SocketProcessor.doRun(NioEndpoint.java:1778) ~[tomcat-embed-core-11.0.15.jar:11.0.15]
	at org.apache.tomcat.util.net.SocketProcessorBase.run(SocketProcessorBase.java:52) ~[tomcat-embed-core-11.0.15.jar:11.0.15]
	at org.apache.tomcat.util.threads.ThreadPoolExecutor.runWorker(ThreadPoolExecutor.java:946) ~[tomcat-embed-core-11.0.15.jar:11.0.15]
	at org.apache.tomcat.util.threads.ThreadPoolExecutor$Worker.run(ThreadPoolExecutor.java:480) ~[tomcat-embed-core-11.0.15.jar:11.0.15]
	at org.apache.tomcat.util.threads.TaskThread$WrappingRunnable.run(TaskThread.java:57) ~[tomcat-embed-core-11.0.15.jar:11.0.15]
	at java.base/java.lang.Thread.run(Thread.java:1474) ~[na:na]

Hibernate: select u1_0.id,case when u1_1.user_id is not null then 1 when u1_2.user_id is not null then 2 when u1_0.id is not null then 0 end,u1_0.activation_token,u1_0.approval_status,u1_0.email,u1_0.email_verified,u1_0.nom,u1_0.password,u1_0.reset_password_token,u1_0.reset_password_token_expires_at,u1_0.role,u1_0.statut_compte,u1_1.adresse,u1_1.date_naissance,u1_1.description,u1_1.education_json,u1_1.experience,u1_1.facebook_url,u1_1.genre,u1_1.github_url,u1_1.instagram_url,u1_1.linkedin_url,u1_1.localisation,u1_1.num_telephone,u1_1.photo_couverture_nom,u1_1.photo_profil_nom,u1_1.poste_recherche,u1_1.profession,u1_1.skills_json,u1_2.departement,u1_2.entreprise_id,u1_2.fonction,u1_2.poste from users u1_0 left join candidates u1_1 on u1_0.id=u1_1.user_id left join recruiters u1_2 on u1_0.id=u1_2.user_id where u1_0.email=?
Hibernate: select u1_0.id,case when u1_1.user_id is not null then 1 when u1_2.user_id is not null then 2 when u1_0.id is not null then 0 end,u1_0.activation_token,u1_0.approval_status,u1_0.email,u1_0.email_verified,u1_0.nom,u1_0.password,u1_0.reset_password_token,u1_0.reset_password_token_expires_at,u1_0.role,u1_0.statut_compte,u1_1.adresse,u1_1.date_naissance,u1_1.description,u1_1.education_json,u1_1.experience,u1_1.facebook_url,u1_1.genre,u1_1.github_url,u1_1.instagram_url,u1_1.linkedin_url,u1_1.localisation,u1_1.num_telephone,u1_1.photo_couverture_nom,u1_1.photo_profil_nom,u1_1.poste_recherche,u1_1.profession,u1_1.skills_json,u1_2.departement,u1_2.entreprise_id,u1_2.fonction,u1_2.poste from users u1_0 left join candidates u1_1 on u1_0.id=u1_1.user_id left join recruiters u1_2 on u1_0.id=u1_2.user_id where u1_0.role=?
Hibernate: select u1_0.id,case when u1_1.user_id is not null then 1 when u1_2.user_id is not null then 2 when u1_0.id is not null then 0 end,u1_0.activation_token,u1_0.approval_status,u1_0.email,u1_0.email_verified,u1_0.nom,u1_0.password,u1_0.reset_password_token,u1_0.reset_password_token_expires_at,u1_0.role,u1_0.statut_compte,u1_1.adresse,u1_1.date_naissance,u1_1.description,u1_1.education_json,u1_1.experience,u1_1.facebook_url,u1_1.genre,u1_1.github_url,u1_1.instagram_url,u1_1.linkedin_url,u1_1.localisation,u1_1.num_telephone,u1_1.photo_couverture_nom,u1_1.photo_profil_nom,u1_1.poste_recherche,u1_1.profession,u1_1.skills_json,u1_2.departement,u1_2.entreprise_id,u1_2.fonction,u1_2.poste from users u1_0 left join candidates u1_1 on u1_0.id=u1_1.user_id left join recruiters u1_2 on u1_0.id=u1_2.user_id where u1_0.email=?
Hibernate: select u1_0.id,case when u1_1.user_id is not null then 1 when u1_2.user_id is not null then 2 when u1_0.id is not null then 0 end,u1_0.activation_token,u1_0.approval_status,u1_0.email,u1_0.email_verified,u1_0.nom,u1_0.password,u1_0.reset_password_token,u1_0.reset_password_token_expires_at,u1_0.role,u1_0.statut_compte,u1_1.adresse,u1_1.date_naissance,u1_1.description,u1_1.education_json,u1_1.experience,u1_1.facebook_url,u1_1.genre,u1_1.github_url,u1_1.instagram_url,u1_1.linkedin_url,u1_1.localisation,u1_1.num_telephone,u1_1.photo_couverture_nom,u1_1.photo_profil_nom,u1_1.poste_recherche,u1_1.profession,u1_1.skills_json,u1_2.departement,e1_0.id_entreprise,e1_0.abonnement_actif,e1_0.adresse,e1_0.description,e1_0.email,e1_0.nom_entreprise,e1_0.secteur,e1_0.site_web,u1_2.fonction,u1_2.poste from users u1_0 left join candidates u1_1 on u1_0.id=u1_1.user_id left join recruiters u1_2 on u1_0.id=u1_2.user_id left join entreprises e1_0 on e1_0.id_entreprise=u1_2.entreprise_id where u1_0.id=?
Hibernate: update users set activation_token=?,approval_status=?,email=?,email_verified=?,nom=?,password=?,reset_password_token=?,reset_password_token_expires_at=?,role=?,statut_compte=? where id=?
Hibernate: insert into notification (date_envoi,lue,message,user_id) values (?,?,?,?)
2026-04-08T22:12:53.269+01:00  INFO 7788 --- [Recrutement] [nio-8081-exec-9] c.r.r.service.Impl.EmailServiceImpl      : Email d'approbation recruteur envoye a: recruiter.reject.test@example.com
Hibernate: select u1_0.id,case when u1_1.user_id is not null then 1 when u1_2.user_id is not null then 2 when u1_0.id is not null then 0 end,u1_0.activation_token,u1_0.approval_status,u1_0.email,u1_0.email_verified,u1_0.nom,u1_0.password,u1_0.reset_password_token,u1_0.reset_password_token_expires_at,u1_0.role,u1_0.statut_compte,u1_1.adresse,u1_1.date_naissance,u1_1.description,u1_1.education_json,u1_1.experience,u1_1.facebook_url,u1_1.genre,u1_1.github_url,u1_1.instagram_url,u1_1.linkedin_url,u1_1.localisation,u1_1.num_telephone,u1_1.photo_couverture_nom,u1_1.photo_profil_nom,u1_1.poste_recherche,u1_1.profession,u1_1.skills_json,u1_2.departement,u1_2.entreprise_id,u1_2.fonction,u1_2.poste from users u1_0 left join candidates u1_1 on u1_0.id=u1_1.user_id left join recruiters u1_2 on u1_0.id=u1_2.user_id where u1_0.email=?
Hibernate: select u1_0.id,case when u1_1.user_id is not null then 1 when u1_2.user_id is not null then 2 when u1_0.id is not null then 0 end,u1_0.activation_token,u1_0.approval_status,u1_0.email,u1_0.email_verified,u1_0.nom,u1_0.password,u1_0.reset_password_token,u1_0.reset_password_token_expires_at,u1_0.role,u1_0.statut_compte,u1_1.adresse,u1_1.date_naissance,u1_1.description,u1_1.education_json,u1_1.experience,u1_1.facebook_url,u1_1.genre,u1_1.github_url,u1_1.instagram_url,u1_1.linkedin_url,u1_1.localisation,u1_1.num_telephone,u1_1.photo_couverture_nom,u1_1.photo_profil_nom,u1_1.poste_recherche,u1_1.profession,u1_1.skills_json,u1_2.departement,e1_0.id_entreprise,e1_0.abonnement_actif,e1_0.adresse,e1_0.description,e1_0.email,e1_0.nom_entreprise,e1_0.secteur,e1_0.site_web,u1_2.fonction,u1_2.poste from users u1_0 left join candidates u1_1 on u1_0.id=u1_1.user_id left join recruiters u1_2 on u1_0.id=u1_2.user_id left join entreprises e1_0 on e1_0.id_entreprise=u1_2.entreprise_id where u1_0.id=?
Hibernate: update users set activation_token=?,approval_status=?,email=?,email_verified=?,nom=?,password=?,reset_password_token=?,reset_password_token_expires_at=?,role=?,statut_compte=? where id=?
Hibernate: insert into notification (date_envoi,lue,message,user_id) values (?,?,?,?)
2026-04-08T22:12:58.570+01:00  INFO 7788 --- [Recrutement] [nio-8081-exec-1] c.r.r.service.Impl.EmailServiceImpl      : Email d'approbation recruteur envoye a: recruiter.approve.test@example.com
Hibernate: select u1_0.id,case when u1_1.user_id is not null then 1 when u1_2.user_id is not null then 2 when u1_0.id is not null then 0 end,u1_0.activation_token,u1_0.approval_status,u1_0.email,u1_0.email_verified,u1_0.nom,u1_0.password,u1_0.reset_password_token,u1_0.reset_password_token_expires_at,u1_0.role,u1_0.statut_compte,u1_1.adresse,u1_1.date_naissance,u1_1.description,u1_1.education_json,u1_1.experience,u1_1.facebook_url,u1_1.genre,u1_1.github_url,u1_1.instagram_url,u1_1.linkedin_url,u1_1.localisation,u1_1.num_telephone,u1_1.photo_couverture_nom,u1_1.photo_profil_nom,u1_1.poste_recherche,u1_1.profession,u1_1.skills_json,u1_2.departement,u1_2.entreprise_id,u1_2.fonction,u1_2.poste from users u1_0 left join candidates u1_1 on u1_0.id=u1_1.user_id left join recruiters u1_2 on u1_0.id=u1_2.user_id where u1_0.email=?
Hibernate: select u1_0.id,case when u1_1.user_id is not null then 1 when u1_2.user_id is not null then 2 when u1_0.id is not null then 0 end,u1_0.activation_token,u1_0.approval_status,u1_0.email,u1_0.email_verified,u1_0.nom,u1_0.password,u1_0.reset_password_token,u1_0.reset_password_token_expires_at,u1_0.role,u1_0.statut_compte,u1_1.adresse,u1_1.date_naissance,u1_1.description,u1_1.education_json,u1_1.experience,u1_1.facebook_url,u1_1.genre,u1_1.github_url,u1_1.instagram_url,u1_1.linkedin_url,u1_1.localisation,u1_1.num_telephone,u1_1.photo_couverture_nom,u1_1.photo_profil_nom,u1_1.poste_recherche,u1_1.profession,u1_1.skills_json,u1_2.departement,e1_0.id_entreprise,e1_0.abonnement_actif,e1_0.adresse,e1_0.description,e1_0.email,e1_0.nom_entreprise,e1_0.secteur,e1_0.site_web,u1_2.fonction,u1_2.poste from users u1_0 left join candidates u1_1 on u1_0.id=u1_1.user_id left join recruiters u1_2 on u1_0.id=u1_2.user_id left join entreprises e1_0 on e1_0.id_entreprise=u1_2.entreprise_id where u1_0.id=?
Hibernate: select n1_0.id,n1_0.date_envoi,n1_0.lue,n1_0.message,n1_0.user_id from notification n1_0 where n1_0.user_id=?
2026-04-08T22:13:05.602+01:00 ERROR 7788 --- [Recrutement] [nio-8081-exec-3] o.a.c.c.C.[.[.[/].[dispatcherServlet]    : Servlet.service() for servlet [dispatcherServlet] in context with path [] threw exception [Request processing failed: org.springframework.dao.InvalidDataAccessApiUsageException: No EntityManager with actual transaction available for current thread - cannot reliably process 'remove' call] with root cause

jakarta.persistence.TransactionRequiredException: No EntityManager with actual transaction available for current thread - cannot reliably process 'remove' call
	at org.springframework.orm.jpa.SharedEntityManagerCreator$SharedEntityManagerInvocationHandler.invoke(SharedEntityManagerCreator.java:301) ~[spring-orm-7.0.3.jar:7.0.3]
	at jdk.proxy2/jdk.proxy2.$Proxy134.remove(Unknown Source) ~[na:na]
	at org.springframework.data.jpa.repository.query.JpaQueryExecution$DeleteExecution.doExecute(JpaQueryExecution.java:419) ~[spring-data-jpa-4.0.2.jar:4.0.2]
	at org.springframework.data.jpa.repository.query.JpaQueryExecution.execute(JpaQueryExecution.java:99) ~[spring-data-jpa-4.0.2.jar:4.0.2]
	at org.springframework.data.jpa.repository.query.AbstractJpaQuery.doExecute(AbstractJpaQuery.java:164) ~[spring-data-jpa-4.0.2.jar:4.0.2]
	at org.springframework.data.jpa.repository.query.AbstractJpaQuery.execute(AbstractJpaQuery.java:154) ~[spring-data-jpa-4.0.2.jar:4.0.2]
	at org.springframework.data.repository.core.support.RepositoryMethodInvoker.doInvoke(RepositoryMethodInvoker.java:169) ~[spring-data-commons-4.0.2.jar:4.0.2]
	at org.springframework.data.repository.core.support.RepositoryMethodInvoker.invoke(RepositoryMethodInvoker.java:158) ~[spring-data-commons-4.0.2.jar:4.0.2]
	at org.springframework.data.repository.core.support.QueryExecutorMethodInterceptor.doInvoke(QueryExecutorMethodInterceptor.java:167) ~[spring-data-commons-4.0.2.jar:4.0.2]
	at org.springframework.data.repository.core.support.QueryExecutorMethodInterceptor.invoke(QueryExecutorMethodInterceptor.java:146) ~[spring-data-commons-4.0.2.jar:4.0.2]
	at org.springframework.aop.framework.ReflectiveMethodInvocation.proceed(ReflectiveMethodInvocation.java:179) ~[spring-aop-7.0.3.jar:7.0.3]
	at org.springframework.data.projection.DefaultMethodInvokingMethodInterceptor.invoke(DefaultMethodInvokingMethodInterceptor.java:69) ~[spring-data-commons-4.0.2.jar:4.0.2]
	at org.springframework.aop.framework.ReflectiveMethodInvocation.proceed(ReflectiveMethodInvocation.java:179) ~[spring-aop-7.0.3.jar:7.0.3]
	at org.springframework.transaction.interceptor.TransactionInterceptor$1.proceedWithInvocation(TransactionInterceptor.java:133) ~[spring-tx-7.0.3.jar:7.0.3]
	at org.springframework.transaction.interceptor.TransactionAspectSupport.invokeWithinTransaction(TransactionAspectSupport.java:371) ~[spring-tx-7.0.3.jar:7.0.3]
	at org.springframework.transaction.interceptor.TransactionInterceptor.invoke(TransactionInterceptor.java:130) ~[spring-tx-7.0.3.jar:7.0.3]
	at org.springframework.aop.framework.ReflectiveMethodInvocation.proceed(ReflectiveMethodInvocation.java:179) ~[spring-aop-7.0.3.jar:7.0.3]
	at org.springframework.dao.support.PersistenceExceptionTranslationInterceptor.invoke(PersistenceExceptionTranslationInterceptor.java:135) ~[spring-tx-7.0.3.jar:7.0.3]
	at org.springframework.aop.framework.ReflectiveMethodInvocation.proceed(ReflectiveMethodInvocation.java:179) ~[spring-aop-7.0.3.jar:7.0.3]
	at org.springframework.data.jpa.repository.support.CrudMethodMetadataPostProcessor$CrudMethodMetadataPopulatingMethodInterceptor.invoke(CrudMethodMetadataPostProcessor.java:137) ~[spring-data-jpa-4.0.2.jar:4.0.2]
	at org.springframework.aop.framework.ReflectiveMethodInvocation.proceed(ReflectiveMethodInvocation.java:179) ~[spring-aop-7.0.3.jar:7.0.3]
	at org.springframework.aop.framework.JdkDynamicAopProxy.invoke(JdkDynamicAopProxy.java:222) ~[spring-aop-7.0.3.jar:7.0.3]
	at jdk.proxy2/jdk.proxy2.$Proxy144.deleteByUser(Unknown Source) ~[na:na]
	at com.recrutement.recrutement.service.Impl.NotificationServiceImpl.clearNotificationsForUser(NotificationServiceImpl.java:103) ~[classes/:na]
	at com.recrutement.recrutement.service.Impl.AuthServiceImpl.deleteRecruiterAccount(AuthServiceImpl.java:455) ~[classes/:na]
	at com.recrutement.recrutement.controller.AdminController.deleteRecruiter(AdminController.java:45) ~[classes/:na]
	at java.base/jdk.internal.reflect.DirectMethodHandleAccessor.invoke(DirectMethodHandleAccessor.java:104) ~[na:na]
	at java.base/java.lang.reflect.Method.invoke(Method.java:565) ~[na:na]
	at org.springframework.web.method.support.InvocableHandlerMethod.doInvoke(InvocableHandlerMethod.java:258) ~[spring-web-7.0.3.jar:7.0.3]
	at org.springframework.web.method.support.InvocableHandlerMethod.invokeForRequest(InvocableHandlerMethod.java:190) ~[spring-web-7.0.3.jar:7.0.3]
	at org.springframework.web.servlet.mvc.method.annotation.ServletInvocableHandlerMethod.invokeAndHandle(ServletInvocableHandlerMethod.java:117) ~[spring-webmvc-7.0.3.jar:7.0.3]
	at org.springframework.web.servlet.mvc.method.annotation.RequestMappingHandlerAdapter.invokeHandlerMethod(RequestMappingHandlerAdapter.java:934) ~[spring-webmvc-7.0.3.jar:7.0.3]
	at org.springframework.web.servlet.mvc.method.annotation.RequestMappingHandlerAdapter.handleInternal(RequestMappingHandlerAdapter.java:853) ~[spring-webmvc-7.0.3.jar:7.0.3]
	at org.springframework.web.servlet.mvc.method.AbstractHandlerMethodAdapter.handle(AbstractHandlerMethodAdapter.java:86) ~[spring-webmvc-7.0.3.jar:7.0.3]
	at org.springframework.web.servlet.DispatcherServlet.doDispatch(DispatcherServlet.java:963) ~[spring-webmvc-7.0.3.jar:7.0.3]
	at org.springframework.web.servlet.DispatcherServlet.doService(DispatcherServlet.java:866) ~[spring-webmvc-7.0.3.jar:7.0.3]
	at org.springframework.web.servlet.FrameworkServlet.processRequest(FrameworkServlet.java:1003) ~[spring-webmvc-7.0.3.jar:7.0.3]
	at org.springframework.web.servlet.FrameworkServlet.doDelete(FrameworkServlet.java:925) ~[spring-webmvc-7.0.3.jar:7.0.3]
	at jakarta.servlet.http.HttpServlet.service(HttpServlet.java:651) ~[tomcat-embed-core-11.0.15.jar:6.1]
	at org.springframework.web.servlet.FrameworkServlet.service(FrameworkServlet.java:874) ~[spring-webmvc-7.0.3.jar:7.0.3]
	at jakarta.servlet.http.HttpServlet.service(HttpServlet.java:710) ~[tomcat-embed-core-11.0.15.jar:6.1]
	at org.apache.catalina.core.ApplicationFilterChain.doFilter(ApplicationFilterChain.java:128) ~[tomcat-embed-core-11.0.15.jar:11.0.15]
	at org.apache.tomcat.websocket.server.WsFilter.doFilter(WsFilter.java:53) ~[tomcat-embed-websocket-11.0.15.jar:11.0.15]
	at org.apache.catalina.core.ApplicationFilterChain.doFilter(ApplicationFilterChain.java:107) ~[tomcat-embed-core-11.0.15.jar:11.0.15]
	at org.springframework.web.filter.OncePerRequestFilter.doFilter(OncePerRequestFilter.java:110) ~[spring-web-7.0.3.jar:7.0.3]
	at org.apache.catalina.core.ApplicationFilterChain.doFilter(ApplicationFilterChain.java:107) ~[tomcat-embed-core-11.0.15.jar:11.0.15]
	at org.springframework.web.filter.CompositeFilter$VirtualFilterChain.doFilter(CompositeFilter.java:108) ~[spring-web-7.0.3.jar:7.0.3]
	at org.springframework.security.web.FilterChainProxy.lambda$doFilterInternal$3(FilterChainProxy.java:235) ~[spring-security-web-7.0.2.jar:7.0.2]
	at org.springframework.security.web.FilterChainProxy$VirtualFilterChain.doFilter(FilterChainProxy.java:371) ~[spring-security-web-7.0.2.jar:7.0.2]
	at org.springframework.security.web.access.intercept.AuthorizationFilter.doFilter(AuthorizationFilter.java:101) ~[spring-security-web-7.0.2.jar:7.0.2]
	at org.springframework.security.web.FilterChainProxy$VirtualFilterChain.doFilter(FilterChainProxy.java:380) ~[spring-security-web-7.0.2.jar:7.0.2]
	at org.springframework.security.web.access.ExceptionTranslationFilter.doFilter(ExceptionTranslationFilter.java:126) ~[spring-security-web-7.0.2.jar:7.0.2]
	at org.springframework.security.web.access.ExceptionTranslationFilter.doFilter(ExceptionTranslationFilter.java:120) ~[spring-security-web-7.0.2.jar:7.0.2]
	at org.springframework.security.web.FilterChainProxy$VirtualFilterChain.doFilter(FilterChainProxy.java:380) ~[spring-security-web-7.0.2.jar:7.0.2]
	at org.springframework.security.web.session.SessionManagementFilter.doFilter(SessionManagementFilter.java:132) ~[spring-security-web-7.0.2.jar:7.0.2]
	at org.springframework.security.web.session.SessionManagementFilter.doFilter(SessionManagementFilter.java:86) ~[spring-security-web-7.0.2.jar:7.0.2]
	at org.springframework.security.web.FilterChainProxy$VirtualFilterChain.doFilter(FilterChainProxy.java:380) ~[spring-security-web-7.0.2.jar:7.0.2]
	at org.springframework.security.web.authentication.AnonymousAuthenticationFilter.doFilter(AnonymousAuthenticationFilter.java:100) ~[spring-security-web-7.0.2.jar:7.0.2]
	at org.springframework.security.web.FilterChainProxy$VirtualFilterChain.doFilter(FilterChainProxy.java:380) ~[spring-security-web-7.0.2.jar:7.0.2]
	at org.springframework.security.web.servletapi.SecurityContextHolderAwareRequestFilter.doFilter(SecurityContextHolderAwareRequestFilter.java:181) ~[spring-security-web-7.0.2.jar:7.0.2]
	at org.springframework.security.web.FilterChainProxy$VirtualFilterChain.doFilter(FilterChainProxy.java:380) ~[spring-security-web-7.0.2.jar:7.0.2]
	at org.springframework.security.web.savedrequest.RequestCacheAwareFilter.doFilter(RequestCacheAwareFilter.java:63) ~[spring-security-web-7.0.2.jar:7.0.2]
	at org.springframework.security.web.FilterChainProxy$VirtualFilterChain.doFilter(FilterChainProxy.java:380) ~[spring-security-web-7.0.2.jar:7.0.2]
	at com.recrutement.recrutement.security.JwtAuthentificationFilter.doFilterInternal(JwtAuthentificationFilter.java:70) ~[classes/:na]
	at org.springframework.web.filter.OncePerRequestFilter.doFilter(OncePerRequestFilter.java:116) ~[spring-web-7.0.3.jar:7.0.3]
	at org.springframework.security.web.FilterChainProxy$VirtualFilterChain.doFilter(FilterChainProxy.java:380) ~[spring-security-web-7.0.2.jar:7.0.2]
	at org.springframework.security.web.authentication.logout.LogoutFilter.doFilter(LogoutFilter.java:110) ~[spring-security-web-7.0.2.jar:7.0.2]
	at org.springframework.security.web.authentication.logout.LogoutFilter.doFilter(LogoutFilter.java:96) ~[spring-security-web-7.0.2.jar:7.0.2]
	at org.springframework.security.web.FilterChainProxy$VirtualFilterChain.doFilter(FilterChainProxy.java:380) ~[spring-security-web-7.0.2.jar:7.0.2]
	at org.springframework.web.filter.CorsFilter.doFilterInternal(CorsFilter.java:91) ~[spring-web-7.0.3.jar:7.0.3]
	at org.springframework.web.filter.OncePerRequestFilter.doFilter(OncePerRequestFilter.java:116) ~[spring-web-7.0.3.jar:7.0.3]
	at org.springframework.security.web.FilterChainProxy$VirtualFilterChain.doFilter(FilterChainProxy.java:380) ~[spring-security-web-7.0.2.jar:7.0.2]
	at org.springframework.security.web.header.HeaderWriterFilter.doHeadersAfter(HeaderWriterFilter.java:90) ~[spring-security-web-7.0.2.jar:7.0.2]
	at org.springframework.security.web.header.HeaderWriterFilter.doFilterInternal(HeaderWriterFilter.java:75) ~[spring-security-web-7.0.2.jar:7.0.2]
	at org.springframework.web.filter.OncePerRequestFilter.doFilter(OncePerRequestFilter.java:116) ~[spring-web-7.0.3.jar:7.0.3]
	at org.springframework.security.web.FilterChainProxy$VirtualFilterChain.doFilter(FilterChainProxy.java:380) ~[spring-security-web-7.0.2.jar:7.0.2]
	at org.springframework.security.web.context.SecurityContextHolderFilter.doFilter(SecurityContextHolderFilter.java:82) ~[spring-security-web-7.0.2.jar:7.0.2]
	at org.springframework.security.web.context.SecurityContextHolderFilter.doFilter(SecurityContextHolderFilter.java:69) ~[spring-security-web-7.0.2.jar:7.0.2]
	at org.springframework.security.web.FilterChainProxy$VirtualFilterChain.doFilter(FilterChainProxy.java:380) ~[spring-security-web-7.0.2.jar:7.0.2]
	at org.springframework.security.web.context.request.async.WebAsyncManagerIntegrationFilter.doFilterInternal(WebAsyncManagerIntegrationFilter.java:62) ~[spring-security-web-7.0.2.jar:7.0.2]
	at org.springframework.web.filter.OncePerRequestFilter.doFilter(OncePerRequestFilter.java:116) ~[spring-web-7.0.3.jar:7.0.3]
	at org.springframework.security.web.FilterChainProxy$VirtualFilterChain.doFilter(FilterChainProxy.java:380) ~[spring-security-web-7.0.2.jar:7.0.2]
	at org.springframework.security.web.session.DisableEncodeUrlFilter.doFilterInternal(DisableEncodeUrlFilter.java:42) ~[spring-security-web-7.0.2.jar:7.0.2]
	at org.springframework.web.filter.OncePerRequestFilter.doFilter(OncePerRequestFilter.java:116) ~[spring-web-7.0.3.jar:7.0.3]
	at org.springframework.security.web.FilterChainProxy$VirtualFilterChain.doFilter(FilterChainProxy.java:380) ~[spring-security-web-7.0.2.jar:7.0.2]
	at org.springframework.security.web.FilterChainProxy.doFilterInternal(FilterChainProxy.java:237) ~[spring-security-web-7.0.2.jar:7.0.2]
	at org.springframework.security.web.FilterChainProxy.doFilter(FilterChainProxy.java:195) ~[spring-security-web-7.0.2.jar:7.0.2]
	at org.springframework.web.filter.CompositeFilter$VirtualFilterChain.doFilter(CompositeFilter.java:113) ~[spring-web-7.0.3.jar:7.0.3]
	at org.springframework.web.filter.ServletRequestPathFilter.doFilter(ServletRequestPathFilter.java:52) ~[spring-web-7.0.3.jar:7.0.3]
	at org.springframework.web.filter.CompositeFilter$VirtualFilterChain.doFilter(CompositeFilter.java:113) ~[spring-web-7.0.3.jar:7.0.3]
	at org.springframework.web.filter.CompositeFilter.doFilter(CompositeFilter.java:74) ~[spring-web-7.0.3.jar:7.0.3]
	at org.springframework.security.config.annotation.web.configuration.WebSecurityConfiguration$CompositeFilterChainProxy.doFilter(WebSecurityConfiguration.java:317) ~[spring-security-config-7.0.2.jar:7.0.2]
	at org.springframework.web.filter.DelegatingFilterProxy.invokeDelegate(DelegatingFilterProxy.java:355) ~[spring-web-7.0.3.jar:7.0.3]
	at org.springframework.web.filter.DelegatingFilterProxy.doFilter(DelegatingFilterProxy.java:272) ~[spring-web-7.0.3.jar:7.0.3]
	at org.apache.catalina.core.ApplicationFilterChain.doFilter(ApplicationFilterChain.java:107) ~[tomcat-embed-core-11.0.15.jar:11.0.15]
	at org.springframework.web.filter.RequestContextFilter.doFilterInternal(RequestContextFilter.java:100) ~[spring-web-7.0.3.jar:7.0.3]
	at org.springframework.web.filter.OncePerRequestFilter.doFilter(OncePerRequestFilter.java:116) ~[spring-web-7.0.3.jar:7.0.3]
	at org.apache.catalina.core.ApplicationFilterChain.doFilter(ApplicationFilterChain.java:107) ~[tomcat-embed-core-11.0.15.jar:11.0.15]
	at org.springframework.web.filter.FormContentFilter.doFilterInternal(FormContentFilter.java:93) ~[spring-web-7.0.3.jar:7.0.3]
	at org.springframework.web.filter.OncePerRequestFilter.doFilter(OncePerRequestFilter.java:116) ~[spring-web-7.0.3.jar:7.0.3]
	at org.apache.catalina.core.ApplicationFilterChain.doFilter(ApplicationFilterChain.java:107) ~[tomcat-embed-core-11.0.15.jar:11.0.15]
	at org.springframework.web.filter.CharacterEncodingFilter.doFilterInternal(CharacterEncodingFilter.java:199) ~[spring-web-7.0.3.jar:7.0.3]
	at org.springframework.web.filter.OncePerRequestFilter.doFilter(OncePerRequestFilter.java:116) ~[spring-web-7.0.3.jar:7.0.3]
	at org.apache.catalina.core.ApplicationFilterChain.doFilter(ApplicationFilterChain.java:107) ~[tomcat-embed-core-11.0.15.jar:11.0.15]
	at org.apache.catalina.core.StandardWrapperValve.invoke(StandardWrapperValve.java:165) ~[tomcat-embed-core-11.0.15.jar:11.0.15]
	at org.apache.catalina.core.StandardContextValve.invoke(StandardContextValve.java:77) ~[tomcat-embed-core-11.0.15.jar:11.0.15]
	at org.apache.catalina.authenticator.AuthenticatorBase.invoke(AuthenticatorBase.java:482) ~[tomcat-embed-core-11.0.15.jar:11.0.15]
	at org.apache.catalina.core.StandardHostValve.invoke(StandardHostValve.java:113) ~[tomcat-embed-core-11.0.15.jar:11.0.15]
	at org.apache.catalina.valves.ErrorReportValve.invoke(ErrorReportValve.java:83) ~[tomcat-embed-core-11.0.15.jar:11.0.15]
	at org.apache.catalina.core.StandardEngineValve.invoke(StandardEngineValve.java:72) ~[tomcat-embed-core-11.0.15.jar:11.0.15]
	at org.apache.catalina.connector.CoyoteAdapter.service(CoyoteAdapter.java:341) ~[tomcat-embed-core-11.0.15.jar:11.0.15]
	at org.apache.coyote.http11.Http11Processor.service(Http11Processor.java:397) ~[tomcat-embed-core-11.0.15.jar:11.0.15]
	at org.apache.coyote.AbstractProcessorLight.process(AbstractProcessorLight.java:63) ~[tomcat-embed-core-11.0.15.jar:11.0.15]
	at org.apache.coyote.AbstractProtocol$ConnectionHandler.process(AbstractProtocol.java:903) ~[tomcat-embed-core-11.0.15.jar:11.0.15]
	at org.apache.tomcat.util.net.NioEndpoint$SocketProcessor.doRun(NioEndpoint.java:1778) ~[tomcat-embed-core-11.0.15.jar:11.0.15]
	at org.apache.tomcat.util.net.SocketProcessorBase.run(SocketProcessorBase.java:52) ~[tomcat-embed-core-11.0.15.jar:11.0.15]
	at org.apache.tomcat.util.threads.ThreadPoolExecutor.runWorker(ThreadPoolExecutor.java:946) ~[tomcat-embed-core-11.0.15.jar:11.0.15]
	at org.apache.tomcat.util.threads.ThreadPoolExecutor$Worker.run(ThreadPoolExecutor.java:480) ~[tomcat-embed-core-11.0.15.jar:11.0.15]
	at org.apache.tomcat.util.threads.TaskThread$WrappingRunnable.run(TaskThread.java:57) ~[tomcat-embed-core-11.0.15.jar:11.0.15]
	at java.base/java.lang.Thread.run(Thread.java:1474) ~[na:na]

Hibernate: select u1_0.id,case when u1_1.user_id is not null then 1 when u1_2.user_id is not null then 2 when u1_0.id is not null then 0 end,u1_0.activation_token,u1_0.approval_status,u1_0.email,u1_0.email_verified,u1_0.nom,u1_0.password,u1_0.reset_password_token,u1_0.reset_password_token_expires_at,u1_0.role,u1_0.statut_compte,u1_1.adresse,u1_1.date_naissance,u1_1.description,u1_1.education_json,u1_1.experience,u1_1.facebook_url,u1_1.genre,u1_1.github_url,u1_1.instagram_url,u1_1.linkedin_url,u1_1.localisation,u1_1.num_telephone,u1_1.photo_couverture_nom,u1_1.photo_profil_nom,u1_1.poste_recherche,u1_1.profession,u1_1.skills_json,u1_2.departement,u1_2.entreprise_id,u1_2.fonction,u1_2.poste from users u1_0 left join candidates u1_1 on u1_0.id=u1_1.user_id left join recruiters u1_2 on u1_0.id=u1_2.user_id where u1_0.email=?
Hibernate: select u1_0.id,case when u1_1.user_id is not null then 1 when u1_2.user_id is not null then 2 when u1_0.id is not null then 0 end,u1_0.activation_token,u1_0.approval_status,u1_0.email,u1_0.email_verified,u1_0.nom,u1_0.password,u1_0.reset_password_token,u1_0.reset_password_token_expires_at,u1_0.role,u1_0.statut_compte,u1_1.adresse,u1_1.date_naissance,u1_1.description,u1_1.education_json,u1_1.experience,u1_1.facebook_url,u1_1.genre,u1_1.github_url,u1_1.instagram_url,u1_1.linkedin_url,u1_1.localisation,u1_1.num_telephone,u1_1.photo_couverture_nom,u1_1.photo_profil_nom,u1_1.poste_recherche,u1_1.profession,u1_1.skills_json,u1_2.departement,e1_0.id_entreprise,e1_0.abonnement_actif,e1_0.adresse,e1_0.description,e1_0.email,e1_0.nom_entreprise,e1_0.secteur,e1_0.site_web,u1_2.fonction,u1_2.poste from users u1_0 left join candidates u1_1 on u1_0.id=u1_1.user_id left join recruiters u1_2 on u1_0.id=u1_2.user_id left join entreprises e1_0 on e1_0.id_entreprise=u1_2.entreprise_id where u1_0.id=?
Hibernate: select n1_0.id,n1_0.date_envoi,n1_0.lue,n1_0.message,n1_0.user_id from notification n1_0 where n1_0.user_id=?
2026-04-08T22:13:10.940+01:00 ERROR 7788 --- [Recrutement] [nio-8081-exec-4] o.a.c.c.C.[.[.[/].[dispatcherServlet]    : Servlet.service() for servlet [dispatcherServlet] in context with path [] threw exception [Request processing failed: org.springframework.dao.InvalidDataAccessApiUsageException: No EntityManager with actual transaction available for current thread - cannot reliably process 'remove' call] with root cause

jakarta.persistence.TransactionRequiredException: No EntityManager with actual transaction available for current thread - cannot reliably process 'remove' call
	at org.springframework.orm.jpa.SharedEntityManagerCreator$SharedEntityManagerInvocationHandler.invoke(SharedEntityManagerCreator.java:301) ~[spring-orm-7.0.3.jar:7.0.3]
	at jdk.proxy2/jdk.proxy2.$Proxy134.remove(Unknown Source) ~[na:na]
	at org.springframework.data.jpa.repository.query.JpaQueryExecution$DeleteExecution.doExecute(JpaQueryExecution.java:419) ~[spring-data-jpa-4.0.2.jar:4.0.2]
	at org.springframework.data.jpa.repository.query.JpaQueryExecution.execute(JpaQueryExecution.java:99) ~[spring-data-jpa-4.0.2.jar:4.0.2]
	at org.springframework.data.jpa.repository.query.AbstractJpaQuery.doExecute(AbstractJpaQuery.java:164) ~[spring-data-jpa-4.0.2.jar:4.0.2]
	at org.springframework.data.jpa.repository.query.AbstractJpaQuery.execute(AbstractJpaQuery.java:154) ~[spring-data-jpa-4.0.2.jar:4.0.2]
	at org.springframework.data.repository.core.support.RepositoryMethodInvoker.doInvoke(RepositoryMethodInvoker.java:169) ~[spring-data-commons-4.0.2.jar:4.0.2]
	at org.springframework.data.repository.core.support.RepositoryMethodInvoker.invoke(RepositoryMethodInvoker.java:158) ~[spring-data-commons-4.0.2.jar:4.0.2]
	at org.springframework.data.repository.core.support.QueryExecutorMethodInterceptor.doInvoke(QueryExecutorMethodInterceptor.java:167) ~[spring-data-commons-4.0.2.jar:4.0.2]
	at org.springframework.data.repository.core.support.QueryExecutorMethodInterceptor.invoke(QueryExecutorMethodInterceptor.java:146) ~[spring-data-commons-4.0.2.jar:4.0.2]
	at org.springframework.aop.framework.ReflectiveMethodInvocation.proceed(ReflectiveMethodInvocation.java:179) ~[spring-aop-7.0.3.jar:7.0.3]
	at org.springframework.data.projection.DefaultMethodInvokingMethodInterceptor.invoke(DefaultMethodInvokingMethodInterceptor.java:69) ~[spring-data-commons-4.0.2.jar:4.0.2]
	at org.springframework.aop.framework.ReflectiveMethodInvocation.proceed(ReflectiveMethodInvocation.java:179) ~[spring-aop-7.0.3.jar:7.0.3]
	at org.springframework.transaction.interceptor.TransactionInterceptor$1.proceedWithInvocation(TransactionInterceptor.java:133) ~[spring-tx-7.0.3.jar:7.0.3]
	at org.springframework.transaction.interceptor.TransactionAspectSupport.invokeWithinTransaction(TransactionAspectSupport.java:371) ~[spring-tx-7.0.3.jar:7.0.3]
	at org.springframework.transaction.interceptor.TransactionInterceptor.invoke(TransactionInterceptor.java:130) ~[spring-tx-7.0.3.jar:7.0.3]
	at org.springframework.aop.framework.ReflectiveMethodInvocation.proceed(ReflectiveMethodInvocation.java:179) ~[spring-aop-7.0.3.jar:7.0.3]
	at org.springframework.dao.support.PersistenceExceptionTranslationInterceptor.invoke(PersistenceExceptionTranslationInterceptor.java:135) ~[spring-tx-7.0.3.jar:7.0.3]
	at org.springframework.aop.framework.ReflectiveMethodInvocation.proceed(ReflectiveMethodInvocation.java:179) ~[spring-aop-7.0.3.jar:7.0.3]
	at org.springframework.data.jpa.repository.support.CrudMethodMetadataPostProcessor$CrudMethodMetadataPopulatingMethodInterceptor.invoke(CrudMethodMetadataPostProcessor.java:137) ~[spring-data-jpa-4.0.2.jar:4.0.2]
	at org.springframework.aop.framework.ReflectiveMethodInvocation.proceed(ReflectiveMethodInvocation.java:179) ~[spring-aop-7.0.3.jar:7.0.3]
	at org.springframework.aop.framework.JdkDynamicAopProxy.invoke(JdkDynamicAopProxy.java:222) ~[spring-aop-7.0.3.jar:7.0.3]
	at jdk.proxy2/jdk.proxy2.$Proxy144.deleteByUser(Unknown Source) ~[na:na]
	at com.recrutement.recrutement.service.Impl.NotificationServiceImpl.clearNotificationsForUser(NotificationServiceImpl.java:103) ~[classes/:na]
	at com.recrutement.recrutement.service.Impl.AuthServiceImpl.deleteRecruiterAccount(AuthServiceImpl.java:455) ~[classes/:na]
	at com.recrutement.recrutement.controller.AdminController.deleteRecruiter(AdminController.java:45) ~[classes/:na]
	at java.base/jdk.internal.reflect.DirectMethodHandleAccessor.invoke(DirectMethodHandleAccessor.java:104) ~[na:na]
	at java.base/java.lang.reflect.Method.invoke(Method.java:565) ~[na:na]
	at org.springframework.web.method.support.InvocableHandlerMethod.doInvoke(InvocableHandlerMethod.java:258) ~[spring-web-7.0.3.jar:7.0.3]
	at org.springframework.web.method.support.InvocableHandlerMethod.invokeForRequest(InvocableHandlerMethod.java:190) ~[spring-web-7.0.3.jar:7.0.3]
	at org.springframework.web.servlet.mvc.method.annotation.ServletInvocableHandlerMethod.invokeAndHandle(ServletInvocableHandlerMethod.java:117) ~[spring-webmvc-7.0.3.jar:7.0.3]
	at org.springframework.web.servlet.mvc.method.annotation.RequestMappingHandlerAdapter.invokeHandlerMethod(RequestMappingHandlerAdapter.java:934) ~[spring-webmvc-7.0.3.jar:7.0.3]
	at org.springframework.web.servlet.mvc.method.annotation.RequestMappingHandlerAdapter.handleInternal(RequestMappingHandlerAdapter.java:853) ~[spring-webmvc-7.0.3.jar:7.0.3]
	at org.springframework.web.servlet.mvc.method.AbstractHandlerMethodAdapter.handle(AbstractHandlerMethodAdapter.java:86) ~[spring-webmvc-7.0.3.jar:7.0.3]
	at org.springframework.web.servlet.DispatcherServlet.doDispatch(DispatcherServlet.java:963) ~[spring-webmvc-7.0.3.jar:7.0.3]
	at org.springframework.web.servlet.DispatcherServlet.doService(DispatcherServlet.java:866) ~[spring-webmvc-7.0.3.jar:7.0.3]
	at org.springframework.web.servlet.FrameworkServlet.processRequest(FrameworkServlet.java:1003) ~[spring-webmvc-7.0.3.jar:7.0.3]
	at org.springframework.web.servlet.FrameworkServlet.doDelete(FrameworkServlet.java:925) ~[spring-webmvc-7.0.3.jar:7.0.3]
	at jakarta.servlet.http.HttpServlet.service(HttpServlet.java:651) ~[tomcat-embed-core-11.0.15.jar:6.1]
	at org.springframework.web.servlet.FrameworkServlet.service(FrameworkServlet.java:874) ~[spring-webmvc-7.0.3.jar:7.0.3]
	at jakarta.servlet.http.HttpServlet.service(HttpServlet.java:710) ~[tomcat-embed-core-11.0.15.jar:6.1]
	at org.apache.catalina.core.ApplicationFilterChain.doFilter(ApplicationFilterChain.java:128) ~[tomcat-embed-core-11.0.15.jar:11.0.15]
	at org.apache.tomcat.websocket.server.WsFilter.doFilter(WsFilter.java:53) ~[tomcat-embed-websocket-11.0.15.jar:11.0.15]
	at org.apache.catalina.core.ApplicationFilterChain.doFilter(ApplicationFilterChain.java:107) ~[tomcat-embed-core-11.0.15.jar:11.0.15]
	at org.springframework.web.filter.OncePerRequestFilter.doFilter(OncePerRequestFilter.java:110) ~[spring-web-7.0.3.jar:7.0.3]
	at org.apache.catalina.core.ApplicationFilterChain.doFilter(ApplicationFilterChain.java:107) ~[tomcat-embed-core-11.0.15.jar:11.0.15]
	at org.springframework.web.filter.CompositeFilter$VirtualFilterChain.doFilter(CompositeFilter.java:108) ~[spring-web-7.0.3.jar:7.0.3]
	at org.springframework.security.web.FilterChainProxy.lambda$doFilterInternal$3(FilterChainProxy.java:235) ~[spring-security-web-7.0.2.jar:7.0.2]
	at org.springframework.security.web.FilterChainProxy$VirtualFilterChain.doFilter(FilterChainProxy.java:371) ~[spring-security-web-7.0.2.jar:7.0.2]
	at org.springframework.security.web.access.intercept.AuthorizationFilter.doFilter(AuthorizationFilter.java:101) ~[spring-security-web-7.0.2.jar:7.0.2]
	at org.springframework.security.web.FilterChainProxy$VirtualFilterChain.doFilter(FilterChainProxy.java:380) ~[spring-security-web-7.0.2.jar:7.0.2]
	at org.springframework.security.web.access.ExceptionTranslationFilter.doFilter(ExceptionTranslationFilter.java:126) ~[spring-security-web-7.0.2.jar:7.0.2]
	at org.springframework.security.web.access.ExceptionTranslationFilter.doFilter(ExceptionTranslationFilter.java:120) ~[spring-security-web-7.0.2.jar:7.0.2]
	at org.springframework.security.web.FilterChainProxy$VirtualFilterChain.doFilter(FilterChainProxy.java:380) ~[spring-security-web-7.0.2.jar:7.0.2]
	at org.springframework.security.web.session.SessionManagementFilter.doFilter(SessionManagementFilter.java:132) ~[spring-security-web-7.0.2.jar:7.0.2]
	at org.springframework.security.web.session.SessionManagementFilter.doFilter(SessionManagementFilter.java:86) ~[spring-security-web-7.0.2.jar:7.0.2]
	at org.springframework.security.web.FilterChainProxy$VirtualFilterChain.doFilter(FilterChainProxy.java:380) ~[spring-security-web-7.0.2.jar:7.0.2]
	at org.springframework.security.web.authentication.AnonymousAuthenticationFilter.doFilter(AnonymousAuthenticationFilter.java:100) ~[spring-security-web-7.0.2.jar:7.0.2]
	at org.springframework.security.web.FilterChainProxy$VirtualFilterChain.doFilter(FilterChainProxy.java:380) ~[spring-security-web-7.0.2.jar:7.0.2]
	at org.springframework.security.web.servletapi.SecurityContextHolderAwareRequestFilter.doFilter(SecurityContextHolderAwareRequestFilter.java:181) ~[spring-security-web-7.0.2.jar:7.0.2]
	at org.springframework.security.web.FilterChainProxy$VirtualFilterChain.doFilter(FilterChainProxy.java:380) ~[spring-security-web-7.0.2.jar:7.0.2]
	at org.springframework.security.web.savedrequest.RequestCacheAwareFilter.doFilter(RequestCacheAwareFilter.java:63) ~[spring-security-web-7.0.2.jar:7.0.2]
	at org.springframework.security.web.FilterChainProxy$VirtualFilterChain.doFilter(FilterChainProxy.java:380) ~[spring-security-web-7.0.2.jar:7.0.2]
	at com.recrutement.recrutement.security.JwtAuthentificationFilter.doFilterInternal(JwtAuthentificationFilter.java:70) ~[classes/:na]
	at org.springframework.web.filter.OncePerRequestFilter.doFilter(OncePerRequestFilter.java:116) ~[spring-web-7.0.3.jar:7.0.3]
	at org.springframework.security.web.FilterChainProxy$VirtualFilterChain.doFilter(FilterChainProxy.java:380) ~[spring-security-web-7.0.2.jar:7.0.2]
	at org.springframework.security.web.authentication.logout.LogoutFilter.doFilter(LogoutFilter.java:110) ~[spring-security-web-7.0.2.jar:7.0.2]
	at org.springframework.security.web.authentication.logout.LogoutFilter.doFilter(LogoutFilter.java:96) ~[spring-security-web-7.0.2.jar:7.0.2]
	at org.springframework.security.web.FilterChainProxy$VirtualFilterChain.doFilter(FilterChainProxy.java:380) ~[spring-security-web-7.0.2.jar:7.0.2]
	at org.springframework.web.filter.CorsFilter.doFilterInternal(CorsFilter.java:91) ~[spring-web-7.0.3.jar:7.0.3]
	at org.springframework.web.filter.OncePerRequestFilter.doFilter(OncePerRequestFilter.java:116) ~[spring-web-7.0.3.jar:7.0.3]
	at org.springframework.security.web.FilterChainProxy$VirtualFilterChain.doFilter(FilterChainProxy.java:380) ~[spring-security-web-7.0.2.jar:7.0.2]
	at org.springframework.security.web.header.HeaderWriterFilter.doHeadersAfter(HeaderWriterFilter.java:90) ~[spring-security-web-7.0.2.jar:7.0.2]
	at org.springframework.security.web.header.HeaderWriterFilter.doFilterInternal(HeaderWriterFilter.java:75) ~[spring-security-web-7.0.2.jar:7.0.2]
	at org.springframework.web.filter.OncePerRequestFilter.doFilter(OncePerRequestFilter.java:116) ~[spring-web-7.0.3.jar:7.0.3]
	at org.springframework.security.web.FilterChainProxy$VirtualFilterChain.doFilter(FilterChainProxy.java:380) ~[spring-security-web-7.0.2.jar:7.0.2]
	at org.springframework.security.web.context.SecurityContextHolderFilter.doFilter(SecurityContextHolderFilter.java:82) ~[spring-security-web-7.0.2.jar:7.0.2]
	at org.springframework.security.web.context.SecurityContextHolderFilter.doFilter(SecurityContextHolderFilter.java:69) ~[spring-security-web-7.0.2.jar:7.0.2]
	at org.springframework.security.web.FilterChainProxy$VirtualFilterChain.doFilter(FilterChainProxy.java:380) ~[spring-security-web-7.0.2.jar:7.0.2]
	at org.springframework.security.web.context.request.async.WebAsyncManagerIntegrationFilter.doFilterInternal(WebAsyncManagerIntegrationFilter.java:62) ~[spring-security-web-7.0.2.jar:7.0.2]
	at org.springframework.web.filter.OncePerRequestFilter.doFilter(OncePerRequestFilter.java:116) ~[spring-web-7.0.3.jar:7.0.3]
	at org.springframework.security.web.FilterChainProxy$VirtualFilterChain.doFilter(FilterChainProxy.java:380) ~[spring-security-web-7.0.2.jar:7.0.2]
	at org.springframework.security.web.session.DisableEncodeUrlFilter.doFilterInternal(DisableEncodeUrlFilter.java:42) ~[spring-security-web-7.0.2.jar:7.0.2]
	at org.springframework.web.filter.OncePerRequestFilter.doFilter(OncePerRequestFilter.java:116) ~[spring-web-7.0.3.jar:7.0.3]
	at org.springframework.security.web.FilterChainProxy$VirtualFilterChain.doFilter(FilterChainProxy.java:380) ~[spring-security-web-7.0.2.jar:7.0.2]
	at org.springframework.security.web.FilterChainProxy.doFilterInternal(FilterChainProxy.java:237) ~[spring-security-web-7.0.2.jar:7.0.2]
	at org.springframework.security.web.FilterChainProxy.doFilter(FilterChainProxy.java:195) ~[spring-security-web-7.0.2.jar:7.0.2]
	at org.springframework.web.filter.CompositeFilter$VirtualFilterChain.doFilter(CompositeFilter.java:113) ~[spring-web-7.0.3.jar:7.0.3]
	at org.springframework.web.filter.ServletRequestPathFilter.doFilter(ServletRequestPathFilter.java:52) ~[spring-web-7.0.3.jar:7.0.3]
	at org.springframework.web.filter.CompositeFilter$VirtualFilterChain.doFilter(CompositeFilter.java:113) ~[spring-web-7.0.3.jar:7.0.3]
	at org.springframework.web.filter.CompositeFilter.doFilter(CompositeFilter.java:74) ~[spring-web-7.0.3.jar:7.0.3]
	at org.springframework.security.config.annotation.web.configuration.WebSecurityConfiguration$CompositeFilterChainProxy.doFilter(WebSecurityConfiguration.java:317) ~[spring-security-config-7.0.2.jar:7.0.2]
	at org.springframework.web.filter.DelegatingFilterProxy.invokeDelegate(DelegatingFilterProxy.java:355) ~[spring-web-7.0.3.jar:7.0.3]
	at org.springframework.web.filter.DelegatingFilterProxy.doFilter(DelegatingFilterProxy.java:272) ~[spring-web-7.0.3.jar:7.0.3]
	at org.apache.catalina.core.ApplicationFilterChain.doFilter(ApplicationFilterChain.java:107) ~[tomcat-embed-core-11.0.15.jar:11.0.15]
	at org.springframework.web.filter.RequestContextFilter.doFilterInternal(RequestContextFilter.java:100) ~[spring-web-7.0.3.jar:7.0.3]
	at org.springframework.web.filter.OncePerRequestFilter.doFilter(OncePerRequestFilter.java:116) ~[spring-web-7.0.3.jar:7.0.3]
	at org.apache.catalina.core.ApplicationFilterChain.doFilter(ApplicationFilterChain.java:107) ~[tomcat-embed-core-11.0.15.jar:11.0.15]
	at org.springframework.web.filter.FormContentFilter.doFilterInternal(FormContentFilter.java:93) ~[spring-web-7.0.3.jar:7.0.3]
	at org.springframework.web.filter.OncePerRequestFilter.doFilter(OncePerRequestFilter.java:116) ~[spring-web-7.0.3.jar:7.0.3]
	at org.apache.catalina.core.ApplicationFilterChain.doFilter(ApplicationFilterChain.java:107) ~[tomcat-embed-core-11.0.15.jar:11.0.15]
	at org.springframework.web.filter.CharacterEncodingFilter.doFilterInternal(CharacterEncodingFilter.java:199) ~[spring-web-7.0.3.jar:7.0.3]
	at org.springframework.web.filter.OncePerRequestFilter.doFilter(OncePerRequestFilter.java:116) ~[spring-web-7.0.3.jar:7.0.3]
	at org.apache.catalina.core.ApplicationFilterChain.doFilter(ApplicationFilterChain.java:107) ~[tomcat-embed-core-11.0.15.jar:11.0.15]
	at org.apache.catalina.core.StandardWrapperValve.invoke(StandardWrapperValve.java:165) ~[tomcat-embed-core-11.0.15.jar:11.0.15]
	at org.apache.catalina.core.StandardContextValve.invoke(StandardContextValve.java:77) ~[tomcat-embed-core-11.0.15.jar:11.0.15]
	at org.apache.catalina.authenticator.AuthenticatorBase.invoke(AuthenticatorBase.java:482) ~[tomcat-embed-core-11.0.15.jar:11.0.15]
	at org.apache.catalina.core.StandardHostValve.invoke(StandardHostValve.java:113) ~[tomcat-embed-core-11.0.15.jar:11.0.15]
	at org.apache.catalina.valves.ErrorReportValve.invoke(ErrorReportValve.java:83) ~[tomcat-embed-core-11.0.15.jar:11.0.15]
	at org.apache.catalina.core.StandardEngineValve.invoke(StandardEngineValve.java:72) ~[tomcat-embed-core-11.0.15.jar:11.0.15]
	at org.apache.catalina.connector.CoyoteAdapter.service(CoyoteAdapter.java:341) ~[tomcat-embed-core-11.0.15.jar:11.0.15]
	at org.apache.coyote.http11.Http11Processor.service(Http11Processor.java:397) ~[tomcat-embed-core-11.0.15.jar:11.0.15]
	at org.apache.coyote.AbstractProcessorLight.process(AbstractProcessorLight.java:63) ~[tomcat-embed-core-11.0.15.jar:11.0.15]
	at org.apache.coyote.AbstractProtocol$ConnectionHandler.process(AbstractProtocol.java:903) ~[tomcat-embed-core-11.0.15.jar:11.0.15]
	at org.apache.tomcat.util.net.NioEndpoint$SocketProcessor.doRun(NioEndpoint.java:1778) ~[tomcat-embed-core-11.0.15.jar:11.0.15]
	at org.apache.tomcat.util.net.SocketProcessorBase.run(SocketProcessorBase.java:52) ~[tomcat-embed-core-11.0.15.jar:11.0.15]
	at org.apache.tomcat.util.threads.ThreadPoolExecutor.runWorker(ThreadPoolExecutor.java:946) ~[tomcat-embed-core-11.0.15.jar:11.0.15]
	at org.apache.tomcat.util.threads.ThreadPoolExecutor$Worker.run(ThreadPoolExecutor.java:480) ~[tomcat-embed-core-11.0.15.jar:11.0.15]
	at org.apache.tomcat.util.threads.TaskThread$WrappingRunnable.run(TaskThread.java:57) ~[tomcat-embed-core-11.0.15.jar:11.0.15]
	at java.base/java.lang.Thread.run(Thread.java:1474) ~[na:na]

Hibernate: select u1_0.id,case when u1_1.user_id is not null then 1 when u1_2.user_id is not null then 2 when u1_0.id is not null then 0 end,u1_0.activation_token,u1_0.approval_status,u1_0.email,u1_0.email_verified,u1_0.nom,u1_0.password,u1_0.reset_password_token,u1_0.reset_password_token_expires_at,u1_0.role,u1_0.statut_compte,u1_1.adresse,u1_1.date_naissance,u1_1.description,u1_1.education_json,u1_1.experience,u1_1.facebook_url,u1_1.genre,u1_1.github_url,u1_1.instagram_url,u1_1.linkedin_url,u1_1.localisation,u1_1.num_telephone,u1_1.photo_couverture_nom,u1_1.photo_profil_nom,u1_1.poste_recherche,u1_1.profession,u1_1.skills_json,u1_2.departement,u1_2.entreprise_id,u1_2.fonction,u1_2.poste from users u1_0 left join candidates u1_1 on u1_0.id=u1_1.user_id left join recruiters u1_2 on u1_0.id=u1_2.user_id where u1_0.email=?
Hibernate: select u1_0.id,case when u1_1.user_id is not null then 1 when u1_2.user_id is not null then 2 when u1_0.id is not null then 0 end,u1_0.activation_token,u1_0.approval_status,u1_0.email,u1_0.email_verified,u1_0.nom,u1_0.password,u1_0.reset_password_token,u1_0.reset_password_token_expires_at,u1_0.role,u1_0.statut_compte,u1_1.adresse,u1_1.date_naissance,u1_1.description,u1_1.education_json,u1_1.experience,u1_1.facebook_url,u1_1.genre,u1_1.github_url,u1_1.instagram_url,u1_1.linkedin_url,u1_1.localisation,u1_1.num_telephone,u1_1.photo_couverture_nom,u1_1.photo_profil_nom,u1_1.poste_recherche,u1_1.profession,u1_1.skills_json,u1_2.departement,u1_2.entreprise_id,u1_2.fonction,u1_2.poste from users u1_0 left join candidates u1_1 on u1_0.id=u1_1.user_id left join recruiters u1_2 on u1_0.id=u1_2.user_id where u1_0.role=?
Hibernate: select u1_0.id,case when u1_1.user_id is not null then 1 when u1_2.user_id is not null then 2 when u1_0.id is not null then 0 end,u1_0.activation_token,u1_0.approval_status,u1_0.email,u1_0.email_verified,u1_0.nom,u1_0.password,u1_0.reset_password_token,u1_0.reset_password_token_expires_at,u1_0.role,u1_0.statut_compte,u1_1.adresse,u1_1.date_naissance,u1_1.description,u1_1.education_json,u1_1.experience,u1_1.facebook_url,u1_1.genre,u1_1.github_url,u1_1.instagram_url,u1_1.linkedin_url,u1_1.localisation,u1_1.num_telephone,u1_1.photo_couverture_nom,u1_1.photo_profil_nom,u1_1.poste_recherche,u1_1.profession,u1_1.skills_json,u1_2.departement,u1_2.entreprise_id,u1_2.fonction,u1_2.poste from users u1_0 left join candidates u1_1 on u1_0.id=u1_1.user_id left join recruiters u1_2 on u1_0.id=u1_2.user_id where u1_0.email=?
Hibernate: select u1_0.id,case when u1_1.user_id is not null then 1 when u1_2.user_id is not null then 2 when u1_0.id is not null then 0 end,u1_0.activation_token,u1_0.approval_status,u1_0.email,u1_0.email_verified,u1_0.nom,u1_0.password,u1_0.reset_password_token,u1_0.reset_password_token_expires_at,u1_0.role,u1_0.statut_compte,u1_1.adresse,u1_1.date_naissance,u1_1.description,u1_1.education_json,u1_1.experience,u1_1.facebook_url,u1_1.genre,u1_1.github_url,u1_1.instagram_url,u1_1.linkedin_url,u1_1.localisation,u1_1.num_telephone,u1_1.photo_couverture_nom,u1_1.photo_profil_nom,u1_1.poste_recherche,u1_1.profession,u1_1.skills_json,u1_2.departement,u1_2.entreprise_id,u1_2.fonction,u1_2.poste from users u1_0 left join candidates u1_1 on u1_0.id=u1_1.user_id left join recruiters u1_2 on u1_0.id=u1_2.user_id where u1_0.role=?
Hibernate: select u1_0.id,case when u1_1.user_id is not null then 1 when u1_2.user_id is not null then 2 when u1_0.id is not null then 0 end,u1_0.activation_token,u1_0.approval_status,u1_0.email,u1_0.email_verified,u1_0.nom,u1_0.password,u1_0.reset_password_token,u1_0.reset_password_token_expires_at,u1_0.role,u1_0.statut_compte,u1_1.adresse,u1_1.date_naissance,u1_1.description,u1_1.education_json,u1_1.experience,u1_1.facebook_url,u1_1.genre,u1_1.github_url,u1_1.instagram_url,u1_1.linkedin_url,u1_1.localisation,u1_1.num_telephone,u1_1.photo_couverture_nom,u1_1.photo_profil_nom,u1_1.poste_recherche,u1_1.profession,u1_1.skills_json,u1_2.departement,u1_2.entreprise_id,u1_2.fonction,u1_2.poste from users u1_0 left join candidates u1_1 on u1_0.id=u1_1.user_id left join recruiters u1_2 on u1_0.id=u1_2.user_id where u1_0.email=?
Hibernate: select u1_0.id,case when u1_1.user_id is not null then 1 when u1_2.user_id is not null then 2 when u1_0.id is not null then 0 end,u1_0.activation_token,u1_0.approval_status,u1_0.email,u1_0.email_verified,u1_0.nom,u1_0.password,u1_0.reset_password_token,u1_0.reset_password_token_expires_at,u1_0.role,u1_0.statut_compte,u1_1.adresse,u1_1.date_naissance,u1_1.description,u1_1.education_json,u1_1.experience,u1_1.facebook_url,u1_1.genre,u1_1.github_url,u1_1.instagram_url,u1_1.linkedin_url,u1_1.localisation,u1_1.num_telephone,u1_1.photo_couverture_nom,u1_1.photo_profil_nom,u1_1.poste_recherche,u1_1.profession,u1_1.skills_json,u1_2.departement,u1_2.entreprise_id,u1_2.fonction,u1_2.poste from users u1_0 left join candidates u1_1 on u1_0.id=u1_1.user_id left join recruiters u1_2 on u1_0.id=u1_2.user_id where u1_0.role=?
Hibernate: select u1_0.id,case when u1_1.user_id is not null then 1 when u1_2.user_id is not null then 2 when u1_0.id is not null then 0 end,u1_0.activation_token,u1_0.approval_status,u1_0.email,u1_0.email_verified,u1_0.nom,u1_0.password,u1_0.reset_password_token,u1_0.reset_password_token_expires_at,u1_0.role,u1_0.statut_compte,u1_1.adresse,u1_1.date_naissance,u1_1.description,u1_1.education_json,u1_1.experience,u1_1.facebook_url,u1_1.genre,u1_1.github_url,u1_1.instagram_url,u1_1.linkedin_url,u1_1.localisation,u1_1.num_telephone,u1_1.photo_couverture_nom,u1_1.photo_profil_nom,u1_1.poste_recherche,u1_1.profession,u1_1.skills_json,u1_2.departement,u1_2.entreprise_id,u1_2.fonction,u1_2.poste from users u1_0 left join candidates u1_1 on u1_0.id=u1_1.user_id left join recruiters u1_2 on u1_0.id=u1_2.user_id where u1_0.email=?
Hibernate: select u1_0.id,case when u1_1.user_id is not null then 1 when u1_2.user_id is not null then 2 when u1_0.id is not null then 0 end,u1_0.activation_token,u1_0.approval_status,u1_0.email,u1_0.email_verified,u1_0.nom,u1_0.password,u1_0.reset_password_token,u1_0.reset_password_token_expires_at,u1_0.role,u1_0.statut_compte,u1_1.adresse,u1_1.date_naissance,u1_1.description,u1_1.education_json,u1_1.experience,u1_1.facebook_url,u1_1.genre,u1_1.github_url,u1_1.instagram_url,u1_1.linkedin_url,u1_1.localisation,u1_1.num_telephone,u1_1.photo_couverture_nom,u1_1.photo_profil_nom,u1_1.poste_recherche,u1_1.profession,u1_1.skills_json,u1_2.departement,e1_0.id_entreprise,e1_0.abonnement_actif,e1_0.adresse,e1_0.description,e1_0.email,e1_0.nom_entreprise,e1_0.secteur,e1_0.site_web,u1_2.fonction,u1_2.poste from users u1_0 left join candidates u1_1 on u1_0.id=u1_1.user_id left join recruiters u1_2 on u1_0.id=u1_2.user_id left join entreprises e1_0 on e1_0.id_entreprise=u1_2.entreprise_id where u1_0.id=?
Hibernate: select n1_0.id,n1_0.date_envoi,n1_0.lue,n1_0.message,n1_0.user_id from notification n1_0 where n1_0.user_id=?
2026-04-08T22:13:24.842+01:00 ERROR 7788 --- [Recrutement] [nio-8081-exec-1] o.a.c.c.C.[.[.[/].[dispatcherServlet]    : Servlet.service() for servlet [dispatcherServlet] in context with path [] threw exception [Request processing failed: org.springframework.dao.InvalidDataAccessApiUsageException: No EntityManager with actual transaction available for current thread - cannot reliably process 'remove' call] with root cause

jakarta.persistence.TransactionRequiredException: No EntityManager with actual transaction available for current thread - cannot reliably process 'remove' call
	at org.springframework.orm.jpa.SharedEntityManagerCreator$SharedEntityManagerInvocationHandler.invoke(SharedEntityManagerCreator.java:301) ~[spring-orm-7.0.3.jar:7.0.3]
	at jdk.proxy2/jdk.proxy2.$Proxy134.remove(Unknown Source) ~[na:na]
	at org.springframework.data.jpa.repository.query.JpaQueryExecution$DeleteExecution.doExecute(JpaQueryExecution.java:419) ~[spring-data-jpa-4.0.2.jar:4.0.2]
	at org.springframework.data.jpa.repository.query.JpaQueryExecution.execute(JpaQueryExecution.java:99) ~[spring-data-jpa-4.0.2.jar:4.0.2]
	at org.springframework.data.jpa.repository.query.AbstractJpaQuery.doExecute(AbstractJpaQuery.java:164) ~[spring-data-jpa-4.0.2.jar:4.0.2]
	at org.springframework.data.jpa.repository.query.AbstractJpaQuery.execute(AbstractJpaQuery.java:154) ~[spring-data-jpa-4.0.2.jar:4.0.2]
	at org.springframework.data.repository.core.support.RepositoryMethodInvoker.doInvoke(RepositoryMethodInvoker.java:169) ~[spring-data-commons-4.0.2.jar:4.0.2]
	at org.springframework.data.repository.core.support.RepositoryMethodInvoker.invoke(RepositoryMethodInvoker.java:158) ~[spring-data-commons-4.0.2.jar:4.0.2]
	at org.springframework.data.repository.core.support.QueryExecutorMethodInterceptor.doInvoke(QueryExecutorMethodInterceptor.java:167) ~[spring-data-commons-4.0.2.jar:4.0.2]
	at org.springframework.data.repository.core.support.QueryExecutorMethodInterceptor.invoke(QueryExecutorMethodInterceptor.java:146) ~[spring-data-commons-4.0.2.jar:4.0.2]
	at org.springframework.aop.framework.ReflectiveMethodInvocation.proceed(ReflectiveMethodInvocation.java:179) ~[spring-aop-7.0.3.jar:7.0.3]
	at org.springframework.data.projection.DefaultMethodInvokingMethodInterceptor.invoke(DefaultMethodInvokingMethodInterceptor.java:69) ~[spring-data-commons-4.0.2.jar:4.0.2]
	at org.springframework.aop.framework.ReflectiveMethodInvocation.proceed(ReflectiveMethodInvocation.java:179) ~[spring-aop-7.0.3.jar:7.0.3]
	at org.springframework.transaction.interceptor.TransactionInterceptor$1.proceedWithInvocation(TransactionInterceptor.java:133) ~[spring-tx-7.0.3.jar:7.0.3]
	at org.springframework.transaction.interceptor.TransactionAspectSupport.invokeWithinTransaction(TransactionAspectSupport.java:371) ~[spring-tx-7.0.3.jar:7.0.3]
	at org.springframework.transaction.interceptor.TransactionInterceptor.invoke(TransactionInterceptor.java:130) ~[spring-tx-7.0.3.jar:7.0.3]
	at org.springframework.aop.framework.ReflectiveMethodInvocation.proceed(ReflectiveMethodInvocation.java:179) ~[spring-aop-7.0.3.jar:7.0.3]
	at org.springframework.dao.support.PersistenceExceptionTranslationInterceptor.invoke(PersistenceExceptionTranslationInterceptor.java:135) ~[spring-tx-7.0.3.jar:7.0.3]
	at org.springframework.aop.framework.ReflectiveMethodInvocation.proceed(ReflectiveMethodInvocation.java:179) ~[spring-aop-7.0.3.jar:7.0.3]
	at org.springframework.data.jpa.repository.support.CrudMethodMetadataPostProcessor$CrudMethodMetadataPopulatingMethodInterceptor.invoke(CrudMethodMetadataPostProcessor.java:137) ~[spring-data-jpa-4.0.2.jar:4.0.2]
	at org.springframework.aop.framework.ReflectiveMethodInvocation.proceed(ReflectiveMethodInvocation.java:179) ~[spring-aop-7.0.3.jar:7.0.3]
	at org.springframework.aop.framework.JdkDynamicAopProxy.invoke(JdkDynamicAopProxy.java:222) ~[spring-aop-7.0.3.jar:7.0.3]
	at jdk.proxy2/jdk.proxy2.$Proxy144.deleteByUser(Unknown Source) ~[na:na]
	at com.recrutement.recrutement.service.Impl.NotificationServiceImpl.clearNotificationsForUser(NotificationServiceImpl.java:103) ~[classes/:na]
	at com.recrutement.recrutement.service.Impl.AuthServiceImpl.deleteRecruiterAccount(AuthServiceImpl.java:455) ~[classes/:na]
	at com.recrutement.recrutement.controller.AdminController.deleteRecruiter(AdminController.java:45) ~[classes/:na]
	at java.base/jdk.internal.reflect.DirectMethodHandleAccessor.invoke(DirectMethodHandleAccessor.java:104) ~[na:na]
	at java.base/java.lang.reflect.Method.invoke(Method.java:565) ~[na:na]
	at org.springframework.web.method.support.InvocableHandlerMethod.doInvoke(InvocableHandlerMethod.java:258) ~[spring-web-7.0.3.jar:7.0.3]
	at org.springframework.web.method.support.InvocableHandlerMethod.invokeForRequest(InvocableHandlerMethod.java:190) ~[spring-web-7.0.3.jar:7.0.3]
	at org.springframework.web.servlet.mvc.method.annotation.ServletInvocableHandlerMethod.invokeAndHandle(ServletInvocableHandlerMethod.java:117) ~[spring-webmvc-7.0.3.jar:7.0.3]
	at org.springframework.web.servlet.mvc.method.annotation.RequestMappingHandlerAdapter.invokeHandlerMethod(RequestMappingHandlerAdapter.java:934) ~[spring-webmvc-7.0.3.jar:7.0.3]
	at org.springframework.web.servlet.mvc.method.annotation.RequestMappingHandlerAdapter.handleInternal(RequestMappingHandlerAdapter.java:853) ~[spring-webmvc-7.0.3.jar:7.0.3]
	at org.springframework.web.servlet.mvc.method.AbstractHandlerMethodAdapter.handle(AbstractHandlerMethodAdapter.java:86) ~[spring-webmvc-7.0.3.jar:7.0.3]
	at org.springframework.web.servlet.DispatcherServlet.doDispatch(DispatcherServlet.java:963) ~[spring-webmvc-7.0.3.jar:7.0.3]
	at org.springframework.web.servlet.DispatcherServlet.doService(DispatcherServlet.java:866) ~[spring-webmvc-7.0.3.jar:7.0.3]
	at org.springframework.web.servlet.FrameworkServlet.processRequest(FrameworkServlet.java:1003) ~[spring-webmvc-7.0.3.jar:7.0.3]
	at org.springframework.web.servlet.FrameworkServlet.doDelete(FrameworkServlet.java:925) ~[spring-webmvc-7.0.3.jar:7.0.3]
	at jakarta.servlet.http.HttpServlet.service(HttpServlet.java:651) ~[tomcat-embed-core-11.0.15.jar:6.1]
	at org.springframework.web.servlet.FrameworkServlet.service(FrameworkServlet.java:874) ~[spring-webmvc-7.0.3.jar:7.0.3]
	at jakarta.servlet.http.HttpServlet.service(HttpServlet.java:710) ~[tomcat-embed-core-11.0.15.jar:6.1]
	at org.apache.catalina.core.ApplicationFilterChain.doFilter(ApplicationFilterChain.java:128) ~[tomcat-embed-core-11.0.15.jar:11.0.15]
	at org.apache.tomcat.websocket.server.WsFilter.doFilter(WsFilter.java:53) ~[tomcat-embed-websocket-11.0.15.jar:11.0.15]
	at org.apache.catalina.core.ApplicationFilterChain.doFilter(ApplicationFilterChain.java:107) ~[tomcat-embed-core-11.0.15.jar:11.0.15]
	at org.springframework.web.filter.OncePerRequestFilter.doFilter(OncePerRequestFilter.java:110) ~[spring-web-7.0.3.jar:7.0.3]
	at org.apache.catalina.core.ApplicationFilterChain.doFilter(ApplicationFilterChain.java:107) ~[tomcat-embed-core-11.0.15.jar:11.0.15]
	at org.springframework.web.filter.CompositeFilter$VirtualFilterChain.doFilter(CompositeFilter.java:108) ~[spring-web-7.0.3.jar:7.0.3]
	at org.springframework.security.web.FilterChainProxy.lambda$doFilterInternal$3(FilterChainProxy.java:235) ~[spring-security-web-7.0.2.jar:7.0.2]
	at org.springframework.security.web.FilterChainProxy$VirtualFilterChain.doFilter(FilterChainProxy.java:371) ~[spring-security-web-7.0.2.jar:7.0.2]
	at org.springframework.security.web.access.intercept.AuthorizationFilter.doFilter(AuthorizationFilter.java:101) ~[spring-security-web-7.0.2.jar:7.0.2]
	at org.springframework.security.web.FilterChainProxy$VirtualFilterChain.doFilter(FilterChainProxy.java:380) ~[spring-security-web-7.0.2.jar:7.0.2]
	at org.springframework.security.web.access.ExceptionTranslationFilter.doFilter(ExceptionTranslationFilter.java:126) ~[spring-security-web-7.0.2.jar:7.0.2]
	at org.springframework.security.web.access.ExceptionTranslationFilter.doFilter(ExceptionTranslationFilter.java:120) ~[spring-security-web-7.0.2.jar:7.0.2]
	at org.springframework.security.web.FilterChainProxy$VirtualFilterChain.doFilter(FilterChainProxy.java:380) ~[spring-security-web-7.0.2.jar:7.0.2]
	at org.springframework.security.web.session.SessionManagementFilter.doFilter(SessionManagementFilter.java:132) ~[spring-security-web-7.0.2.jar:7.0.2]
	at org.springframework.security.web.session.SessionManagementFilter.doFilter(SessionManagementFilter.java:86) ~[spring-security-web-7.0.2.jar:7.0.2]
	at org.springframework.security.web.FilterChainProxy$VirtualFilterChain.doFilter(FilterChainProxy.java:380) ~[spring-security-web-7.0.2.jar:7.0.2]
	at org.springframework.security.web.authentication.AnonymousAuthenticationFilter.doFilter(AnonymousAuthenticationFilter.java:100) ~[spring-security-web-7.0.2.jar:7.0.2]
	at org.springframework.security.web.FilterChainProxy$VirtualFilterChain.doFilter(FilterChainProxy.java:380) ~[spring-security-web-7.0.2.jar:7.0.2]
	at org.springframework.security.web.servletapi.SecurityContextHolderAwareRequestFilter.doFilter(SecurityContextHolderAwareRequestFilter.java:181) ~[spring-security-web-7.0.2.jar:7.0.2]
	at org.springframework.security.web.FilterChainProxy$VirtualFilterChain.doFilter(FilterChainProxy.java:380) ~[spring-security-web-7.0.2.jar:7.0.2]
	at org.springframework.security.web.savedrequest.RequestCacheAwareFilter.doFilter(RequestCacheAwareFilter.java:63) ~[spring-security-web-7.0.2.jar:7.0.2]
	at org.springframework.security.web.FilterChainProxy$VirtualFilterChain.doFilter(FilterChainProxy.java:380) ~[spring-security-web-7.0.2.jar:7.0.2]
	at com.recrutement.recrutement.security.JwtAuthentificationFilter.doFilterInternal(JwtAuthentificationFilter.java:70) ~[classes/:na]
	at org.springframework.web.filter.OncePerRequestFilter.doFilter(OncePerRequestFilter.java:116) ~[spring-web-7.0.3.jar:7.0.3]
	at org.springframework.security.web.FilterChainProxy$VirtualFilterChain.doFilter(FilterChainProxy.java:380) ~[spring-security-web-7.0.2.jar:7.0.2]
	at org.springframework.security.web.authentication.logout.LogoutFilter.doFilter(LogoutFilter.java:110) ~[spring-security-web-7.0.2.jar:7.0.2]
	at org.springframework.security.web.authentication.logout.LogoutFilter.doFilter(LogoutFilter.java:96) ~[spring-security-web-7.0.2.jar:7.0.2]
	at org.springframework.security.web.FilterChainProxy$VirtualFilterChain.doFilter(FilterChainProxy.java:380) ~[spring-security-web-7.0.2.jar:7.0.2]
	at org.springframework.web.filter.CorsFilter.doFilterInternal(CorsFilter.java:91) ~[spring-web-7.0.3.jar:7.0.3]
	at org.springframework.web.filter.OncePerRequestFilter.doFilter(OncePerRequestFilter.java:116) ~[spring-web-7.0.3.jar:7.0.3]
	at org.springframework.security.web.FilterChainProxy$VirtualFilterChain.doFilter(FilterChainProxy.java:380) ~[spring-security-web-7.0.2.jar:7.0.2]
	at org.springframework.security.web.header.HeaderWriterFilter.doHeadersAfter(HeaderWriterFilter.java:90) ~[spring-security-web-7.0.2.jar:7.0.2]
	at org.springframework.security.web.header.HeaderWriterFilter.doFilterInternal(HeaderWriterFilter.java:75) ~[spring-security-web-7.0.2.jar:7.0.2]
	at org.springframework.web.filter.OncePerRequestFilter.doFilter(OncePerRequestFilter.java:116) ~[spring-web-7.0.3.jar:7.0.3]
	at org.springframework.security.web.FilterChainProxy$VirtualFilterChain.doFilter(FilterChainProxy.java:380) ~[spring-security-web-7.0.2.jar:7.0.2]
	at org.springframework.security.web.context.SecurityContextHolderFilter.doFilter(SecurityContextHolderFilter.java:82) ~[spring-security-web-7.0.2.jar:7.0.2]
	at org.springframework.security.web.context.SecurityContextHolderFilter.doFilter(SecurityContextHolderFilter.java:69) ~[spring-security-web-7.0.2.jar:7.0.2]
	at org.springframework.security.web.FilterChainProxy$VirtualFilterChain.doFilter(FilterChainProxy.java:380) ~[spring-security-web-7.0.2.jar:7.0.2]
	at org.springframework.security.web.context.request.async.WebAsyncManagerIntegrationFilter.doFilterInternal(WebAsyncManagerIntegrationFilter.java:62) ~[spring-security-web-7.0.2.jar:7.0.2]
	at org.springframework.web.filter.OncePerRequestFilter.doFilter(OncePerRequestFilter.java:116) ~[spring-web-7.0.3.jar:7.0.3]
	at org.springframework.security.web.FilterChainProxy$VirtualFilterChain.doFilter(FilterChainProxy.java:380) ~[spring-security-web-7.0.2.jar:7.0.2]
	at org.springframework.security.web.session.DisableEncodeUrlFilter.doFilterInternal(DisableEncodeUrlFilter.java:42) ~[spring-security-web-7.0.2.jar:7.0.2]
	at org.springframework.web.filter.OncePerRequestFilter.doFilter(OncePerRequestFilter.java:116) ~[spring-web-7.0.3.jar:7.0.3]
	at org.springframework.security.web.FilterChainProxy$VirtualFilterChain.doFilter(FilterChainProxy.java:380) ~[spring-security-web-7.0.2.jar:7.0.2]
	at org.springframework.security.web.FilterChainProxy.doFilterInternal(FilterChainProxy.java:237) ~[spring-security-web-7.0.2.jar:7.0.2]
	at org.springframework.security.web.FilterChainProxy.doFilter(FilterChainProxy.java:195) ~[spring-security-web-7.0.2.jar:7.0.2]
	at org.springframework.web.filter.CompositeFilter$VirtualFilterChain.doFilter(CompositeFilter.java:113) ~[spring-web-7.0.3.jar:7.0.3]
	at org.springframework.web.filter.ServletRequestPathFilter.doFilter(ServletRequestPathFilter.java:52) ~[spring-web-7.0.3.jar:7.0.3]
	at org.springframework.web.filter.CompositeFilter$VirtualFilterChain.doFilter(CompositeFilter.java:113) ~[spring-web-7.0.3.jar:7.0.3]
	at org.springframework.web.filter.CompositeFilter.doFilter(CompositeFilter.java:74) ~[spring-web-7.0.3.jar:7.0.3]
	at org.springframework.security.config.annotation.web.configuration.WebSecurityConfiguration$CompositeFilterChainProxy.doFilter(WebSecurityConfiguration.java:317) ~[spring-security-config-7.0.2.jar:7.0.2]
	at org.springframework.web.filter.DelegatingFilterProxy.invokeDelegate(DelegatingFilterProxy.java:355) ~[spring-web-7.0.3.jar:7.0.3]
	at org.springframework.web.filter.DelegatingFilterProxy.doFilter(DelegatingFilterProxy.java:272) ~[spring-web-7.0.3.jar:7.0.3]
	at org.apache.catalina.core.ApplicationFilterChain.doFilter(ApplicationFilterChain.java:107) ~[tomcat-embed-core-11.0.15.jar:11.0.15]
	at org.springframework.web.filter.RequestContextFilter.doFilterInternal(RequestContextFilter.java:100) ~[spring-web-7.0.3.jar:7.0.3]
	at org.springframework.web.filter.OncePerRequestFilter.doFilter(OncePerRequestFilter.java:116) ~[spring-web-7.0.3.jar:7.0.3]
	at org.apache.catalina.core.ApplicationFilterChain.doFilter(ApplicationFilterChain.java:107) ~[tomcat-embed-core-11.0.15.jar:11.0.15]
	at org.springframework.web.filter.FormContentFilter.doFilterInternal(FormContentFilter.java:93) ~[spring-web-7.0.3.jar:7.0.3]
	at org.springframework.web.filter.OncePerRequestFilter.doFilter(OncePerRequestFilter.java:116) ~[spring-web-7.0.3.jar:7.0.3]
	at org.apache.catalina.core.ApplicationFilterChain.doFilter(ApplicationFilterChain.java:107) ~[tomcat-embed-core-11.0.15.jar:11.0.15]
	at org.springframework.web.filter.CharacterEncodingFilter.doFilterInternal(CharacterEncodingFilter.java:199) ~[spring-web-7.0.3.jar:7.0.3]
	at org.springframework.web.filter.OncePerRequestFilter.doFilter(OncePerRequestFilter.java:116) ~[spring-web-7.0.3.jar:7.0.3]
	at org.apache.catalina.core.ApplicationFilterChain.doFilter(ApplicationFilterChain.java:107) ~[tomcat-embed-core-11.0.15.jar:11.0.15]
	at org.apache.catalina.core.StandardWrapperValve.invoke(StandardWrapperValve.java:165) ~[tomcat-embed-core-11.0.15.jar:11.0.15]
	at org.apache.catalina.core.StandardContextValve.invoke(StandardContextValve.java:77) ~[tomcat-embed-core-11.0.15.jar:11.0.15]
	at org.apache.catalina.authenticator.AuthenticatorBase.invoke(AuthenticatorBase.java:482) ~[tomcat-embed-core-11.0.15.jar:11.0.15]
	at org.apache.catalina.core.StandardHostValve.invoke(StandardHostValve.java:113) ~[tomcat-embed-core-11.0.15.jar:11.0.15]
	at org.apache.catalina.valves.ErrorReportValve.invoke(ErrorReportValve.java:83) ~[tomcat-embed-core-11.0.15.jar:11.0.15]
	at org.apache.catalina.core.StandardEngineValve.invoke(StandardEngineValve.java:72) ~[tomcat-embed-core-11.0.15.jar:11.0.15]
	at org.apache.catalina.connector.CoyoteAdapter.service(CoyoteAdapter.java:341) ~[tomcat-embed-core-11.0.15.jar:11.0.15]
	at org.apache.coyote.http11.Http11Processor.service(Http11Processor.java:397) ~[tomcat-embed-core-11.0.15.jar:11.0.15]
	at org.apache.coyote.AbstractProcessorLight.process(AbstractProcessorLight.java:63) ~[tomcat-embed-core-11.0.15.jar:11.0.15]
	at org.apache.coyote.AbstractProtocol$ConnectionHandler.process(AbstractProtocol.java:903) ~[tomcat-embed-core-11.0.15.jar:11.0.15]
	at org.apache.tomcat.util.net.NioEndpoint$SocketProcessor.doRun(NioEndpoint.java:1778) ~[tomcat-embed-core-11.0.15.jar:11.0.15]
	at org.apache.tomcat.util.net.SocketProcessorBase.run(SocketProcessorBase.java:52) ~[tomcat-embed-core-11.0.15.jar:11.0.15]
	at org.apache.tomcat.util.threads.ThreadPoolExecutor.runWorker(ThreadPoolExecutor.java:946) ~[tomcat-embed-core-11.0.15.jar:11.0.15]
	at org.apache.tomcat.util.threads.ThreadPoolExecutor$Worker.run(ThreadPoolExecutor.java:480) ~[tomcat-embed-core-11.0.15.jar:11.0.15]
	at org.apache.tomcat.util.threads.TaskThread$WrappingRunnable.run(TaskThread.java:57) ~[tomcat-embed-core-11.0.15.jar:11.0.15]
	at java.base/java.lang.Thread.run(Thread.java:1474) ~[na:na]

Hibernate: select u1_0.id,case when u1_1.user_id is not null then 1 when u1_2.user_id is not null then 2 when u1_0.id is not null then 0 end,u1_0.activation_token,u1_0.approval_status,u1_0.email,u1_0.email_verified,u1_0.nom,u1_0.password,u1_0.reset_password_token,u1_0.reset_password_token_expires_at,u1_0.role,u1_0.statut_compte,u1_1.adresse,u1_1.date_naissance,u1_1.description,u1_1.education_json,u1_1.experience,u1_1.facebook_url,u1_1.genre,u1_1.github_url,u1_1.instagram_url,u1_1.linkedin_url,u1_1.localisation,u1_1.num_telephone,u1_1.photo_couverture_nom,u1_1.photo_profil_nom,u1_1.poste_recherche,u1_1.profession,u1_1.skills_json,u1_2.departement,u1_2.entreprise_id,u1_2.fonction,u1_2.poste from users u1_0 left join candidates u1_1 on u1_0.id=u1_1.user_id left join recruiters u1_2 on u1_0.id=u1_2.user_id where u1_0.email=?
Hibernate: select u1_0.id,case when u1_1.user_id is not null then 1 when u1_2.user_id is not null then 2 when u1_0.id is not null then 0 end,u1_0.activation_token,u1_0.approval_status,u1_0.email,u1_0.email_verified,u1_0.nom,u1_0.password,u1_0.reset_password_token,u1_0.reset_password_token_expires_at,u1_0.role,u1_0.statut_compte,u1_1.adresse,u1_1.date_naissance,u1_1.description,u1_1.education_json,u1_1.experience,u1_1.facebook_url,u1_1.genre,u1_1.github_url,u1_1.instagram_url,u1_1.linkedin_url,u1_1.localisation,u1_1.num_telephone,u1_1.photo_couverture_nom,u1_1.photo_profil_nom,u1_1.poste_recherche,u1_1.profession,u1_1.skills_json,u1_2.departement,e1_0.id_entreprise,e1_0.abonnement_actif,e1_0.adresse,e1_0.description,e1_0.email,e1_0.nom_entreprise,e1_0.secteur,e1_0.site_web,u1_2.fonction,u1_2.poste from users u1_0 left join candidates u1_1 on u1_0.id=u1_1.user_id left join recruiters u1_2 on u1_0.id=u1_2.user_id left join entreprises e1_0 on e1_0.id_entreprise=u1_2.entreprise_id where u1_0.id=?
Hibernate: select n1_0.id,n1_0.date_envoi,n1_0.lue,n1_0.message,n1_0.user_id from notification n1_0 where n1_0.user_id=?
2026-04-08T22:13:31.648+01:00 ERROR 7788 --- [Recrutement] [nio-8081-exec-3] o.a.c.c.C.[.[.[/].[dispatcherServlet]    : Servlet.service() for servlet [dispatcherServlet] in context with path [] threw exception [Request processing failed: org.springframework.dao.InvalidDataAccessApiUsageException: No EntityManager with actual transaction available for current thread - cannot reliably process 'remove' call] with root cause

jakarta.persistence.TransactionRequiredException: No EntityManager with actual transaction available for current thread - cannot reliably process 'remove' call
	at org.springframework.orm.jpa.SharedEntityManagerCreator$SharedEntityManagerInvocationHandler.invoke(SharedEntityManagerCreator.java:301) ~[spring-orm-7.0.3.jar:7.0.3]
	at jdk.proxy2/jdk.proxy2.$Proxy134.remove(Unknown Source) ~[na:na]
	at org.springframework.data.jpa.repository.query.JpaQueryExecution$DeleteExecution.doExecute(JpaQueryExecution.java:419) ~[spring-data-jpa-4.0.2.jar:4.0.2]
	at org.springframework.data.jpa.repository.query.JpaQueryExecution.execute(JpaQueryExecution.java:99) ~[spring-data-jpa-4.0.2.jar:4.0.2]
	at org.springframework.data.jpa.repository.query.AbstractJpaQuery.doExecute(AbstractJpaQuery.java:164) ~[spring-data-jpa-4.0.2.jar:4.0.2]
	at org.springframework.data.jpa.repository.query.AbstractJpaQuery.execute(AbstractJpaQuery.java:154) ~[spring-data-jpa-4.0.2.jar:4.0.2]
	at org.springframework.data.repository.core.support.RepositoryMethodInvoker.doInvoke(RepositoryMethodInvoker.java:169) ~[spring-data-commons-4.0.2.jar:4.0.2]
	at org.springframework.data.repository.core.support.RepositoryMethodInvoker.invoke(RepositoryMethodInvoker.java:158) ~[spring-data-commons-4.0.2.jar:4.0.2]
	at org.springframework.data.repository.core.support.QueryExecutorMethodInterceptor.doInvoke(QueryExecutorMethodInterceptor.java:167) ~[spring-data-commons-4.0.2.jar:4.0.2]
	at org.springframework.data.repository.core.support.QueryExecutorMethodInterceptor.invoke(QueryExecutorMethodInterceptor.java:146) ~[spring-data-commons-4.0.2.jar:4.0.2]
	at org.springframework.aop.framework.ReflectiveMethodInvocation.proceed(ReflectiveMethodInvocation.java:179) ~[spring-aop-7.0.3.jar:7.0.3]
	at org.springframework.data.projection.DefaultMethodInvokingMethodInterceptor.invoke(DefaultMethodInvokingMethodInterceptor.java:69) ~[spring-data-commons-4.0.2.jar:4.0.2]
	at org.springframework.aop.framework.ReflectiveMethodInvocation.proceed(ReflectiveMethodInvocation.java:179) ~[spring-aop-7.0.3.jar:7.0.3]
	at org.springframework.transaction.interceptor.TransactionInterceptor$1.proceedWithInvocation(TransactionInterceptor.java:133) ~[spring-tx-7.0.3.jar:7.0.3]
	at org.springframework.transaction.interceptor.TransactionAspectSupport.invokeWithinTransaction(TransactionAspectSupport.java:371) ~[spring-tx-7.0.3.jar:7.0.3]
	at org.springframework.transaction.interceptor.TransactionInterceptor.invoke(TransactionInterceptor.java:130) ~[spring-tx-7.0.3.jar:7.0.3]
	at org.springframework.aop.framework.ReflectiveMethodInvocation.proceed(ReflectiveMethodInvocation.java:179) ~[spring-aop-7.0.3.jar:7.0.3]
	at org.springframework.dao.support.PersistenceExceptionTranslationInterceptor.invoke(PersistenceExceptionTranslationInterceptor.java:135) ~[spring-tx-7.0.3.jar:7.0.3]
	at org.springframework.aop.framework.ReflectiveMethodInvocation.proceed(ReflectiveMethodInvocation.java:179) ~[spring-aop-7.0.3.jar:7.0.3]
	at org.springframework.data.jpa.repository.support.CrudMethodMetadataPostProcessor$CrudMethodMetadataPopulatingMethodInterceptor.invoke(CrudMethodMetadataPostProcessor.java:137) ~[spring-data-jpa-4.0.2.jar:4.0.2]
	at org.springframework.aop.framework.ReflectiveMethodInvocation.proceed(ReflectiveMethodInvocation.java:179) ~[spring-aop-7.0.3.jar:7.0.3]
	at org.springframework.aop.framework.JdkDynamicAopProxy.invoke(JdkDynamicAopProxy.java:222) ~[spring-aop-7.0.3.jar:7.0.3]
	at jdk.proxy2/jdk.proxy2.$Proxy144.deleteByUser(Unknown Source) ~[na:na]
	at com.recrutement.recrutement.service.Impl.NotificationServiceImpl.clearNotificationsForUser(NotificationServiceImpl.java:103) ~[classes/:na]
	at com.recrutement.recrutement.service.Impl.AuthServiceImpl.deleteRecruiterAccount(AuthServiceImpl.java:455) ~[classes/:na]
	at com.recrutement.recrutement.controller.AdminController.deleteRecruiter(AdminController.java:45) ~[classes/:na]
	at java.base/jdk.internal.reflect.DirectMethodHandleAccessor.invoke(DirectMethodHandleAccessor.java:104) ~[na:na]
	at java.base/java.lang.reflect.Method.invoke(Method.java:565) ~[na:na]
	at org.springframework.web.method.support.InvocableHandlerMethod.doInvoke(InvocableHandlerMethod.java:258) ~[spring-web-7.0.3.jar:7.0.3]
	at org.springframework.web.method.support.InvocableHandlerMethod.invokeForRequest(InvocableHandlerMethod.java:190) ~[spring-web-7.0.3.jar:7.0.3]
	at org.springframework.web.servlet.mvc.method.annotation.ServletInvocableHandlerMethod.invokeAndHandle(ServletInvocableHandlerMethod.java:117) ~[spring-webmvc-7.0.3.jar:7.0.3]
	at org.springframework.web.servlet.mvc.method.annotation.RequestMappingHandlerAdapter.invokeHandlerMethod(RequestMappingHandlerAdapter.java:934) ~[spring-webmvc-7.0.3.jar:7.0.3]
	at org.springframework.web.servlet.mvc.method.annotation.RequestMappingHandlerAdapter.handleInternal(RequestMappingHandlerAdapter.java:853) ~[spring-webmvc-7.0.3.jar:7.0.3]
	at org.springframework.web.servlet.mvc.method.AbstractHandlerMethodAdapter.handle(AbstractHandlerMethodAdapter.java:86) ~[spring-webmvc-7.0.3.jar:7.0.3]
	at org.springframework.web.servlet.DispatcherServlet.doDispatch(DispatcherServlet.java:963) ~[spring-webmvc-7.0.3.jar:7.0.3]
	at org.springframework.web.servlet.DispatcherServlet.doService(DispatcherServlet.java:866) ~[spring-webmvc-7.0.3.jar:7.0.3]
	at org.springframework.web.servlet.FrameworkServlet.processRequest(FrameworkServlet.java:1003) ~[spring-webmvc-7.0.3.jar:7.0.3]
	at org.springframework.web.servlet.FrameworkServlet.doDelete(FrameworkServlet.java:925) ~[spring-webmvc-7.0.3.jar:7.0.3]
	at jakarta.servlet.http.HttpServlet.service(HttpServlet.java:651) ~[tomcat-embed-core-11.0.15.jar:6.1]
	at org.springframework.web.servlet.FrameworkServlet.service(FrameworkServlet.java:874) ~[spring-webmvc-7.0.3.jar:7.0.3]
	at jakarta.servlet.http.HttpServlet.service(HttpServlet.java:710) ~[tomcat-embed-core-11.0.15.jar:6.1]
	at org.apache.catalina.core.ApplicationFilterChain.doFilter(ApplicationFilterChain.java:128) ~[tomcat-embed-core-11.0.15.jar:11.0.15]
	at org.apache.tomcat.websocket.server.WsFilter.doFilter(WsFilter.java:53) ~[tomcat-embed-websocket-11.0.15.jar:11.0.15]
	at org.apache.catalina.core.ApplicationFilterChain.doFilter(ApplicationFilterChain.java:107) ~[tomcat-embed-core-11.0.15.jar:11.0.15]
	at org.springframework.web.filter.OncePerRequestFilter.doFilter(OncePerRequestFilter.java:110) ~[spring-web-7.0.3.jar:7.0.3]
	at org.apache.catalina.core.ApplicationFilterChain.doFilter(ApplicationFilterChain.java:107) ~[tomcat-embed-core-11.0.15.jar:11.0.15]
	at org.springframework.web.filter.CompositeFilter$VirtualFilterChain.doFilter(CompositeFilter.java:108) ~[spring-web-7.0.3.jar:7.0.3]
	at org.springframework.security.web.FilterChainProxy.lambda$doFilterInternal$3(FilterChainProxy.java:235) ~[spring-security-web-7.0.2.jar:7.0.2]
	at org.springframework.security.web.FilterChainProxy$VirtualFilterChain.doFilter(FilterChainProxy.java:371) ~[spring-security-web-7.0.2.jar:7.0.2]
	at org.springframework.security.web.access.intercept.AuthorizationFilter.doFilter(AuthorizationFilter.java:101) ~[spring-security-web-7.0.2.jar:7.0.2]
	at org.springframework.security.web.FilterChainProxy$VirtualFilterChain.doFilter(FilterChainProxy.java:380) ~[spring-security-web-7.0.2.jar:7.0.2]
	at org.springframework.security.web.access.ExceptionTranslationFilter.doFilter(ExceptionTranslationFilter.java:126) ~[spring-security-web-7.0.2.jar:7.0.2]
	at org.springframework.security.web.access.ExceptionTranslationFilter.doFilter(ExceptionTranslationFilter.java:120) ~[spring-security-web-7.0.2.jar:7.0.2]
	at org.springframework.security.web.FilterChainProxy$VirtualFilterChain.doFilter(FilterChainProxy.java:380) ~[spring-security-web-7.0.2.jar:7.0.2]
	at org.springframework.security.web.session.SessionManagementFilter.doFilter(SessionManagementFilter.java:132) ~[spring-security-web-7.0.2.jar:7.0.2]
	at org.springframework.security.web.session.SessionManagementFilter.doFilter(SessionManagementFilter.java:86) ~[spring-security-web-7.0.2.jar:7.0.2]
	at org.springframework.security.web.FilterChainProxy$VirtualFilterChain.doFilter(FilterChainProxy.java:380) ~[spring-security-web-7.0.2.jar:7.0.2]
	at org.springframework.security.web.authentication.AnonymousAuthenticationFilter.doFilter(AnonymousAuthenticationFilter.java:100) ~[spring-security-web-7.0.2.jar:7.0.2]
	at org.springframework.security.web.FilterChainProxy$VirtualFilterChain.doFilter(FilterChainProxy.java:380) ~[spring-security-web-7.0.2.jar:7.0.2]
	at org.springframework.security.web.servletapi.SecurityContextHolderAwareRequestFilter.doFilter(SecurityContextHolderAwareRequestFilter.java:181) ~[spring-security-web-7.0.2.jar:7.0.2]
	at org.springframework.security.web.FilterChainProxy$VirtualFilterChain.doFilter(FilterChainProxy.java:380) ~[spring-security-web-7.0.2.jar:7.0.2]
	at org.springframework.security.web.savedrequest.RequestCacheAwareFilter.doFilter(RequestCacheAwareFilter.java:63) ~[spring-security-web-7.0.2.jar:7.0.2]
	at org.springframework.security.web.FilterChainProxy$VirtualFilterChain.doFilter(FilterChainProxy.java:380) ~[spring-security-web-7.0.2.jar:7.0.2]
	at com.recrutement.recrutement.security.JwtAuthentificationFilter.doFilterInternal(JwtAuthentificationFilter.java:70) ~[classes/:na]
	at org.springframework.web.filter.OncePerRequestFilter.doFilter(OncePerRequestFilter.java:116) ~[spring-web-7.0.3.jar:7.0.3]
	at org.springframework.security.web.FilterChainProxy$VirtualFilterChain.doFilter(FilterChainProxy.java:380) ~[spring-security-web-7.0.2.jar:7.0.2]
	at org.springframework.security.web.authentication.logout.LogoutFilter.doFilter(LogoutFilter.java:110) ~[spring-security-web-7.0.2.jar:7.0.2]
	at org.springframework.security.web.authentication.logout.LogoutFilter.doFilter(LogoutFilter.java:96) ~[spring-security-web-7.0.2.jar:7.0.2]
	at org.springframework.security.web.FilterChainProxy$VirtualFilterChain.doFilter(FilterChainProxy.java:380) ~[spring-security-web-7.0.2.jar:7.0.2]
	at org.springframework.web.filter.CorsFilter.doFilterInternal(CorsFilter.java:91) ~[spring-web-7.0.3.jar:7.0.3]
	at org.springframework.web.filter.OncePerRequestFilter.doFilter(OncePerRequestFilter.java:116) ~[spring-web-7.0.3.jar:7.0.3]
	at org.springframework.security.web.FilterChainProxy$VirtualFilterChain.doFilter(FilterChainProxy.java:380) ~[spring-security-web-7.0.2.jar:7.0.2]
	at org.springframework.security.web.header.HeaderWriterFilter.doHeadersAfter(HeaderWriterFilter.java:90) ~[spring-security-web-7.0.2.jar:7.0.2]
	at org.springframework.security.web.header.HeaderWriterFilter.doFilterInternal(HeaderWriterFilter.java:75) ~[spring-security-web-7.0.2.jar:7.0.2]
	at org.springframework.web.filter.OncePerRequestFilter.doFilter(OncePerRequestFilter.java:116) ~[spring-web-7.0.3.jar:7.0.3]
	at org.springframework.security.web.FilterChainProxy$VirtualFilterChain.doFilter(FilterChainProxy.java:380) ~[spring-security-web-7.0.2.jar:7.0.2]
	at org.springframework.security.web.context.SecurityContextHolderFilter.doFilter(SecurityContextHolderFilter.java:82) ~[spring-security-web-7.0.2.jar:7.0.2]
	at org.springframework.security.web.context.SecurityContextHolderFilter.doFilter(SecurityContextHolderFilter.java:69) ~[spring-security-web-7.0.2.jar:7.0.2]
	at org.springframework.security.web.FilterChainProxy$VirtualFilterChain.doFilter(FilterChainProxy.java:380) ~[spring-security-web-7.0.2.jar:7.0.2]
	at org.springframework.security.web.context.request.async.WebAsyncManagerIntegrationFilter.doFilterInternal(WebAsyncManagerIntegrationFilter.java:62) ~[spring-security-web-7.0.2.jar:7.0.2]
	at org.springframework.web.filter.OncePerRequestFilter.doFilter(OncePerRequestFilter.java:116) ~[spring-web-7.0.3.jar:7.0.3]
	at org.springframework.security.web.FilterChainProxy$VirtualFilterChain.doFilter(FilterChainProxy.java:380) ~[spring-security-web-7.0.2.jar:7.0.2]
	at org.springframework.security.web.session.DisableEncodeUrlFilter.doFilterInternal(DisableEncodeUrlFilter.java:42) ~[spring-security-web-7.0.2.jar:7.0.2]
	at org.springframework.web.filter.OncePerRequestFilter.doFilter(OncePerRequestFilter.java:116) ~[spring-web-7.0.3.jar:7.0.3]
	at org.springframework.security.web.FilterChainProxy$VirtualFilterChain.doFilter(FilterChainProxy.java:380) ~[spring-security-web-7.0.2.jar:7.0.2]
	at org.springframework.security.web.FilterChainProxy.doFilterInternal(FilterChainProxy.java:237) ~[spring-security-web-7.0.2.jar:7.0.2]
	at org.springframework.security.web.FilterChainProxy.doFilter(FilterChainProxy.java:195) ~[spring-security-web-7.0.2.jar:7.0.2]
	at org.springframework.web.filter.CompositeFilter$VirtualFilterChain.doFilter(CompositeFilter.java:113) ~[spring-web-7.0.3.jar:7.0.3]
	at org.springframework.web.filter.ServletRequestPathFilter.doFilter(ServletRequestPathFilter.java:52) ~[spring-web-7.0.3.jar:7.0.3]
	at org.springframework.web.filter.CompositeFilter$VirtualFilterChain.doFilter(CompositeFilter.java:113) ~[spring-web-7.0.3.jar:7.0.3]
	at org.springframework.web.filter.CompositeFilter.doFilter(CompositeFilter.java:74) ~[spring-web-7.0.3.jar:7.0.3]
	at org.springframework.security.config.annotation.web.configuration.WebSecurityConfiguration$CompositeFilterChainProxy.doFilter(WebSecurityConfiguration.java:317) ~[spring-security-config-7.0.2.jar:7.0.2]
	at org.springframework.web.filter.DelegatingFilterProxy.invokeDelegate(DelegatingFilterProxy.java:355) ~[spring-web-7.0.3.jar:7.0.3]
	at org.springframework.web.filter.DelegatingFilterProxy.doFilter(DelegatingFilterProxy.java:272) ~[spring-web-7.0.3.jar:7.0.3]
	at org.apache.catalina.core.ApplicationFilterChain.doFilter(ApplicationFilterChain.java:107) ~[tomcat-embed-core-11.0.15.jar:11.0.15]
	at org.springframework.web.filter.RequestContextFilter.doFilterInternal(RequestContextFilter.java:100) ~[spring-web-7.0.3.jar:7.0.3]
	at org.springframework.web.filter.OncePerRequestFilter.doFilter(OncePerRequestFilter.java:116) ~[spring-web-7.0.3.jar:7.0.3]
	at org.apache.catalina.core.ApplicationFilterChain.doFilter(ApplicationFilterChain.java:107) ~[tomcat-embed-core-11.0.15.jar:11.0.15]
	at org.springframework.web.filter.FormContentFilter.doFilterInternal(FormContentFilter.java:93) ~[spring-web-7.0.3.jar:7.0.3]
	at org.springframework.web.filter.OncePerRequestFilter.doFilter(OncePerRequestFilter.java:116) ~[spring-web-7.0.3.jar:7.0.3]
	at org.apache.catalina.core.ApplicationFilterChain.doFilter(ApplicationFilterChain.java:107) ~[tomcat-embed-core-11.0.15.jar:11.0.15]
	at org.springframework.web.filter.CharacterEncodingFilter.doFilterInternal(CharacterEncodingFilter.java:199) ~[spring-web-7.0.3.jar:7.0.3]
	at org.springframework.web.filter.OncePerRequestFilter.doFilter(OncePerRequestFilter.java:116) ~[spring-web-7.0.3.jar:7.0.3]
	at org.apache.catalina.core.ApplicationFilterChain.doFilter(ApplicationFilterChain.java:107) ~[tomcat-embed-core-11.0.15.jar:11.0.15]
	at org.apache.catalina.core.StandardWrapperValve.invoke(StandardWrapperValve.java:165) ~[tomcat-embed-core-11.0.15.jar:11.0.15]
	at org.apache.catalina.core.StandardContextValve.invoke(StandardContextValve.java:77) ~[tomcat-embed-core-11.0.15.jar:11.0.15]
	at org.apache.catalina.authenticator.AuthenticatorBase.invoke(AuthenticatorBase.java:482) ~[tomcat-embed-core-11.0.15.jar:11.0.15]
	at org.apache.catalina.core.StandardHostValve.invoke(StandardHostValve.java:113) ~[tomcat-embed-core-11.0.15.jar:11.0.15]
	at org.apache.catalina.valves.ErrorReportValve.invoke(ErrorReportValve.java:83) ~[tomcat-embed-core-11.0.15.jar:11.0.15]
	at org.apache.catalina.core.StandardEngineValve.invoke(StandardEngineValve.java:72) ~[tomcat-embed-core-11.0.15.jar:11.0.15]
	at org.apache.catalina.connector.CoyoteAdapter.service(CoyoteAdapter.java:341) ~[tomcat-embed-core-11.0.15.jar:11.0.15]
	at org.apache.coyote.http11.Http11Processor.service(Http11Processor.java:397) ~[tomcat-embed-core-11.0.15.jar:11.0.15]
	at org.apache.coyote.AbstractProcessorLight.process(AbstractProcessorLight.java:63) ~[tomcat-embed-core-11.0.15.jar:11.0.15]
	at org.apache.coyote.AbstractProtocol$ConnectionHandler.process(AbstractProtocol.java:903) ~[tomcat-embed-core-11.0.15.jar:11.0.15]
	at org.apache.tomcat.util.net.NioEndpoint$SocketProcessor.doRun(NioEndpoint.java:1778) ~[tomcat-embed-core-11.0.15.jar:11.0.15]
	at org.apache.tomcat.util.net.SocketProcessorBase.run(SocketProcessorBase.java:52) ~[tomcat-embed-core-11.0.15.jar:11.0.15]
	at org.apache.tomcat.util.threads.ThreadPoolExecutor.runWorker(ThreadPoolExecutor.java:946) ~[tomcat-embed-core-11.0.15.jar:11.0.15]
	at org.apache.tomcat.util.threads.ThreadPoolExecutor$Worker.run(ThreadPoolExecutor.java:480) ~[tomcat-embed-core-11.0.15.jar:11.0.15]
	at org.apache.tomcat.util.threads.TaskThread$WrappingRunnable.run(TaskThread.java:57) ~[tomcat-embed-core-11.0.15.jar:11.0.15]
	at java.base/java.lang.Thread.run(Thread.java:1474) ~[na:na]

Hibernate: select u1_0.id,case when u1_1.user_id is not null then 1 when u1_2.user_id is not null then 2 when u1_0.id is not null then 0 end,u1_0.activation_token,u1_0.approval_status,u1_0.email,u1_0.email_verified,u1_0.nom,u1_0.password,u1_0.reset_password_token,u1_0.reset_password_token_expires_at,u1_0.role,u1_0.statut_compte,u1_1.adresse,u1_1.date_naissance,u1_1.description,u1_1.education_json,u1_1.experience,u1_1.facebook_url,u1_1.genre,u1_1.github_url,u1_1.instagram_url,u1_1.linkedin_url,u1_1.localisation,u1_1.num_telephone,u1_1.photo_couverture_nom,u1_1.photo_profil_nom,u1_1.poste_recherche,u1_1.profession,u1_1.skills_json,u1_2.departement,u1_2.entreprise_id,u1_2.fonction,u1_2.poste from users u1_0 left join candidates u1_1 on u1_0.id=u1_1.user_id left join recruiters u1_2 on u1_0.id=u1_2.user_id where u1_0.email=?
Hibernate: select u1_0.id,case when u1_1.user_id is not null then 1 when u1_2.user_id is not null then 2 when u1_0.id is not null then 0 end,u1_0.activation_token,u1_0.approval_status,u1_0.email,u1_0.email_verified,u1_0.nom,u1_0.password,u1_0.reset_password_token,u1_0.reset_password_token_expires_at,u1_0.role,u1_0.statut_compte,u1_1.adresse,u1_1.date_naissance,u1_1.description,u1_1.education_json,u1_1.experience,u1_1.facebook_url,u1_1.genre,u1_1.github_url,u1_1.instagram_url,u1_1.linkedin_url,u1_1.localisation,u1_1.num_telephone,u1_1.photo_couverture_nom,u1_1.photo_profil_nom,u1_1.poste_recherche,u1_1.profession,u1_1.skills_json,u1_2.departement,u1_2.entreprise_id,u1_2.fonction,u1_2.poste from users u1_0 left join candidates u1_1 on u1_0.id=u1_1.user_id left join recruiters u1_2 on u1_0.id=u1_2.user_id where u1_0.role=?
Hibernate: select u1_0.id,case when u1_1.user_id is not null then 1 when u1_2.user_id is not null then 2 when u1_0.id is not null then 0 end,u1_0.activation_token,u1_0.approval_status,u1_0.email,u1_0.email_verified,u1_0.nom,u1_0.password,u1_0.reset_password_token,u1_0.reset_password_token_expires_at,u1_0.role,u1_0.statut_compte,u1_1.adresse,u1_1.date_naissance,u1_1.description,u1_1.education_json,u1_1.experience,u1_1.facebook_url,u1_1.genre,u1_1.github_url,u1_1.instagram_url,u1_1.linkedin_url,u1_1.localisation,u1_1.num_telephone,u1_1.photo_couverture_nom,u1_1.photo_profil_nom,u1_1.poste_recherche,u1_1.profession,u1_1.skills_json,u1_2.departement,u1_2.entreprise_id,u1_2.fonction,u1_2.poste from users u1_0 left join candidates u1_1 on u1_0.id=u1_1.user_id left join recruiters u1_2 on u1_0.id=u1_2.user_id where u1_0.email=?
Hibernate: select u1_0.id,case when u1_1.user_id is not null then 1 when u1_2.user_id is not null then 2 when u1_0.id is not null then 0 end,u1_0.activation_token,u1_0.approval_status,u1_0.email,u1_0.email_verified,u1_0.nom,u1_0.password,u1_0.reset_password_token,u1_0.reset_password_token_expires_at,u1_0.role,u1_0.statut_compte,u1_1.adresse,u1_1.date_naissance,u1_1.description,u1_1.education_json,u1_1.experience,u1_1.facebook_url,u1_1.genre,u1_1.github_url,u1_1.instagram_url,u1_1.linkedin_url,u1_1.localisation,u1_1.num_telephone,u1_1.photo_couverture_nom,u1_1.photo_profil_nom,u1_1.poste_recherche,u1_1.profession,u1_1.skills_json,u1_2.departement,u1_2.entreprise_id,u1_2.fonction,u1_2.poste from users u1_0 left join candidates u1_1 on u1_0.id=u1_1.user_id left join recruiters u1_2 on u1_0.id=u1_2.user_id where u1_0.email=?
Hibernate: select count(n1_0.id) from notification n1_0 where n1_0.user_id=? and n1_0.lue=false
Hibernate: select u1_0.id,case when u1_1.user_id is not null then 1 when u1_2.user_id is not null then 2 when u1_0.id is not null then 0 end,u1_0.activation_token,u1_0.approval_status,u1_0.email,u1_0.email_verified,u1_0.nom,u1_0.password,u1_0.reset_password_token,u1_0.reset_password_token_expires_at,u1_0.role,u1_0.statut_compte,u1_1.adresse,u1_1.date_naissance,u1_1.description,u1_1.education_json,u1_1.experience,u1_1.facebook_url,u1_1.genre,u1_1.github_url,u1_1.instagram_url,u1_1.linkedin_url,u1_1.localisation,u1_1.num_telephone,u1_1.photo_couverture_nom,u1_1.photo_profil_nom,u1_1.poste_recherche,u1_1.profession,u1_1.skills_json,u1_2.departement,u1_2.entreprise_id,u1_2.fonction,u1_2.poste from users u1_0 left join candidates u1_1 on u1_0.id=u1_1.user_id left join recruiters u1_2 on u1_0.id=u1_2.user_id where u1_0.email=?
Hibernate: select u1_0.id,case when u1_1.user_id is not null then 1 when u1_2.user_id is not null then 2 when u1_0.id is not null then 0 end,u1_0.activation_token,u1_0.approval_status,u1_0.email,u1_0.email_verified,u1_0.nom,u1_0.password,u1_0.reset_password_token,u1_0.reset_password_token_expires_at,u1_0.role,u1_0.statut_compte,u1_1.adresse,u1_1.date_naissance,u1_1.description,u1_1.education_json,u1_1.experience,u1_1.facebook_url,u1_1.genre,u1_1.github_url,u1_1.instagram_url,u1_1.linkedin_url,u1_1.localisation,u1_1.num_telephone,u1_1.photo_couverture_nom,u1_1.photo_profil_nom,u1_1.poste_recherche,u1_1.profession,u1_1.skills_json,u1_2.departement,u1_2.entreprise_id,u1_2.fonction,u1_2.poste from users u1_0 left join candidates u1_1 on u1_0.id=u1_1.user_id left join recruiters u1_2 on u1_0.id=u1_2.user_id where u1_0.email=?
Hibernate: select count(n1_0.id) from notification n1_0 where n1_0.user_id=? and n1_0.lue=false
Hibernate: select u1_0.id,case when u1_1.user_id is not null then 1 when u1_2.user_id is not null then 2 when u1_0.id is not null then 0 end,u1_0.activation_token,u1_0.approval_status,u1_0.email,u1_0.email_verified,u1_0.nom,u1_0.password,u1_0.reset_password_token,u1_0.reset_password_token_expires_at,u1_0.role,u1_0.statut_compte,u1_1.adresse,u1_1.date_naissance,u1_1.description,u1_1.education_json,u1_1.experience,u1_1.facebook_url,u1_1.genre,u1_1.github_url,u1_1.instagram_url,u1_1.linkedin_url,u1_1.localisation,u1_1.num_telephone,u1_1.photo_couverture_nom,u1_1.photo_profil_nom,u1_1.poste_recherche,u1_1.profession,u1_1.skills_json,u1_2.departement,u1_2.entreprise_id,u1_2.fonction,u1_2.poste from users u1_0 left join candidates u1_1 on u1_0.id=u1_1.user_id left join recruiters u1_2 on u1_0.id=u1_2.user_id where u1_0.email=?
Hibernate: select u1_0.id,case when u1_1.user_id is not null then 1 when u1_2.user_id is not null then 2 when u1_0.id is not null then 0 end,u1_0.activation_token,u1_0.approval_status,u1_0.email,u1_0.email_verified,u1_0.nom,u1_0.password,u1_0.reset_password_token,u1_0.reset_password_token_expires_at,u1_0.role,u1_0.statut_compte,u1_1.adresse,u1_1.date_naissance,u1_1.description,u1_1.education_json,u1_1.experience,u1_1.facebook_url,u1_1.genre,u1_1.github_url,u1_1.instagram_url,u1_1.linkedin_url,u1_1.localisation,u1_1.num_telephone,u1_1.photo_couverture_nom,u1_1.photo_profil_nom,u1_1.poste_recherche,u1_1.profession,u1_1.skills_json,u1_2.departement,u1_2.entreprise_id,u1_2.fonction,u1_2.poste from users u1_0 left join candidates u1_1 on u1_0.id=u1_1.user_id left join recruiters u1_2 on u1_0.id=u1_2.user_id where u1_0.role=?
Hibernate: select u1_0.id,case when u1_1.user_id is not null then 1 when u1_2.user_id is not null then 2 when u1_0.id is not null then 0 end,u1_0.activation_token,u1_0.approval_status,u1_0.email,u1_0.email_verified,u1_0.nom,u1_0.password,u1_0.reset_password_token,u1_0.reset_password_token_expires_at,u1_0.role,u1_0.statut_compte,u1_1.adresse,u1_1.date_naissance,u1_1.description,u1_1.education_json,u1_1.experience,u1_1.facebook_url,u1_1.genre,u1_1.github_url,u1_1.instagram_url,u1_1.linkedin_url,u1_1.localisation,u1_1.num_telephone,u1_1.photo_couverture_nom,u1_1.photo_profil_nom,u1_1.poste_recherche,u1_1.profession,u1_1.skills_json,u1_2.departement,u1_2.entreprise_id,u1_2.fonction,u1_2.poste from users u1_0 left join candidates u1_1 on u1_0.id=u1_1.user_id left join recruiters u1_2 on u1_0.id=u1_2.user_id where u1_0.email=?
Hibernate: select u1_0.id,case when u1_1.user_id is not null then 1 when u1_2.user_id is not null then 2 when u1_0.id is not null then 0 end,u1_0.activation_token,u1_0.approval_status,u1_0.email,u1_0.email_verified,u1_0.nom,u1_0.password,u1_0.reset_password_token,u1_0.reset_password_token_expires_at,u1_0.role,u1_0.statut_compte,u1_1.adresse,u1_1.date_naissance,u1_1.description,u1_1.education_json,u1_1.experience,u1_1.facebook_url,u1_1.genre,u1_1.github_url,u1_1.instagram_url,u1_1.linkedin_url,u1_1.localisation,u1_1.num_telephone,u1_1.photo_couverture_nom,u1_1.photo_profil_nom,u1_1.poste_recherche,u1_1.profession,u1_1.skills_json,u1_2.departement,e1_0.id_entreprise,e1_0.abonnement_actif,e1_0.adresse,e1_0.description,e1_0.email,e1_0.nom_entreprise,e1_0.secteur,e1_0.site_web,u1_2.fonction,u1_2.poste from users u1_0 left join candidates u1_1 on u1_0.id=u1_1.user_id left join recruiters u1_2 on u1_0.id=u1_2.user_id left join entreprises e1_0 on e1_0.id_entreprise=u1_2.entreprise_id where u1_0.id=?
Hibernate: select n1_0.id,n1_0.date_envoi,n1_0.lue,n1_0.message,n1_0.user_id from notification n1_0 where n1_0.user_id=?
2026-04-08T22:13:51.027+01:00 ERROR 7788 --- [Recrutement] [nio-8081-exec-3] o.a.c.c.C.[.[.[/].[dispatcherServlet]    : Servlet.service() for servlet [dispatcherServlet] in context with path [] threw exception [Request processing failed: org.springframework.dao.InvalidDataAccessApiUsageException: No EntityManager with actual transaction available for current thread - cannot reliably process 'remove' call] with root cause

jakarta.persistence.TransactionRequiredException: No EntityManager with actual transaction available for current thread - cannot reliably process 'remove' call
	at org.springframework.orm.jpa.SharedEntityManagerCreator$SharedEntityManagerInvocationHandler.invoke(SharedEntityManagerCreator.java:301) ~[spring-orm-7.0.3.jar:7.0.3]
	at jdk.proxy2/jdk.proxy2.$Proxy134.remove(Unknown Source) ~[na:na]
	at org.springframework.data.jpa.repository.query.JpaQueryExecution$DeleteExecution.doExecute(JpaQueryExecution.java:419) ~[spring-data-jpa-4.0.2.jar:4.0.2]
	at org.springframework.data.jpa.repository.query.JpaQueryExecution.execute(JpaQueryExecution.java:99) ~[spring-data-jpa-4.0.2.jar:4.0.2]
	at org.springframework.data.jpa.repository.query.AbstractJpaQuery.doExecute(AbstractJpaQuery.java:164) ~[spring-data-jpa-4.0.2.jar:4.0.2]
	at org.springframework.data.jpa.repository.query.AbstractJpaQuery.execute(AbstractJpaQuery.java:154) ~[spring-data-jpa-4.0.2.jar:4.0.2]
	at org.springframework.data.repository.core.support.RepositoryMethodInvoker.doInvoke(RepositoryMethodInvoker.java:169) ~[spring-data-commons-4.0.2.jar:4.0.2]
	at org.springframework.data.repository.core.support.RepositoryMethodInvoker.invoke(RepositoryMethodInvoker.java:158) ~[spring-data-commons-4.0.2.jar:4.0.2]
	at org.springframework.data.repository.core.support.QueryExecutorMethodInterceptor.doInvoke(QueryExecutorMethodInterceptor.java:167) ~[spring-data-commons-4.0.2.jar:4.0.2]
	at org.springframework.data.repository.core.support.QueryExecutorMethodInterceptor.invoke(QueryExecutorMethodInterceptor.java:146) ~[spring-data-commons-4.0.2.jar:4.0.2]
	at org.springframework.aop.framework.ReflectiveMethodInvocation.proceed(ReflectiveMethodInvocation.java:179) ~[spring-aop-7.0.3.jar:7.0.3]
	at org.springframework.data.projection.DefaultMethodInvokingMethodInterceptor.invoke(DefaultMethodInvokingMethodInterceptor.java:69) ~[spring-data-commons-4.0.2.jar:4.0.2]
	at org.springframework.aop.framework.ReflectiveMethodInvocation.proceed(ReflectiveMethodInvocation.java:179) ~[spring-aop-7.0.3.jar:7.0.3]
	at org.springframework.transaction.interceptor.TransactionInterceptor$1.proceedWithInvocation(TransactionInterceptor.java:133) ~[spring-tx-7.0.3.jar:7.0.3]
	at org.springframework.transaction.interceptor.TransactionAspectSupport.invokeWithinTransaction(TransactionAspectSupport.java:371) ~[spring-tx-7.0.3.jar:7.0.3]
	at org.springframework.transaction.interceptor.TransactionInterceptor.invoke(TransactionInterceptor.java:130) ~[spring-tx-7.0.3.jar:7.0.3]
	at org.springframework.aop.framework.ReflectiveMethodInvocation.proceed(ReflectiveMethodInvocation.java:179) ~[spring-aop-7.0.3.jar:7.0.3]
	at org.springframework.dao.support.PersistenceExceptionTranslationInterceptor.invoke(PersistenceExceptionTranslationInterceptor.java:135) ~[spring-tx-7.0.3.jar:7.0.3]
	at org.springframework.aop.framework.ReflectiveMethodInvocation.proceed(ReflectiveMethodInvocation.java:179) ~[spring-aop-7.0.3.jar:7.0.3]
	at org.springframework.data.jpa.repository.support.CrudMethodMetadataPostProcessor$CrudMethodMetadataPopulatingMethodInterceptor.invoke(CrudMethodMetadataPostProcessor.java:137) ~[spring-data-jpa-4.0.2.jar:4.0.2]
	at org.springframework.aop.framework.ReflectiveMethodInvocation.proceed(ReflectiveMethodInvocation.java:179) ~[spring-aop-7.0.3.jar:7.0.3]
	at org.springframework.aop.framework.JdkDynamicAopProxy.invoke(JdkDynamicAopProxy.java:222) ~[spring-aop-7.0.3.jar:7.0.3]
	at jdk.proxy2/jdk.proxy2.$Proxy144.deleteByUser(Unknown Source) ~[na:na]
	at com.recrutement.recrutement.service.Impl.NotificationServiceImpl.clearNotificationsForUser(NotificationServiceImpl.java:103) ~[classes/:na]
	at com.recrutement.recrutement.service.Impl.AuthServiceImpl.deleteRecruiterAccount(AuthServiceImpl.java:455) ~[classes/:na]
	at com.recrutement.recrutement.controller.AdminController.deleteRecruiter(AdminController.java:45) ~[classes/:na]
	at java.base/jdk.internal.reflect.DirectMethodHandleAccessor.invoke(DirectMethodHandleAccessor.java:104) ~[na:na]
	at java.base/java.lang.reflect.Method.invoke(Method.java:565) ~[na:na]
	at org.springframework.web.method.support.InvocableHandlerMethod.doInvoke(InvocableHandlerMethod.java:258) ~[spring-web-7.0.3.jar:7.0.3]
	at org.springframework.web.method.support.InvocableHandlerMethod.invokeForRequest(InvocableHandlerMethod.java:190) ~[spring-web-7.0.3.jar:7.0.3]
	at org.springframework.web.servlet.mvc.method.annotation.ServletInvocableHandlerMethod.invokeAndHandle(ServletInvocableHandlerMethod.java:117) ~[spring-webmvc-7.0.3.jar:7.0.3]
	at org.springframework.web.servlet.mvc.method.annotation.RequestMappingHandlerAdapter.invokeHandlerMethod(RequestMappingHandlerAdapter.java:934) ~[spring-webmvc-7.0.3.jar:7.0.3]
	at org.springframework.web.servlet.mvc.method.annotation.RequestMappingHandlerAdapter.handleInternal(RequestMappingHandlerAdapter.java:853) ~[spring-webmvc-7.0.3.jar:7.0.3]
	at org.springframework.web.servlet.mvc.method.AbstractHandlerMethodAdapter.handle(AbstractHandlerMethodAdapter.java:86) ~[spring-webmvc-7.0.3.jar:7.0.3]
	at org.springframework.web.servlet.DispatcherServlet.doDispatch(DispatcherServlet.java:963) ~[spring-webmvc-7.0.3.jar:7.0.3]
	at org.springframework.web.servlet.DispatcherServlet.doService(DispatcherServlet.java:866) ~[spring-webmvc-7.0.3.jar:7.0.3]
	at org.springframework.web.servlet.FrameworkServlet.processRequest(FrameworkServlet.java:1003) ~[spring-webmvc-7.0.3.jar:7.0.3]
	at org.springframework.web.servlet.FrameworkServlet.doDelete(FrameworkServlet.java:925) ~[spring-webmvc-7.0.3.jar:7.0.3]
	at jakarta.servlet.http.HttpServlet.service(HttpServlet.java:651) ~[tomcat-embed-core-11.0.15.jar:6.1]
	at org.springframework.web.servlet.FrameworkServlet.service(FrameworkServlet.java:874) ~[spring-webmvc-7.0.3.jar:7.0.3]
	at jakarta.servlet.http.HttpServlet.service(HttpServlet.java:710) ~[tomcat-embed-core-11.0.15.jar:6.1]
	at org.apache.catalina.core.ApplicationFilterChain.doFilter(ApplicationFilterChain.java:128) ~[tomcat-embed-core-11.0.15.jar:11.0.15]
	at org.apache.tomcat.websocket.server.WsFilter.doFilter(WsFilter.java:53) ~[tomcat-embed-websocket-11.0.15.jar:11.0.15]
	at org.apache.catalina.core.ApplicationFilterChain.doFilter(ApplicationFilterChain.java:107) ~[tomcat-embed-core-11.0.15.jar:11.0.15]
	at org.springframework.web.filter.OncePerRequestFilter.doFilter(OncePerRequestFilter.java:110) ~[spring-web-7.0.3.jar:7.0.3]
	at org.apache.catalina.core.ApplicationFilterChain.doFilter(ApplicationFilterChain.java:107) ~[tomcat-embed-core-11.0.15.jar:11.0.15]
	at org.springframework.web.filter.CompositeFilter$VirtualFilterChain.doFilter(CompositeFilter.java:108) ~[spring-web-7.0.3.jar:7.0.3]
	at org.springframework.security.web.FilterChainProxy.lambda$doFilterInternal$3(FilterChainProxy.java:235) ~[spring-security-web-7.0.2.jar:7.0.2]
	at org.springframework.security.web.FilterChainProxy$VirtualFilterChain.doFilter(FilterChainProxy.java:371) ~[spring-security-web-7.0.2.jar:7.0.2]
	at org.springframework.security.web.access.intercept.AuthorizationFilter.doFilter(AuthorizationFilter.java:101) ~[spring-security-web-7.0.2.jar:7.0.2]
	at org.springframework.security.web.FilterChainProxy$VirtualFilterChain.doFilter(FilterChainProxy.java:380) ~[spring-security-web-7.0.2.jar:7.0.2]
	at org.springframework.security.web.access.ExceptionTranslationFilter.doFilter(ExceptionTranslationFilter.java:126) ~[spring-security-web-7.0.2.jar:7.0.2]
	at org.springframework.security.web.access.ExceptionTranslationFilter.doFilter(ExceptionTranslationFilter.java:120) ~[spring-security-web-7.0.2.jar:7.0.2]
	at org.springframework.security.web.FilterChainProxy$VirtualFilterChain.doFilter(FilterChainProxy.java:380) ~[spring-security-web-7.0.2.jar:7.0.2]
	at org.springframework.security.web.session.SessionManagementFilter.doFilter(SessionManagementFilter.java:132) ~[spring-security-web-7.0.2.jar:7.0.2]
	at org.springframework.security.web.session.SessionManagementFilter.doFilter(SessionManagementFilter.java:86) ~[spring-security-web-7.0.2.jar:7.0.2]
	at org.springframework.security.web.FilterChainProxy$VirtualFilterChain.doFilter(FilterChainProxy.java:380) ~[spring-security-web-7.0.2.jar:7.0.2]
	at org.springframework.security.web.authentication.AnonymousAuthenticationFilter.doFilter(AnonymousAuthenticationFilter.java:100) ~[spring-security-web-7.0.2.jar:7.0.2]
	at org.springframework.security.web.FilterChainProxy$VirtualFilterChain.doFilter(FilterChainProxy.java:380) ~[spring-security-web-7.0.2.jar:7.0.2]
	at org.springframework.security.web.servletapi.SecurityContextHolderAwareRequestFilter.doFilter(SecurityContextHolderAwareRequestFilter.java:181) ~[spring-security-web-7.0.2.jar:7.0.2]
	at org.springframework.security.web.FilterChainProxy$VirtualFilterChain.doFilter(FilterChainProxy.java:380) ~[spring-security-web-7.0.2.jar:7.0.2]
	at org.springframework.security.web.savedrequest.RequestCacheAwareFilter.doFilter(RequestCacheAwareFilter.java:63) ~[spring-security-web-7.0.2.jar:7.0.2]
	at org.springframework.security.web.FilterChainProxy$VirtualFilterChain.doFilter(FilterChainProxy.java:380) ~[spring-security-web-7.0.2.jar:7.0.2]
	at com.recrutement.recrutement.security.JwtAuthentificationFilter.doFilterInternal(JwtAuthentificationFilter.java:70) ~[classes/:na]
	at org.springframework.web.filter.OncePerRequestFilter.doFilter(OncePerRequestFilter.java:116) ~[spring-web-7.0.3.jar:7.0.3]
	at org.springframework.security.web.FilterChainProxy$VirtualFilterChain.doFilter(FilterChainProxy.java:380) ~[spring-security-web-7.0.2.jar:7.0.2]
	at org.springframework.security.web.authentication.logout.LogoutFilter.doFilter(LogoutFilter.java:110) ~[spring-security-web-7.0.2.jar:7.0.2]
	at org.springframework.security.web.authentication.logout.LogoutFilter.doFilter(LogoutFilter.java:96) ~[spring-security-web-7.0.2.jar:7.0.2]
	at org.springframework.security.web.FilterChainProxy$VirtualFilterChain.doFilter(FilterChainProxy.java:380) ~[spring-security-web-7.0.2.jar:7.0.2]
	at org.springframework.web.filter.CorsFilter.doFilterInternal(CorsFilter.java:91) ~[spring-web-7.0.3.jar:7.0.3]
	at org.springframework.web.filter.OncePerRequestFilter.doFilter(OncePerRequestFilter.java:116) ~[spring-web-7.0.3.jar:7.0.3]
	at org.springframework.security.web.FilterChainProxy$VirtualFilterChain.doFilter(FilterChainProxy.java:380) ~[spring-security-web-7.0.2.jar:7.0.2]
	at org.springframework.security.web.header.HeaderWriterFilter.doHeadersAfter(HeaderWriterFilter.java:90) ~[spring-security-web-7.0.2.jar:7.0.2]
	at org.springframework.security.web.header.HeaderWriterFilter.doFilterInternal(HeaderWriterFilter.java:75) ~[spring-security-web-7.0.2.jar:7.0.2]
	at org.springframework.web.filter.OncePerRequestFilter.doFilter(OncePerRequestFilter.java:116) ~[spring-web-7.0.3.jar:7.0.3]
	at org.springframework.security.web.FilterChainProxy$VirtualFilterChain.doFilter(FilterChainProxy.java:380) ~[spring-security-web-7.0.2.jar:7.0.2]
	at org.springframework.security.web.context.SecurityContextHolderFilter.doFilter(SecurityContextHolderFilter.java:82) ~[spring-security-web-7.0.2.jar:7.0.2]
	at org.springframework.security.web.context.SecurityContextHolderFilter.doFilter(SecurityContextHolderFilter.java:69) ~[spring-security-web-7.0.2.jar:7.0.2]
	at org.springframework.security.web.FilterChainProxy$VirtualFilterChain.doFilter(FilterChainProxy.java:380) ~[spring-security-web-7.0.2.jar:7.0.2]
	at org.springframework.security.web.context.request.async.WebAsyncManagerIntegrationFilter.doFilterInternal(WebAsyncManagerIntegrationFilter.java:62) ~[spring-security-web-7.0.2.jar:7.0.2]
	at org.springframework.web.filter.OncePerRequestFilter.doFilter(OncePerRequestFilter.java:116) ~[spring-web-7.0.3.jar:7.0.3]
	at org.springframework.security.web.FilterChainProxy$VirtualFilterChain.doFilter(FilterChainProxy.java:380) ~[spring-security-web-7.0.2.jar:7.0.2]
	at org.springframework.security.web.session.DisableEncodeUrlFilter.doFilterInternal(DisableEncodeUrlFilter.java:42) ~[spring-security-web-7.0.2.jar:7.0.2]
	at org.springframework.web.filter.OncePerRequestFilter.doFilter(OncePerRequestFilter.java:116) ~[spring-web-7.0.3.jar:7.0.3]
	at org.springframework.security.web.FilterChainProxy$VirtualFilterChain.doFilter(FilterChainProxy.java:380) ~[spring-security-web-7.0.2.jar:7.0.2]
	at org.springframework.security.web.FilterChainProxy.doFilterInternal(FilterChainProxy.java:237) ~[spring-security-web-7.0.2.jar:7.0.2]
	at org.springframework.security.web.FilterChainProxy.doFilter(FilterChainProxy.java:195) ~[spring-security-web-7.0.2.jar:7.0.2]
	at org.springframework.web.filter.CompositeFilter$VirtualFilterChain.doFilter(CompositeFilter.java:113) ~[spring-web-7.0.3.jar:7.0.3]
	at org.springframework.web.filter.ServletRequestPathFilter.doFilter(ServletRequestPathFilter.java:52) ~[spring-web-7.0.3.jar:7.0.3]
	at org.springframework.web.filter.CompositeFilter$VirtualFilterChain.doFilter(CompositeFilter.java:113) ~[spring-web-7.0.3.jar:7.0.3]
	at org.springframework.web.filter.CompositeFilter.doFilter(CompositeFilter.java:74) ~[spring-web-7.0.3.jar:7.0.3]
	at org.springframework.security.config.annotation.web.configuration.WebSecurityConfiguration$CompositeFilterChainProxy.doFilter(WebSecurityConfiguration.java:317) ~[spring-security-config-7.0.2.jar:7.0.2]
	at org.springframework.web.filter.DelegatingFilterProxy.invokeDelegate(DelegatingFilterProxy.java:355) ~[spring-web-7.0.3.jar:7.0.3]
	at org.springframework.web.filter.DelegatingFilterProxy.doFilter(DelegatingFilterProxy.java:272) ~[spring-web-7.0.3.jar:7.0.3]
	at org.apache.catalina.core.ApplicationFilterChain.doFilter(ApplicationFilterChain.java:107) ~[tomcat-embed-core-11.0.15.jar:11.0.15]
	at org.springframework.web.filter.RequestContextFilter.doFilterInternal(RequestContextFilter.java:100) ~[spring-web-7.0.3.jar:7.0.3]
	at org.springframework.web.filter.OncePerRequestFilter.doFilter(OncePerRequestFilter.java:116) ~[spring-web-7.0.3.jar:7.0.3]
	at org.apache.catalina.core.ApplicationFilterChain.doFilter(ApplicationFilterChain.java:107) ~[tomcat-embed-core-11.0.15.jar:11.0.15]
	at org.springframework.web.filter.FormContentFilter.doFilterInternal(FormContentFilter.java:93) ~[spring-web-7.0.3.jar:7.0.3]
	at org.springframework.web.filter.OncePerRequestFilter.doFilter(OncePerRequestFilter.java:116) ~[spring-web-7.0.3.jar:7.0.3]
	at org.apache.catalina.core.ApplicationFilterChain.doFilter(ApplicationFilterChain.java:107) ~[tomcat-embed-core-11.0.15.jar:11.0.15]
	at org.springframework.web.filter.CharacterEncodingFilter.doFilterInternal(CharacterEncodingFilter.java:199) ~[spring-web-7.0.3.jar:7.0.3]
	at org.springframework.web.filter.OncePerRequestFilter.doFilter(OncePerRequestFilter.java:116) ~[spring-web-7.0.3.jar:7.0.3]
	at org.apache.catalina.core.ApplicationFilterChain.doFilter(ApplicationFilterChain.java:107) ~[tomcat-embed-core-11.0.15.jar:11.0.15]
	at org.apache.catalina.core.StandardWrapperValve.invoke(StandardWrapperValve.java:165) ~[tomcat-embed-core-11.0.15.jar:11.0.15]
	at org.apache.catalina.core.StandardContextValve.invoke(StandardContextValve.java:77) ~[tomcat-embed-core-11.0.15.jar:11.0.15]
	at org.apache.catalina.authenticator.AuthenticatorBase.invoke(AuthenticatorBase.java:482) ~[tomcat-embed-core-11.0.15.jar:11.0.15]
	at org.apache.catalina.core.StandardHostValve.invoke(StandardHostValve.java:113) ~[tomcat-embed-core-11.0.15.jar:11.0.15]
	at org.apache.catalina.valves.ErrorReportValve.invoke(ErrorReportValve.java:83) ~[tomcat-embed-core-11.0.15.jar:11.0.15]
	at org.apache.catalina.core.StandardEngineValve.invoke(StandardEngineValve.java:72) ~[tomcat-embed-core-11.0.15.jar:11.0.15]
	at org.apache.catalina.connector.CoyoteAdapter.service(CoyoteAdapter.java:341) ~[tomcat-embed-core-11.0.15.jar:11.0.15]
	at org.apache.coyote.http11.Http11Processor.service(Http11Processor.java:397) ~[tomcat-embed-core-11.0.15.jar:11.0.15]
	at org.apache.coyote.AbstractProcessorLight.process(AbstractProcessorLight.java:63) ~[tomcat-embed-core-11.0.15.jar:11.0.15]
	at org.apache.coyote.AbstractProtocol$ConnectionHandler.process(AbstractProtocol.java:903) ~[tomcat-embed-core-11.0.15.jar:11.0.15]
	at org.apache.tomcat.util.net.NioEndpoint$SocketProcessor.doRun(NioEndpoint.java:1778) ~[tomcat-embed-core-11.0.15.jar:11.0.15]
	at org.apache.tomcat.util.net.SocketProcessorBase.run(SocketProcessorBase.java:52) ~[tomcat-embed-core-11.0.15.jar:11.0.15]
	at org.apache.tomcat.util.threads.ThreadPoolExecutor.runWorker(ThreadPoolExecutor.java:946) ~[tomcat-embed-core-11.0.15.jar:11.0.15]
	at org.apache.tomcat.util.threads.ThreadPoolExecutor$Worker.run(ThreadPoolExecutor.java:480) ~[tomcat-embed-core-11.0.15.jar:11.0.15]
	at org.apache.tomcat.util.threads.TaskThread$WrappingRunnable.run(TaskThread.java:57) ~[tomcat-embed-core-11.0.15.jar:11.0.15]
	at java.base/java.lang.Thread.run(Thread.java:1474) ~[na:na]

Hibernate: select u1_0.id,case when u1_1.user_id is not null then 1 when u1_2.user_id is not null then 2 when u1_0.id is not null then 0 end,u1_0.activation_token,u1_0.approval_status,u1_0.email,u1_0.email_verified,u1_0.nom,u1_0.password,u1_0.reset_password_token,u1_0.reset_password_token_expires_at,u1_0.role,u1_0.statut_compte,u1_1.adresse,u1_1.date_naissance,u1_1.description,u1_1.education_json,u1_1.experience,u1_1.facebook_url,u1_1.genre,u1_1.github_url,u1_1.instagram_url,u1_1.linkedin_url,u1_1.localisation,u1_1.num_telephone,u1_1.photo_couverture_nom,u1_1.photo_profil_nom,u1_1.poste_recherche,u1_1.profession,u1_1.skills_json,u1_2.departement,u1_2.entreprise_id,u1_2.fonction,u1_2.poste from users u1_0 left join candidates u1_1 on u1_0.id=u1_1.user_id left join recruiters u1_2 on u1_0.id=u1_2.user_id where u1_0.email=?
Hibernate: select u1_0.id,case when u1_1.user_id is not null then 1 when u1_2.user_id is not null then 2 when u1_0.id is not null then 0 end,u1_0.activation_token,u1_0.approval_status,u1_0.email,u1_0.email_verified,u1_0.nom,u1_0.password,u1_0.reset_password_token,u1_0.reset_password_token_expires_at,u1_0.role,u1_0.statut_compte,u1_1.adresse,u1_1.date_naissance,u1_1.description,u1_1.education_json,u1_1.experience,u1_1.facebook_url,u1_1.genre,u1_1.github_url,u1_1.instagram_url,u1_1.linkedin_url,u1_1.localisation,u1_1.num_telephone,u1_1.photo_couverture_nom,u1_1.photo_profil_nom,u1_1.poste_recherche,u1_1.profession,u1_1.skills_json,u1_2.departement,e1_0.id_entreprise,e1_0.abonnement_actif,e1_0.adresse,e1_0.description,e1_0.email,e1_0.nom_entreprise,e1_0.secteur,e1_0.site_web,u1_2.fonction,u1_2.poste from users u1_0 left join candidates u1_1 on u1_0.id=u1_1.user_id left join recruiters u1_2 on u1_0.id=u1_2.user_id left join entreprises e1_0 on e1_0.id_entreprise=u1_2.entreprise_id where u1_0.id=?
Hibernate: select n1_0.id,n1_0.date_envoi,n1_0.lue,n1_0.message,n1_0.user_id from notification n1_0 where n1_0.user_id=?
2026-04-08T22:14:19.477+01:00 ERROR 7788 --- [Recrutement] [nio-8081-exec-4] o.a.c.c.C.[.[.[/].[dispatcherServlet]    : Servlet.service() for servlet [dispatcherServlet] in context with path [] threw exception [Request processing failed: org.springframework.dao.InvalidDataAccessApiUsageException: No EntityManager with actual transaction available for current thread - cannot reliably process 'remove' call] with root cause

jakarta.persistence.TransactionRequiredException: No EntityManager with actual transaction available for current thread - cannot reliably process 'remove' call
	at org.springframework.orm.jpa.SharedEntityManagerCreator$SharedEntityManagerInvocationHandler.invoke(SharedEntityManagerCreator.java:301) ~[spring-orm-7.0.3.jar:7.0.3]
	at jdk.proxy2/jdk.proxy2.$Proxy134.remove(Unknown Source) ~[na:na]
	at org.springframework.data.jpa.repository.query.JpaQueryExecution$DeleteExecution.doExecute(JpaQueryExecution.java:419) ~[spring-data-jpa-4.0.2.jar:4.0.2]
	at org.springframework.data.jpa.repository.query.JpaQueryExecution.execute(JpaQueryExecution.java:99) ~[spring-data-jpa-4.0.2.jar:4.0.2]
	at org.springframework.data.jpa.repository.query.AbstractJpaQuery.doExecute(AbstractJpaQuery.java:164) ~[spring-data-jpa-4.0.2.jar:4.0.2]
	at org.springframework.data.jpa.repository.query.AbstractJpaQuery.execute(AbstractJpaQuery.java:154) ~[spring-data-jpa-4.0.2.jar:4.0.2]
	at org.springframework.data.repository.core.support.RepositoryMethodInvoker.doInvoke(RepositoryMethodInvoker.java:169) ~[spring-data-commons-4.0.2.jar:4.0.2]
	at org.springframework.data.repository.core.support.RepositoryMethodInvoker.invoke(RepositoryMethodInvoker.java:158) ~[spring-data-commons-4.0.2.jar:4.0.2]
	at org.springframework.data.repository.core.support.QueryExecutorMethodInterceptor.doInvoke(QueryExecutorMethodInterceptor.java:167) ~[spring-data-commons-4.0.2.jar:4.0.2]
	at org.springframework.data.repository.core.support.QueryExecutorMethodInterceptor.invoke(QueryExecutorMethodInterceptor.java:146) ~[spring-data-commons-4.0.2.jar:4.0.2]
	at org.springframework.aop.framework.ReflectiveMethodInvocation.proceed(ReflectiveMethodInvocation.java:179) ~[spring-aop-7.0.3.jar:7.0.3]
	at org.springframework.data.projection.DefaultMethodInvokingMethodInterceptor.invoke(DefaultMethodInvokingMethodInterceptor.java:69) ~[spring-data-commons-4.0.2.jar:4.0.2]
	at org.springframework.aop.framework.ReflectiveMethodInvocation.proceed(ReflectiveMethodInvocation.java:179) ~[spring-aop-7.0.3.jar:7.0.3]
	at org.springframework.transaction.interceptor.TransactionInterceptor$1.proceedWithInvocation(TransactionInterceptor.java:133) ~[spring-tx-7.0.3.jar:7.0.3]
	at org.springframework.transaction.interceptor.TransactionAspectSupport.invokeWithinTransaction(TransactionAspectSupport.java:371) ~[spring-tx-7.0.3.jar:7.0.3]
	at org.springframework.transaction.interceptor.TransactionInterceptor.invoke(TransactionInterceptor.java:130) ~[spring-tx-7.0.3.jar:7.0.3]
	at org.springframework.aop.framework.ReflectiveMethodInvocation.proceed(ReflectiveMethodInvocation.java:179) ~[spring-aop-7.0.3.jar:7.0.3]
	at org.springframework.dao.support.PersistenceExceptionTranslationInterceptor.invoke(PersistenceExceptionTranslationInterceptor.java:135) ~[spring-tx-7.0.3.jar:7.0.3]
	at org.springframework.aop.framework.ReflectiveMethodInvocation.proceed(ReflectiveMethodInvocation.java:179) ~[spring-aop-7.0.3.jar:7.0.3]
	at org.springframework.data.jpa.repository.support.CrudMethodMetadataPostProcessor$CrudMethodMetadataPopulatingMethodInterceptor.invoke(CrudMethodMetadataPostProcessor.java:137) ~[spring-data-jpa-4.0.2.jar:4.0.2]
	at org.springframework.aop.framework.ReflectiveMethodInvocation.proceed(ReflectiveMethodInvocation.java:179) ~[spring-aop-7.0.3.jar:7.0.3]
	at org.springframework.aop.framework.JdkDynamicAopProxy.invoke(JdkDynamicAopProxy.java:222) ~[spring-aop-7.0.3.jar:7.0.3]
	at jdk.proxy2/jdk.proxy2.$Proxy144.deleteByUser(Unknown Source) ~[na:na]
	at com.recrutement.recrutement.service.Impl.NotificationServiceImpl.clearNotificationsForUser(NotificationServiceImpl.java:103) ~[classes/:na]
	at com.recrutement.recrutement.service.Impl.AuthServiceImpl.deleteRecruiterAccount(AuthServiceImpl.java:455) ~[classes/:na]
	at com.recrutement.recrutement.controller.AdminController.deleteRecruiter(AdminController.java:45) ~[classes/:na]
	at java.base/jdk.internal.reflect.DirectMethodHandleAccessor.invoke(DirectMethodHandleAccessor.java:104) ~[na:na]
	at java.base/java.lang.reflect.Method.invoke(Method.java:565) ~[na:na]
	at org.springframework.web.method.support.InvocableHandlerMethod.doInvoke(InvocableHandlerMethod.java:258) ~[spring-web-7.0.3.jar:7.0.3]
	at org.springframework.web.method.support.InvocableHandlerMethod.invokeForRequest(InvocableHandlerMethod.java:190) ~[spring-web-7.0.3.jar:7.0.3]
	at org.springframework.web.servlet.mvc.method.annotation.ServletInvocableHandlerMethod.invokeAndHandle(ServletInvocableHandlerMethod.java:117) ~[spring-webmvc-7.0.3.jar:7.0.3]
	at org.springframework.web.servlet.mvc.method.annotation.RequestMappingHandlerAdapter.invokeHandlerMethod(RequestMappingHandlerAdapter.java:934) ~[spring-webmvc-7.0.3.jar:7.0.3]
	at org.springframework.web.servlet.mvc.method.annotation.RequestMappingHandlerAdapter.handleInternal(RequestMappingHandlerAdapter.java:853) ~[spring-webmvc-7.0.3.jar:7.0.3]
	at org.springframework.web.servlet.mvc.method.AbstractHandlerMethodAdapter.handle(AbstractHandlerMethodAdapter.java:86) ~[spring-webmvc-7.0.3.jar:7.0.3]
	at org.springframework.web.servlet.DispatcherServlet.doDispatch(DispatcherServlet.java:963) ~[spring-webmvc-7.0.3.jar:7.0.3]
	at org.springframework.web.servlet.DispatcherServlet.doService(DispatcherServlet.java:866) ~[spring-webmvc-7.0.3.jar:7.0.3]
	at org.springframework.web.servlet.FrameworkServlet.processRequest(FrameworkServlet.java:1003) ~[spring-webmvc-7.0.3.jar:7.0.3]
	at org.springframework.web.servlet.FrameworkServlet.doDelete(FrameworkServlet.java:925) ~[spring-webmvc-7.0.3.jar:7.0.3]
	at jakarta.servlet.http.HttpServlet.service(HttpServlet.java:651) ~[tomcat-embed-core-11.0.15.jar:6.1]
	at org.springframework.web.servlet.FrameworkServlet.service(FrameworkServlet.java:874) ~[spring-webmvc-7.0.3.jar:7.0.3]
	at jakarta.servlet.http.HttpServlet.service(HttpServlet.java:710) ~[tomcat-embed-core-11.0.15.jar:6.1]
	at org.apache.catalina.core.ApplicationFilterChain.doFilter(ApplicationFilterChain.java:128) ~[tomcat-embed-core-11.0.15.jar:11.0.15]
	at org.apache.tomcat.websocket.server.WsFilter.doFilter(WsFilter.java:53) ~[tomcat-embed-websocket-11.0.15.jar:11.0.15]
	at org.apache.catalina.core.ApplicationFilterChain.doFilter(ApplicationFilterChain.java:107) ~[tomcat-embed-core-11.0.15.jar:11.0.15]
	at org.springframework.web.filter.OncePerRequestFilter.doFilter(OncePerRequestFilter.java:110) ~[spring-web-7.0.3.jar:7.0.3]
	at org.apache.catalina.core.ApplicationFilterChain.doFilter(ApplicationFilterChain.java:107) ~[tomcat-embed-core-11.0.15.jar:11.0.15]
	at org.springframework.web.filter.CompositeFilter$VirtualFilterChain.doFilter(CompositeFilter.java:108) ~[spring-web-7.0.3.jar:7.0.3]
	at org.springframework.security.web.FilterChainProxy.lambda$doFilterInternal$3(FilterChainProxy.java:235) ~[spring-security-web-7.0.2.jar:7.0.2]
	at org.springframework.security.web.FilterChainProxy$VirtualFilterChain.doFilter(FilterChainProxy.java:371) ~[spring-security-web-7.0.2.jar:7.0.2]
	at org.springframework.security.web.access.intercept.AuthorizationFilter.doFilter(AuthorizationFilter.java:101) ~[spring-security-web-7.0.2.jar:7.0.2]
	at org.springframework.security.web.FilterChainProxy$VirtualFilterChain.doFilter(FilterChainProxy.java:380) ~[spring-security-web-7.0.2.jar:7.0.2]
	at org.springframework.security.web.access.ExceptionTranslationFilter.doFilter(ExceptionTranslationFilter.java:126) ~[spring-security-web-7.0.2.jar:7.0.2]
	at org.springframework.security.web.access.ExceptionTranslationFilter.doFilter(ExceptionTranslationFilter.java:120) ~[spring-security-web-7.0.2.jar:7.0.2]
	at org.springframework.security.web.FilterChainProxy$VirtualFilterChain.doFilter(FilterChainProxy.java:380) ~[spring-security-web-7.0.2.jar:7.0.2]
	at org.springframework.security.web.session.SessionManagementFilter.doFilter(SessionManagementFilter.java:132) ~[spring-security-web-7.0.2.jar:7.0.2]
	at org.springframework.security.web.session.SessionManagementFilter.doFilter(SessionManagementFilter.java:86) ~[spring-security-web-7.0.2.jar:7.0.2]
	at org.springframework.security.web.FilterChainProxy$VirtualFilterChain.doFilter(FilterChainProxy.java:380) ~[spring-security-web-7.0.2.jar:7.0.2]
	at org.springframework.security.web.authentication.AnonymousAuthenticationFilter.doFilter(AnonymousAuthenticationFilter.java:100) ~[spring-security-web-7.0.2.jar:7.0.2]
	at org.springframework.security.web.FilterChainProxy$VirtualFilterChain.doFilter(FilterChainProxy.java:380) ~[spring-security-web-7.0.2.jar:7.0.2]
	at org.springframework.security.web.servletapi.SecurityContextHolderAwareRequestFilter.doFilter(SecurityContextHolderAwareRequestFilter.java:181) ~[spring-security-web-7.0.2.jar:7.0.2]
	at org.springframework.security.web.FilterChainProxy$VirtualFilterChain.doFilter(FilterChainProxy.java:380) ~[spring-security-web-7.0.2.jar:7.0.2]
	at org.springframework.security.web.savedrequest.RequestCacheAwareFilter.doFilter(RequestCacheAwareFilter.java:63) ~[spring-security-web-7.0.2.jar:7.0.2]
	at org.springframework.security.web.FilterChainProxy$VirtualFilterChain.doFilter(FilterChainProxy.java:380) ~[spring-security-web-7.0.2.jar:7.0.2]
	at com.recrutement.recrutement.security.JwtAuthentificationFilter.doFilterInternal(JwtAuthentificationFilter.java:70) ~[classes/:na]
	at org.springframework.web.filter.OncePerRequestFilter.doFilter(OncePerRequestFilter.java:116) ~[spring-web-7.0.3.jar:7.0.3]
	at org.springframework.security.web.FilterChainProxy$VirtualFilterChain.doFilter(FilterChainProxy.java:380) ~[spring-security-web-7.0.2.jar:7.0.2]
	at org.springframework.security.web.authentication.logout.LogoutFilter.doFilter(LogoutFilter.java:110) ~[spring-security-web-7.0.2.jar:7.0.2]
	at org.springframework.security.web.authentication.logout.LogoutFilter.doFilter(LogoutFilter.java:96) ~[spring-security-web-7.0.2.jar:7.0.2]
	at org.springframework.security.web.FilterChainProxy$VirtualFilterChain.doFilter(FilterChainProxy.java:380) ~[spring-security-web-7.0.2.jar:7.0.2]
	at org.springframework.web.filter.CorsFilter.doFilterInternal(CorsFilter.java:91) ~[spring-web-7.0.3.jar:7.0.3]
	at org.springframework.web.filter.OncePerRequestFilter.doFilter(OncePerRequestFilter.java:116) ~[spring-web-7.0.3.jar:7.0.3]
	at org.springframework.security.web.FilterChainProxy$VirtualFilterChain.doFilter(FilterChainProxy.java:380) ~[spring-security-web-7.0.2.jar:7.0.2]
	at org.springframework.security.web.header.HeaderWriterFilter.doHeadersAfter(HeaderWriterFilter.java:90) ~[spring-security-web-7.0.2.jar:7.0.2]
	at org.springframework.security.web.header.HeaderWriterFilter.doFilterInternal(HeaderWriterFilter.java:75) ~[spring-security-web-7.0.2.jar:7.0.2]
	at org.springframework.web.filter.OncePerRequestFilter.doFilter(OncePerRequestFilter.java:116) ~[spring-web-7.0.3.jar:7.0.3]
	at org.springframework.security.web.FilterChainProxy$VirtualFilterChain.doFilter(FilterChainProxy.java:380) ~[spring-security-web-7.0.2.jar:7.0.2]
	at org.springframework.security.web.context.SecurityContextHolderFilter.doFilter(SecurityContextHolderFilter.java:82) ~[spring-security-web-7.0.2.jar:7.0.2]
	at org.springframework.security.web.context.SecurityContextHolderFilter.doFilter(SecurityContextHolderFilter.java:69) ~[spring-security-web-7.0.2.jar:7.0.2]
	at org.springframework.security.web.FilterChainProxy$VirtualFilterChain.doFilter(FilterChainProxy.java:380) ~[spring-security-web-7.0.2.jar:7.0.2]
	at org.springframework.security.web.context.request.async.WebAsyncManagerIntegrationFilter.doFilterInternal(WebAsyncManagerIntegrationFilter.java:62) ~[spring-security-web-7.0.2.jar:7.0.2]
	at org.springframework.web.filter.OncePerRequestFilter.doFilter(OncePerRequestFilter.java:116) ~[spring-web-7.0.3.jar:7.0.3]
	at org.springframework.security.web.FilterChainProxy$VirtualFilterChain.doFilter(FilterChainProxy.java:380) ~[spring-security-web-7.0.2.jar:7.0.2]
	at org.springframework.security.web.session.DisableEncodeUrlFilter.doFilterInternal(DisableEncodeUrlFilter.java:42) ~[spring-security-web-7.0.2.jar:7.0.2]
	at org.springframework.web.filter.OncePerRequestFilter.doFilter(OncePerRequestFilter.java:116) ~[spring-web-7.0.3.jar:7.0.3]
	at org.springframework.security.web.FilterChainProxy$VirtualFilterChain.doFilter(FilterChainProxy.java:380) ~[spring-security-web-7.0.2.jar:7.0.2]
	at org.springframework.security.web.FilterChainProxy.doFilterInternal(FilterChainProxy.java:237) ~[spring-security-web-7.0.2.jar:7.0.2]
	at org.springframework.security.web.FilterChainProxy.doFilter(FilterChainProxy.java:195) ~[spring-security-web-7.0.2.jar:7.0.2]
	at org.springframework.web.filter.CompositeFilter$VirtualFilterChain.doFilter(CompositeFilter.java:113) ~[spring-web-7.0.3.jar:7.0.3]
	at org.springframework.web.filter.ServletRequestPathFilter.doFilter(ServletRequestPathFilter.java:52) ~[spring-web-7.0.3.jar:7.0.3]
	at org.springframework.web.filter.CompositeFilter$VirtualFilterChain.doFilter(CompositeFilter.java:113) ~[spring-web-7.0.3.jar:7.0.3]
	at org.springframework.web.filter.CompositeFilter.doFilter(CompositeFilter.java:74) ~[spring-web-7.0.3.jar:7.0.3]
	at org.springframework.security.config.annotation.web.configuration.WebSecurityConfiguration$CompositeFilterChainProxy.doFilter(WebSecurityConfiguration.java:317) ~[spring-security-config-7.0.2.jar:7.0.2]
	at org.springframework.web.filter.DelegatingFilterProxy.invokeDelegate(DelegatingFilterProxy.java:355) ~[spring-web-7.0.3.jar:7.0.3]
	at org.springframework.web.filter.DelegatingFilterProxy.doFilter(DelegatingFilterProxy.java:272) ~[spring-web-7.0.3.jar:7.0.3]
	at org.apache.catalina.core.ApplicationFilterChain.doFilter(ApplicationFilterChain.java:107) ~[tomcat-embed-core-11.0.15.jar:11.0.15]
	at org.springframework.web.filter.RequestContextFilter.doFilterInternal(RequestContextFilter.java:100) ~[spring-web-7.0.3.jar:7.0.3]
	at org.springframework.web.filter.OncePerRequestFilter.doFilter(OncePerRequestFilter.java:116) ~[spring-web-7.0.3.jar:7.0.3]
	at org.apache.catalina.core.ApplicationFilterChain.doFilter(ApplicationFilterChain.java:107) ~[tomcat-embed-core-11.0.15.jar:11.0.15]
	at org.springframework.web.filter.FormContentFilter.doFilterInternal(FormContentFilter.java:93) ~[spring-web-7.0.3.jar:7.0.3]
	at org.springframework.web.filter.OncePerRequestFilter.doFilter(OncePerRequestFilter.java:116) ~[spring-web-7.0.3.jar:7.0.3]
	at org.apache.catalina.core.ApplicationFilterChain.doFilter(ApplicationFilterChain.java:107) ~[tomcat-embed-core-11.0.15.jar:11.0.15]
	at org.springframework.web.filter.CharacterEncodingFilter.doFilterInternal(CharacterEncodingFilter.java:199) ~[spring-web-7.0.3.jar:7.0.3]
	at org.springframework.web.filter.OncePerRequestFilter.doFilter(OncePerRequestFilter.java:116) ~[spring-web-7.0.3.jar:7.0.3]
	at org.apache.catalina.core.ApplicationFilterChain.doFilter(ApplicationFilterChain.java:107) ~[tomcat-embed-core-11.0.15.jar:11.0.15]
	at org.apache.catalina.core.StandardWrapperValve.invoke(StandardWrapperValve.java:165) ~[tomcat-embed-core-11.0.15.jar:11.0.15]
	at org.apache.catalina.core.StandardContextValve.invoke(StandardContextValve.java:77) ~[tomcat-embed-core-11.0.15.jar:11.0.15]
	at org.apache.catalina.authenticator.AuthenticatorBase.invoke(AuthenticatorBase.java:482) ~[tomcat-embed-core-11.0.15.jar:11.0.15]
	at org.apache.catalina.core.StandardHostValve.invoke(StandardHostValve.java:113) ~[tomcat-embed-core-11.0.15.jar:11.0.15]
	at org.apache.catalina.valves.ErrorReportValve.invoke(ErrorReportValve.java:83) ~[tomcat-embed-core-11.0.15.jar:11.0.15]
	at org.apache.catalina.core.StandardEngineValve.invoke(StandardEngineValve.java:72) ~[tomcat-embed-core-11.0.15.jar:11.0.15]
	at org.apache.catalina.connector.CoyoteAdapter.service(CoyoteAdapter.java:341) ~[tomcat-embed-core-11.0.15.jar:11.0.15]
	at org.apache.coyote.http11.Http11Processor.service(Http11Processor.java:397) ~[tomcat-embed-core-11.0.15.jar:11.0.15]
	at org.apache.coyote.AbstractProcessorLight.process(AbstractProcessorLight.java:63) ~[tomcat-embed-core-11.0.15.jar:11.0.15]
	at org.apache.coyote.AbstractProtocol$ConnectionHandler.process(AbstractProtocol.java:903) ~[tomcat-embed-core-11.0.15.jar:11.0.15]
	at org.apache.tomcat.util.net.NioEndpoint$SocketProcessor.doRun(NioEndpoint.java:1778) ~[tomcat-embed-core-11.0.15.jar:11.0.15]
	at org.apache.tomcat.util.net.SocketProcessorBase.run(SocketProcessorBase.java:52) ~[tomcat-embed-core-11.0.15.jar:11.0.15]
	at org.apache.tomcat.util.threads.ThreadPoolExecutor.runWorker(ThreadPoolExecutor.java:946) ~[tomcat-embed-core-11.0.15.jar:11.0.15]
	at org.apache.tomcat.util.threads.ThreadPoolExecutor$Worker.run(ThreadPoolExecutor.java:480) ~[tomcat-embed-core-11.0.15.jar:11.0.15]
	at org.apache.tomcat.util.threads.TaskThread$WrappingRunnable.run(TaskThread.java:57) ~[tomcat-embed-core-11.0.15.jar:11.0.15]
	at java.base/java.lang.Thread.run(Thread.java:1474) ~[na:na]

Hibernate: select u1_0.id,case when u1_1.user_id is not null then 1 when u1_2.user_id is not null then 2 when u1_0.id is not null then 0 end,u1_0.activation_token,u1_0.approval_status,u1_0.email,u1_0.email_verified,u1_0.nom,u1_0.password,u1_0.reset_password_token,u1_0.reset_password_token_expires_at,u1_0.role,u1_0.statut_compte,u1_1.adresse,u1_1.date_naissance,u1_1.description,u1_1.education_json,u1_1.experience,u1_1.facebook_url,u1_1.genre,u1_1.github_url,u1_1.instagram_url,u1_1.linkedin_url,u1_1.localisation,u1_1.num_telephone,u1_1.photo_couverture_nom,u1_1.photo_profil_nom,u1_1.poste_recherche,u1_1.profession,u1_1.skills_json,u1_2.departement,u1_2.entreprise_id,u1_2.fonction,u1_2.poste from users u1_0 left join candidates u1_1 on u1_0.id=u1_1.user_id left join recruiters u1_2 on u1_0.id=u1_2.user_id where u1_0.email=?
Hibernate: select u1_0.id,case when u1_1.user_id is not null then 1 when u1_2.user_id is not null then 2 when u1_0.id is not null then 0 end,u1_0.activation_token,u1_0.approval_status,u1_0.email,u1_0.email_verified,u1_0.nom,u1_0.password,u1_0.reset_password_token,u1_0.reset_password_token_expires_at,u1_0.role,u1_0.statut_compte,u1_1.adresse,u1_1.date_naissance,u1_1.description,u1_1.education_json,u1_1.experience,u1_1.facebook_url,u1_1.genre,u1_1.github_url,u1_1.instagram_url,u1_1.linkedin_url,u1_1.localisation,u1_1.num_telephone,u1_1.photo_couverture_nom,u1_1.photo_profil_nom,u1_1.poste_recherche,u1_1.profession,u1_1.skills_json,u1_2.departement,u1_2.entreprise_id,u1_2.fonction,u1_2.poste from users u1_0 left join candidates u1_1 on u1_0.id=u1_1.user_id left join recruiters u1_2 on u1_0.id=u1_2.user_id where u1_0.role=?
Hibernate: select u1_0.id,case when u1_1.user_id is not null then 1 when u1_2.user_id is not null then 2 when u1_0.id is not null then 0 end,u1_0.activation_token,u1_0.approval_status,u1_0.email,u1_0.email_verified,u1_0.nom,u1_0.password,u1_0.reset_password_token,u1_0.reset_password_token_expires_at,u1_0.role,u1_0.statut_compte,u1_1.adresse,u1_1.date_naissance,u1_1.description,u1_1.education_json,u1_1.experience,u1_1.facebook_url,u1_1.genre,u1_1.github_url,u1_1.instagram_url,u1_1.linkedin_url,u1_1.localisation,u1_1.num_telephone,u1_1.photo_couverture_nom,u1_1.photo_profil_nom,u1_1.poste_recherche,u1_1.profession,u1_1.skills_json,u1_2.departement,u1_2.entreprise_id,u1_2.fonction,u1_2.poste from users u1_0 left join candidates u1_1 on u1_0.id=u1_1.user_id left join recruiters u1_2 on u1_0.id=u1_2.user_id where u1_0.email=?
Hibernate: select u1_0.id,case when u1_1.user_id is not null then 1 when u1_2.user_id is not null then 2 when u1_0.id is not null then 0 end,u1_0.activation_token,u1_0.approval_status,u1_0.email,u1_0.email_verified,u1_0.nom,u1_0.password,u1_0.reset_password_token,u1_0.reset_password_token_expires_at,u1_0.role,u1_0.statut_compte,u1_1.adresse,u1_1.date_naissance,u1_1.description,u1_1.education_json,u1_1.experience,u1_1.facebook_url,u1_1.genre,u1_1.github_url,u1_1.instagram_url,u1_1.linkedin_url,u1_1.localisation,u1_1.num_telephone,u1_1.photo_couverture_nom,u1_1.photo_profil_nom,u1_1.poste_recherche,u1_1.profession,u1_1.skills_json,u1_2.departement,u1_2.entreprise_id,u1_2.fonction,u1_2.poste from users u1_0 left join candidates u1_1 on u1_0.id=u1_1.user_id left join recruiters u1_2 on u1_0.id=u1_2.user_id where u1_0.email=?
Hibernate: select count(n1_0.id) from notification n1_0 where n1_0.user_id=? and n1_0.lue=false
Hibernate: select u1_0.id,case when u1_1.user_id is not null then 1 when u1_2.user_id is not null then 2 when u1_0.id is not null then 0 end,u1_0.activation_token,u1_0.approval_status,u1_0.email,u1_0.email_verified,u1_0.nom,u1_0.password,u1_0.reset_password_token,u1_0.reset_password_token_expires_at,u1_0.role,u1_0.statut_compte,u1_1.adresse,u1_1.date_naissance,u1_1.description,u1_1.education_json,u1_1.experience,u1_1.facebook_url,u1_1.genre,u1_1.github_url,u1_1.instagram_url,u1_1.linkedin_url,u1_1.localisation,u1_1.num_telephone,u1_1.photo_couverture_nom,u1_1.photo_profil_nom,u1_1.poste_recherche,u1_1.profession,u1_1.skills_json,u1_2.departement,u1_2.entreprise_id,u1_2.fonction,u1_2.poste from users u1_0 left join candidates u1_1 on u1_0.id=u1_1.user_id left join recruiters u1_2 on u1_0.id=u1_2.user_id where u1_0.email=?
Hibernate: select u1_0.id,case when u1_1.user_id is not null then 1 when u1_2.user_id is not null then 2 when u1_0.id is not null then 0 end,u1_0.activation_token,u1_0.approval_status,u1_0.email,u1_0.email_verified,u1_0.nom,u1_0.password,u1_0.reset_password_token,u1_0.reset_password_token_expires_at,u1_0.role,u1_0.statut_compte,u1_1.adresse,u1_1.date_naissance,u1_1.description,u1_1.education_json,u1_1.experience,u1_1.facebook_url,u1_1.genre,u1_1.github_url,u1_1.instagram_url,u1_1.linkedin_url,u1_1.localisation,u1_1.num_telephone,u1_1.photo_couverture_nom,u1_1.photo_profil_nom,u1_1.poste_recherche,u1_1.profession,u1_1.skills_json,u1_2.departement,u1_2.entreprise_id,u1_2.fonction,u1_2.poste from users u1_0 left join candidates u1_1 on u1_0.id=u1_1.user_id left join recruiters u1_2 on u1_0.id=u1_2.user_id where u1_0.email=?
Hibernate: select u1_0.id,case when u1_1.user_id is not null then 1 when u1_2.user_id is not null then 2 when u1_0.id is not null then 0 end,u1_0.activation_token,u1_0.approval_status,u1_0.email,u1_0.email_verified,u1_0.nom,u1_0.password,u1_0.reset_password_token,u1_0.reset_password_token_expires_at,u1_0.role,u1_0.statut_compte,u1_1.adresse,u1_1.date_naissance,u1_1.description,u1_1.education_json,u1_1.experience,u1_1.facebook_url,u1_1.genre,u1_1.github_url,u1_1.instagram_url,u1_1.linkedin_url,u1_1.localisation,u1_1.num_telephone,u1_1.photo_couverture_nom,u1_1.photo_profil_nom,u1_1.poste_recherche,u1_1.profession,u1_1.skills_json,u1_2.departement,u1_2.entreprise_id,u1_2.fonction,u1_2.poste from users u1_0 left join candidates u1_1 on u1_0.id=u1_1.user_id left join recruiters u1_2 on u1_0.id=u1_2.user_id where u1_0.role=?
Hibernate: select u1_0.id,case when u1_1.user_id is not null then 1 when u1_2.user_id is not null then 2 when u1_0.id is not null then 0 end,u1_0.activation_token,u1_0.approval_status,u1_0.email,u1_0.email_verified,u1_0.nom,u1_0.password,u1_0.reset_password_token,u1_0.reset_password_token_expires_at,u1_0.role,u1_0.statut_compte,u1_1.adresse,u1_1.date_naissance,u1_1.description,u1_1.education_json,u1_1.experience,u1_1.facebook_url,u1_1.genre,u1_1.github_url,u1_1.instagram_url,u1_1.linkedin_url,u1_1.localisation,u1_1.num_telephone,u1_1.photo_couverture_nom,u1_1.photo_profil_nom,u1_1.poste_recherche,u1_1.profession,u1_1.skills_json,u1_2.departement,u1_2.entreprise_id,u1_2.fonction,u1_2.poste from users u1_0 left join candidates u1_1 on u1_0.id=u1_1.user_id left join recruiters u1_2 on u1_0.id=u1_2.user_id where u1_0.email=?
Hibernate: select count(n1_0.id) from notification n1_0 where n1_0.user_id=? and n1_0.lue=false
Hibernate: select u1_0.id,case when u1_1.user_id is not null then 1 when u1_2.user_id is not null then 2 when u1_0.id is not null then 0 end,u1_0.activation_token,u1_0.approval_status,u1_0.email,u1_0.email_verified,u1_0.nom,u1_0.password,u1_0.reset_password_token,u1_0.reset_password_token_expires_at,u1_0.role,u1_0.statut_compte,u1_1.adresse,u1_1.date_naissance,u1_1.description,u1_1.education_json,u1_1.experience,u1_1.facebook_url,u1_1.genre,u1_1.github_url,u1_1.instagram_url,u1_1.linkedin_url,u1_1.localisation,u1_1.num_telephone,u1_1.photo_couverture_nom,u1_1.photo_profil_nom,u1_1.poste_recherche,u1_1.profession,u1_1.skills_json,u1_2.departement,u1_2.entreprise_id,u1_2.fonction,u1_2.poste from users u1_0 left join candidates u1_1 on u1_0.id=u1_1.user_id left join recruiters u1_2 on u1_0.id=u1_2.user_id where u1_0.email=?
Hibernate: select u1_0.id,case when u1_1.user_id is not null then 1 when u1_2.user_id is not null then 2 when u1_0.id is not null then 0 end,u1_0.activation_token,u1_0.approval_status,u1_0.email,u1_0.email_verified,u1_0.nom,u1_0.password,u1_0.reset_password_token,u1_0.reset_password_token_expires_at,u1_0.role,u1_0.statut_compte,u1_1.adresse,u1_1.date_naissance,u1_1.description,u1_1.education_json,u1_1.experience,u1_1.facebook_url,u1_1.genre,u1_1.github_url,u1_1.instagram_url,u1_1.linkedin_url,u1_1.localisation,u1_1.num_telephone,u1_1.photo_couverture_nom,u1_1.photo_profil_nom,u1_1.poste_recherche,u1_1.profession,u1_1.skills_json,u1_2.departement,e1_0.id_entreprise,e1_0.abonnement_actif,e1_0.adresse,e1_0.description,e1_0.email,e1_0.nom_entreprise,e1_0.secteur,e1_0.site_web,u1_2.fonction,u1_2.poste from users u1_0 left join candidates u1_1 on u1_0.id=u1_1.user_id left join recruiters u1_2 on u1_0.id=u1_2.user_id left join entreprises e1_0 on e1_0.id_entreprise=u1_2.entreprise_id where u1_0.id=?
Hibernate: select n1_0.id,n1_0.date_envoi,n1_0.lue,n1_0.message,n1_0.user_id from notification n1_0 where n1_0.user_id=?
2026-04-08T22:18:26.946+01:00 ERROR 7788 --- [Recrutement] [nio-8081-exec-4] o.a.c.c.C.[.[.[/].[dispatcherServlet]    : Servlet.service() for servlet [dispatcherServlet] in context with path [] threw exception [Request processing failed: org.springframework.dao.InvalidDataAccessApiUsageException: No EntityManager with actual transaction available for current thread - cannot reliably process 'remove' call] with root cause

jakarta.persistence.TransactionRequiredException: No EntityManager with actual transaction available for current thread - cannot reliably process 'remove' call
	at org.springframework.orm.jpa.SharedEntityManagerCreator$SharedEntityManagerInvocationHandler.invoke(SharedEntityManagerCreator.java:301) ~[spring-orm-7.0.3.jar:7.0.3]
	at jdk.proxy2/jdk.proxy2.$Proxy134.remove(Unknown Source) ~[na:na]
	at org.springframework.data.jpa.repository.query.JpaQueryExecution$DeleteExecution.doExecute(JpaQueryExecution.java:419) ~[spring-data-jpa-4.0.2.jar:4.0.2]
	at org.springframework.data.jpa.repository.query.JpaQueryExecution.execute(JpaQueryExecution.java:99) ~[spring-data-jpa-4.0.2.jar:4.0.2]
	at org.springframework.data.jpa.repository.query.AbstractJpaQuery.doExecute(AbstractJpaQuery.java:164) ~[spring-data-jpa-4.0.2.jar:4.0.2]
	at org.springframework.data.jpa.repository.query.AbstractJpaQuery.execute(AbstractJpaQuery.java:154) ~[spring-data-jpa-4.0.2.jar:4.0.2]
	at org.springframework.data.repository.core.support.RepositoryMethodInvoker.doInvoke(RepositoryMethodInvoker.java:169) ~[spring-data-commons-4.0.2.jar:4.0.2]
	at org.springframework.data.repository.core.support.RepositoryMethodInvoker.invoke(RepositoryMethodInvoker.java:158) ~[spring-data-commons-4.0.2.jar:4.0.2]
	at org.springframework.data.repository.core.support.QueryExecutorMethodInterceptor.doInvoke(QueryExecutorMethodInterceptor.java:167) ~[spring-data-commons-4.0.2.jar:4.0.2]
	at org.springframework.data.repository.core.support.QueryExecutorMethodInterceptor.invoke(QueryExecutorMethodInterceptor.java:146) ~[spring-data-commons-4.0.2.jar:4.0.2]
	at org.springframework.aop.framework.ReflectiveMethodInvocation.proceed(ReflectiveMethodInvocation.java:179) ~[spring-aop-7.0.3.jar:7.0.3]
	at org.springframework.data.projection.DefaultMethodInvokingMethodInterceptor.invoke(DefaultMethodInvokingMethodInterceptor.java:69) ~[spring-data-commons-4.0.2.jar:4.0.2]
	at org.springframework.aop.framework.ReflectiveMethodInvocation.proceed(ReflectiveMethodInvocation.java:179) ~[spring-aop-7.0.3.jar:7.0.3]
	at org.springframework.transaction.interceptor.TransactionInterceptor$1.proceedWithInvocation(TransactionInterceptor.java:133) ~[spring-tx-7.0.3.jar:7.0.3]
	at org.springframework.transaction.interceptor.TransactionAspectSupport.invokeWithinTransaction(TransactionAspectSupport.java:371) ~[spring-tx-7.0.3.jar:7.0.3]
	at org.springframework.transaction.interceptor.TransactionInterceptor.invoke(TransactionInterceptor.java:130) ~[spring-tx-7.0.3.jar:7.0.3]
	at org.springframework.aop.framework.ReflectiveMethodInvocation.proceed(ReflectiveMethodInvocation.java:179) ~[spring-aop-7.0.3.jar:7.0.3]
	at org.springframework.dao.support.PersistenceExceptionTranslationInterceptor.invoke(PersistenceExceptionTranslationInterceptor.java:135) ~[spring-tx-7.0.3.jar:7.0.3]
	at org.springframework.aop.framework.ReflectiveMethodInvocation.proceed(ReflectiveMethodInvocation.java:179) ~[spring-aop-7.0.3.jar:7.0.3]
	at org.springframework.data.jpa.repository.support.CrudMethodMetadataPostProcessor$CrudMethodMetadataPopulatingMethodInterceptor.invoke(CrudMethodMetadataPostProcessor.java:137) ~[spring-data-jpa-4.0.2.jar:4.0.2]
	at org.springframework.aop.framework.ReflectiveMethodInvocation.proceed(ReflectiveMethodInvocation.java:179) ~[spring-aop-7.0.3.jar:7.0.3]
	at org.springframework.aop.framework.JdkDynamicAopProxy.invoke(JdkDynamicAopProxy.java:222) ~[spring-aop-7.0.3.jar:7.0.3]
	at jdk.proxy2/jdk.proxy2.$Proxy144.deleteByUser(Unknown Source) ~[na:na]
	at com.recrutement.recrutement.service.Impl.NotificationServiceImpl.clearNotificationsForUser(NotificationServiceImpl.java:103) ~[classes/:na]
	at com.recrutement.recrutement.service.Impl.AuthServiceImpl.deleteRecruiterAccount(AuthServiceImpl.java:455) ~[classes/:na]
	at com.recrutement.recrutement.controller.AdminController.deleteRecruiter(AdminController.java:45) ~[classes/:na]
	at java.base/jdk.internal.reflect.DirectMethodHandleAccessor.invoke(DirectMethodHandleAccessor.java:104) ~[na:na]
	at java.base/java.lang.reflect.Method.invoke(Method.java:565) ~[na:na]
	at org.springframework.web.method.support.InvocableHandlerMethod.doInvoke(InvocableHandlerMethod.java:258) ~[spring-web-7.0.3.jar:7.0.3]
	at org.springframework.web.method.support.InvocableHandlerMethod.invokeForRequest(InvocableHandlerMethod.java:190) ~[spring-web-7.0.3.jar:7.0.3]
	at org.springframework.web.servlet.mvc.method.annotation.ServletInvocableHandlerMethod.invokeAndHandle(ServletInvocableHandlerMethod.java:117) ~[spring-webmvc-7.0.3.jar:7.0.3]
	at org.springframework.web.servlet.mvc.method.annotation.RequestMappingHandlerAdapter.invokeHandlerMethod(RequestMappingHandlerAdapter.java:934) ~[spring-webmvc-7.0.3.jar:7.0.3]
	at org.springframework.web.servlet.mvc.method.annotation.RequestMappingHandlerAdapter.handleInternal(RequestMappingHandlerAdapter.java:853) ~[spring-webmvc-7.0.3.jar:7.0.3]
	at org.springframework.web.servlet.mvc.method.AbstractHandlerMethodAdapter.handle(AbstractHandlerMethodAdapter.java:86) ~[spring-webmvc-7.0.3.jar:7.0.3]
	at org.springframework.web.servlet.DispatcherServlet.doDispatch(DispatcherServlet.java:963) ~[spring-webmvc-7.0.3.jar:7.0.3]
	at org.springframework.web.servlet.DispatcherServlet.doService(DispatcherServlet.java:866) ~[spring-webmvc-7.0.3.jar:7.0.3]
	at org.springframework.web.servlet.FrameworkServlet.processRequest(FrameworkServlet.java:1003) ~[spring-webmvc-7.0.3.jar:7.0.3]
	at org.springframework.web.servlet.FrameworkServlet.doDelete(FrameworkServlet.java:925) ~[spring-webmvc-7.0.3.jar:7.0.3]
	at jakarta.servlet.http.HttpServlet.service(HttpServlet.java:651) ~[tomcat-embed-core-11.0.15.jar:6.1]
	at org.springframework.web.servlet.FrameworkServlet.service(FrameworkServlet.java:874) ~[spring-webmvc-7.0.3.jar:7.0.3]
	at jakarta.servlet.http.HttpServlet.service(HttpServlet.java:710) ~[tomcat-embed-core-11.0.15.jar:6.1]
	at org.apache.catalina.core.ApplicationFilterChain.doFilter(ApplicationFilterChain.java:128) ~[tomcat-embed-core-11.0.15.jar:11.0.15]
	at org.apache.tomcat.websocket.server.WsFilter.doFilter(WsFilter.java:53) ~[tomcat-embed-websocket-11.0.15.jar:11.0.15]
	at org.apache.catalina.core.ApplicationFilterChain.doFilter(ApplicationFilterChain.java:107) ~[tomcat-embed-core-11.0.15.jar:11.0.15]
	at org.springframework.web.filter.OncePerRequestFilter.doFilter(OncePerRequestFilter.java:110) ~[spring-web-7.0.3.jar:7.0.3]
	at org.apache.catalina.core.ApplicationFilterChain.doFilter(ApplicationFilterChain.java:107) ~[tomcat-embed-core-11.0.15.jar:11.0.15]
	at org.springframework.web.filter.CompositeFilter$VirtualFilterChain.doFilter(CompositeFilter.java:108) ~[spring-web-7.0.3.jar:7.0.3]
	at org.springframework.security.web.FilterChainProxy.lambda$doFilterInternal$3(FilterChainProxy.java:235) ~[spring-security-web-7.0.2.jar:7.0.2]
	at org.springframework.security.web.FilterChainProxy$VirtualFilterChain.doFilter(FilterChainProxy.java:371) ~[spring-security-web-7.0.2.jar:7.0.2]
	at org.springframework.security.web.access.intercept.AuthorizationFilter.doFilter(AuthorizationFilter.java:101) ~[spring-security-web-7.0.2.jar:7.0.2]
	at org.springframework.security.web.FilterChainProxy$VirtualFilterChain.doFilter(FilterChainProxy.java:380) ~[spring-security-web-7.0.2.jar:7.0.2]
	at org.springframework.security.web.access.ExceptionTranslationFilter.doFilter(ExceptionTranslationFilter.java:126) ~[spring-security-web-7.0.2.jar:7.0.2]
	at org.springframework.security.web.access.ExceptionTranslationFilter.doFilter(ExceptionTranslationFilter.java:120) ~[spring-security-web-7.0.2.jar:7.0.2]
	at org.springframework.security.web.FilterChainProxy$VirtualFilterChain.doFilter(FilterChainProxy.java:380) ~[spring-security-web-7.0.2.jar:7.0.2]
	at org.springframework.security.web.session.SessionManagementFilter.doFilter(SessionManagementFilter.java:132) ~[spring-security-web-7.0.2.jar:7.0.2]
	at org.springframework.security.web.session.SessionManagementFilter.doFilter(SessionManagementFilter.java:86) ~[spring-security-web-7.0.2.jar:7.0.2]
	at org.springframework.security.web.FilterChainProxy$VirtualFilterChain.doFilter(FilterChainProxy.java:380) ~[spring-security-web-7.0.2.jar:7.0.2]
	at org.springframework.security.web.authentication.AnonymousAuthenticationFilter.doFilter(AnonymousAuthenticationFilter.java:100) ~[spring-security-web-7.0.2.jar:7.0.2]
	at org.springframework.security.web.FilterChainProxy$VirtualFilterChain.doFilter(FilterChainProxy.java:380) ~[spring-security-web-7.0.2.jar:7.0.2]
	at org.springframework.security.web.servletapi.SecurityContextHolderAwareRequestFilter.doFilter(SecurityContextHolderAwareRequestFilter.java:181) ~[spring-security-web-7.0.2.jar:7.0.2]
	at org.springframework.security.web.FilterChainProxy$VirtualFilterChain.doFilter(FilterChainProxy.java:380) ~[spring-security-web-7.0.2.jar:7.0.2]
	at org.springframework.security.web.savedrequest.RequestCacheAwareFilter.doFilter(RequestCacheAwareFilter.java:63) ~[spring-security-web-7.0.2.jar:7.0.2]
	at org.springframework.security.web.FilterChainProxy$VirtualFilterChain.doFilter(FilterChainProxy.java:380) ~[spring-security-web-7.0.2.jar:7.0.2]
	at com.recrutement.recrutement.security.JwtAuthentificationFilter.doFilterInternal(JwtAuthentificationFilter.java:70) ~[classes/:na]
	at org.springframework.web.filter.OncePerRequestFilter.doFilter(OncePerRequestFilter.java:116) ~[spring-web-7.0.3.jar:7.0.3]
	at org.springframework.security.web.FilterChainProxy$VirtualFilterChain.doFilter(FilterChainProxy.java:380) ~[spring-security-web-7.0.2.jar:7.0.2]
	at org.springframework.security.web.authentication.logout.LogoutFilter.doFilter(LogoutFilter.java:110) ~[spring-security-web-7.0.2.jar:7.0.2]
	at org.springframework.security.web.authentication.logout.LogoutFilter.doFilter(LogoutFilter.java:96) ~[spring-security-web-7.0.2.jar:7.0.2]
	at org.springframework.security.web.FilterChainProxy$VirtualFilterChain.doFilter(FilterChainProxy.java:380) ~[spring-security-web-7.0.2.jar:7.0.2]
	at org.springframework.web.filter.CorsFilter.doFilterInternal(CorsFilter.java:91) ~[spring-web-7.0.3.jar:7.0.3]
	at org.springframework.web.filter.OncePerRequestFilter.doFilter(OncePerRequestFilter.java:116) ~[spring-web-7.0.3.jar:7.0.3]
	at org.springframework.security.web.FilterChainProxy$VirtualFilterChain.doFilter(FilterChainProxy.java:380) ~[spring-security-web-7.0.2.jar:7.0.2]
	at org.springframework.security.web.header.HeaderWriterFilter.doHeadersAfter(HeaderWriterFilter.java:90) ~[spring-security-web-7.0.2.jar:7.0.2]
	at org.springframework.security.web.header.HeaderWriterFilter.doFilterInternal(HeaderWriterFilter.java:75) ~[spring-security-web-7.0.2.jar:7.0.2]
	at org.springframework.web.filter.OncePerRequestFilter.doFilter(OncePerRequestFilter.java:116) ~[spring-web-7.0.3.jar:7.0.3]
	at org.springframework.security.web.FilterChainProxy$VirtualFilterChain.doFilter(FilterChainProxy.java:380) ~[spring-security-web-7.0.2.jar:7.0.2]
	at org.springframework.security.web.context.SecurityContextHolderFilter.doFilter(SecurityContextHolderFilter.java:82) ~[spring-security-web-7.0.2.jar:7.0.2]
	at org.springframework.security.web.context.SecurityContextHolderFilter.doFilter(SecurityContextHolderFilter.java:69) ~[spring-security-web-7.0.2.jar:7.0.2]
	at org.springframework.security.web.FilterChainProxy$VirtualFilterChain.doFilter(FilterChainProxy.java:380) ~[spring-security-web-7.0.2.jar:7.0.2]
	at org.springframework.security.web.context.request.async.WebAsyncManagerIntegrationFilter.doFilterInternal(WebAsyncManagerIntegrationFilter.java:62) ~[spring-security-web-7.0.2.jar:7.0.2]
	at org.springframework.web.filter.OncePerRequestFilter.doFilter(OncePerRequestFilter.java:116) ~[spring-web-7.0.3.jar:7.0.3]
	at org.springframework.security.web.FilterChainProxy$VirtualFilterChain.doFilter(FilterChainProxy.java:380) ~[spring-security-web-7.0.2.jar:7.0.2]
	at org.springframework.security.web.session.DisableEncodeUrlFilter.doFilterInternal(DisableEncodeUrlFilter.java:42) ~[spring-security-web-7.0.2.jar:7.0.2]
	at org.springframework.web.filter.OncePerRequestFilter.doFilter(OncePerRequestFilter.java:116) ~[spring-web-7.0.3.jar:7.0.3]
	at org.springframework.security.web.FilterChainProxy$VirtualFilterChain.doFilter(FilterChainProxy.java:380) ~[spring-security-web-7.0.2.jar:7.0.2]
	at org.springframework.security.web.FilterChainProxy.doFilterInternal(FilterChainProxy.java:237) ~[spring-security-web-7.0.2.jar:7.0.2]
	at org.springframework.security.web.FilterChainProxy.doFilter(FilterChainProxy.java:195) ~[spring-security-web-7.0.2.jar:7.0.2]
	at org.springframework.web.filter.CompositeFilter$VirtualFilterChain.doFilter(CompositeFilter.java:113) ~[spring-web-7.0.3.jar:7.0.3]
	at org.springframework.web.filter.ServletRequestPathFilter.doFilter(ServletRequestPathFilter.java:52) ~[spring-web-7.0.3.jar:7.0.3]
	at org.springframework.web.filter.CompositeFilter$VirtualFilterChain.doFilter(CompositeFilter.java:113) ~[spring-web-7.0.3.jar:7.0.3]
	at org.springframework.web.filter.CompositeFilter.doFilter(CompositeFilter.java:74) ~[spring-web-7.0.3.jar:7.0.3]
	at org.springframework.security.config.annotation.web.configuration.WebSecurityConfiguration$CompositeFilterChainProxy.doFilter(WebSecurityConfiguration.java:317) ~[spring-security-config-7.0.2.jar:7.0.2]
	at org.springframework.web.filter.DelegatingFilterProxy.invokeDelegate(DelegatingFilterProxy.java:355) ~[spring-web-7.0.3.jar:7.0.3]
	at org.springframework.web.filter.DelegatingFilterProxy.doFilter(DelegatingFilterProxy.java:272) ~[spring-web-7.0.3.jar:7.0.3]
	at org.apache.catalina.core.ApplicationFilterChain.doFilter(ApplicationFilterChain.java:107) ~[tomcat-embed-core-11.0.15.jar:11.0.15]
	at org.springframework.web.filter.RequestContextFilter.doFilterInternal(RequestContextFilter.java:100) ~[spring-web-7.0.3.jar:7.0.3]
	at org.springframework.web.filter.OncePerRequestFilter.doFilter(OncePerRequestFilter.java:116) ~[spring-web-7.0.3.jar:7.0.3]
	at org.apache.catalina.core.ApplicationFilterChain.doFilter(ApplicationFilterChain.java:107) ~[tomcat-embed-core-11.0.15.jar:11.0.15]
	at org.springframework.web.filter.FormContentFilter.doFilterInternal(FormContentFilter.java:93) ~[spring-web-7.0.3.jar:7.0.3]
	at org.springframework.web.filter.OncePerRequestFilter.doFilter(OncePerRequestFilter.java:116) ~[spring-web-7.0.3.jar:7.0.3]
	at org.apache.catalina.core.ApplicationFilterChain.doFilter(ApplicationFilterChain.java:107) ~[tomcat-embed-core-11.0.15.jar:11.0.15]
	at org.springframework.web.filter.CharacterEncodingFilter.doFilterInternal(CharacterEncodingFilter.java:199) ~[spring-web-7.0.3.jar:7.0.3]
	at org.springframework.web.filter.OncePerRequestFilter.doFilter(OncePerRequestFilter.java:116) ~[spring-web-7.0.3.jar:7.0.3]
	at org.apache.catalina.core.ApplicationFilterChain.doFilter(ApplicationFilterChain.java:107) ~[tomcat-embed-core-11.0.15.jar:11.0.15]
	at org.apache.catalina.core.StandardWrapperValve.invoke(StandardWrapperValve.java:165) ~[tomcat-embed-core-11.0.15.jar:11.0.15]
	at org.apache.catalina.core.StandardContextValve.invoke(StandardContextValve.java:77) ~[tomcat-embed-core-11.0.15.jar:11.0.15]
	at org.apache.catalina.authenticator.AuthenticatorBase.invoke(AuthenticatorBase.java:482) ~[tomcat-embed-core-11.0.15.jar:11.0.15]
	at org.apache.catalina.core.StandardHostValve.invoke(StandardHostValve.java:113) ~[tomcat-embed-core-11.0.15.jar:11.0.15]
	at org.apache.catalina.valves.ErrorReportValve.invoke(ErrorReportValve.java:83) ~[tomcat-embed-core-11.0.15.jar:11.0.15]
	at org.apache.catalina.core.StandardEngineValve.invoke(StandardEngineValve.java:72) ~[tomcat-embed-core-11.0.15.jar:11.0.15]
	at org.apache.catalina.connector.CoyoteAdapter.service(CoyoteAdapter.java:341) ~[tomcat-embed-core-11.0.15.jar:11.0.15]
	at org.apache.coyote.http11.Http11Processor.service(Http11Processor.java:397) ~[tomcat-embed-core-11.0.15.jar:11.0.15]
	at org.apache.coyote.AbstractProcessorLight.process(AbstractProcessorLight.java:63) ~[tomcat-embed-core-11.0.15.jar:11.0.15]
	at org.apache.coyote.AbstractProtocol$ConnectionHandler.process(AbstractProtocol.java:903) ~[tomcat-embed-core-11.0.15.jar:11.0.15]
	at org.apache.tomcat.util.net.NioEndpoint$SocketProcessor.doRun(NioEndpoint.java:1778) ~[tomcat-embed-core-11.0.15.jar:11.0.15]
	at org.apache.tomcat.util.net.SocketProcessorBase.run(SocketProcessorBase.java:52) ~[tomcat-embed-core-11.0.15.jar:11.0.15]
	at org.apache.tomcat.util.threads.ThreadPoolExecutor.runWorker(ThreadPoolExecutor.java:946) ~[tomcat-embed-core-11.0.15.jar:11.0.15]
	at org.apache.tomcat.util.threads.ThreadPoolExecutor$Worker.run(ThreadPoolExecutor.java:480) ~[tomcat-embed-core-11.0.15.jar:11.0.15]
	at org.apache.tomcat.util.threads.TaskThread$WrappingRunnable.run(TaskThread.java:57) ~[tomcat-embed-core-11.0.15.jar:11.0.15]
	at java.base/java.lang.Thread.run(Thread.java:1474) ~[na:na]

Hibernate: select u1_0.id,case when u1_1.user_id is not null then 1 when u1_2.user_id is not null then 2 when u1_0.id is not null then 0 end,u1_0.activation_token,u1_0.approval_status,u1_0.email,u1_0.email_verified,u1_0.nom,u1_0.password,u1_0.reset_password_token,u1_0.reset_password_token_expires_at,u1_0.role,u1_0.statut_compte,u1_1.adresse,u1_1.date_naissance,u1_1.description,u1_1.education_json,u1_1.experience,u1_1.facebook_url,u1_1.genre,u1_1.github_url,u1_1.instagram_url,u1_1.linkedin_url,u1_1.localisation,u1_1.num_telephone,u1_1.photo_couverture_nom,u1_1.photo_profil_nom,u1_1.poste_recherche,u1_1.profession,u1_1.skills_json,u1_2.departement,u1_2.entreprise_id,u1_2.fonction,u1_2.poste from users u1_0 left join candidates u1_1 on u1_0.id=u1_1.user_id left join recruiters u1_2 on u1_0.id=u1_2.user_id where u1_0.email=?
Hibernate: select u1_0.id,case when u1_1.user_id is not null then 1 when u1_2.user_id is not null then 2 when u1_0.id is not null then 0 end,u1_0.activation_token,u1_0.approval_status,u1_0.email,u1_0.email_verified,u1_0.nom,u1_0.password,u1_0.reset_password_token,u1_0.reset_password_token_expires_at,u1_0.role,u1_0.statut_compte,u1_1.adresse,u1_1.date_naissance,u1_1.description,u1_1.education_json,u1_1.experience,u1_1.facebook_url,u1_1.genre,u1_1.github_url,u1_1.instagram_url,u1_1.linkedin_url,u1_1.localisation,u1_1.num_telephone,u1_1.photo_couverture_nom,u1_1.photo_profil_nom,u1_1.poste_recherche,u1_1.profession,u1_1.skills_json,u1_2.departement,u1_2.entreprise_id,u1_2.fonction,u1_2.poste from users u1_0 left join candidates u1_1 on u1_0.id=u1_1.user_id left join recruiters u1_2 on u1_0.id=u1_2.user_id where u1_0.email=?
Hibernate: select count(n1_0.id) from notification n1_0 where n1_0.user_id=? and n1_0.lue=false
Hibernate: select u1_0.id,case when u1_1.user_id is not null then 1 when u1_2.user_id is not null then 2 when u1_0.id is not null then 0 end,u1_0.activation_token,u1_0.approval_status,u1_0.email,u1_0.email_verified,u1_0.nom,u1_0.password,u1_0.reset_password_token,u1_0.reset_password_token_expires_at,u1_0.role,u1_0.statut_compte,u1_1.adresse,u1_1.date_naissance,u1_1.description,u1_1.education_json,u1_1.experience,u1_1.facebook_url,u1_1.genre,u1_1.github_url,u1_1.instagram_url,u1_1.linkedin_url,u1_1.localisation,u1_1.num_telephone,u1_1.photo_couverture_nom,u1_1.photo_profil_nom,u1_1.poste_recherche,u1_1.profession,u1_1.skills_json,u1_2.departement,u1_2.entreprise_id,u1_2.fonction,u1_2.poste from users u1_0 left join candidates u1_1 on u1_0.id=u1_1.user_id left join recruiters u1_2 on u1_0.id=u1_2.user_id where u1_0.email=?
Hibernate: select u1_0.id,case when u1_1.user_id is not null then 1 when u1_2.user_id is not null then 2 when u1_0.id is not null then 0 end,u1_0.activation_token,u1_0.approval_status,u1_0.email,u1_0.email_verified,u1_0.nom,u1_0.password,u1_0.reset_password_token,u1_0.reset_password_token_expires_at,u1_0.role,u1_0.statut_compte,u1_1.adresse,u1_1.date_naissance,u1_1.description,u1_1.education_json,u1_1.experience,u1_1.facebook_url,u1_1.genre,u1_1.github_url,u1_1.instagram_url,u1_1.linkedin_url,u1_1.localisation,u1_1.num_telephone,u1_1.photo_couverture_nom,u1_1.photo_profil_nom,u1_1.poste_recherche,u1_1.profession,u1_1.skills_json,u1_2.departement,u1_2.entreprise_id,u1_2.fonction,u1_2.poste from users u1_0 left join candidates u1_1 on u1_0.id=u1_1.user_id left join recruiters u1_2 on u1_0.id=u1_2.user_id where u1_0.role=?
Hibernate: select u1_0.id,case when u1_1.user_id is not null then 1 when u1_2.user_id is not null then 2 when u1_0.id is not null then 0 end,u1_0.activation_token,u1_0.approval_status,u1_0.email,u1_0.email_verified,u1_0.nom,u1_0.password,u1_0.reset_password_token,u1_0.reset_password_token_expires_at,u1_0.role,u1_0.statut_compte,u1_1.adresse,u1_1.date_naissance,u1_1.description,u1_1.education_json,u1_1.experience,u1_1.facebook_url,u1_1.genre,u1_1.github_url,u1_1.instagram_url,u1_1.linkedin_url,u1_1.localisation,u1_1.num_telephone,u1_1.photo_couverture_nom,u1_1.photo_profil_nom,u1_1.poste_recherche,u1_1.profession,u1_1.skills_json,u1_2.departement,u1_2.entreprise_id,u1_2.fonction,u1_2.poste from users u1_0 left join candidates u1_1 on u1_0.id=u1_1.user_id left join recruiters u1_2 on u1_0.id=u1_2.user_id where u1_0.email=?
Hibernate: select u1_0.id,case when u1_1.user_id is not null then 1 when u1_2.user_id is not null then 2 when u1_0.id is not null then 0 end,u1_0.activation_token,u1_0.approval_status,u1_0.email,u1_0.email_verified,u1_0.nom,u1_0.password,u1_0.reset_password_token,u1_0.reset_password_token_expires_at,u1_0.role,u1_0.statut_compte,u1_1.adresse,u1_1.date_naissance,u1_1.description,u1_1.education_json,u1_1.experience,u1_1.facebook_url,u1_1.genre,u1_1.github_url,u1_1.instagram_url,u1_1.linkedin_url,u1_1.localisation,u1_1.num_telephone,u1_1.photo_couverture_nom,u1_1.photo_profil_nom,u1_1.poste_recherche,u1_1.profession,u1_1.skills_json,u1_2.departement,u1_2.entreprise_id,u1_2.fonction,u1_2.poste from users u1_0 left join candidates u1_1 on u1_0.id=u1_1.user_id left join recruiters u1_2 on u1_0.id=u1_2.user_id where u1_0.email=?
Hibernate: select count(n1_0.id) from notification n1_0 where n1_0.user_id=? and n1_0.lue=false
Hibernate: select u1_0.id,case when u1_1.user_id is not null then 1 when u1_2.user_id is not null then 2 when u1_0.id is not null then 0 end,u1_0.activation_token,u1_0.approval_status,u1_0.email,u1_0.email_verified,u1_0.nom,u1_0.password,u1_0.reset_password_token,u1_0.reset_password_token_expires_at,u1_0.role,u1_0.statut_compte,u1_1.adresse,u1_1.date_naissance,u1_1.description,u1_1.education_json,u1_1.experience,u1_1.facebook_url,u1_1.genre,u1_1.github_url,u1_1.instagram_url,u1_1.linkedin_url,u1_1.localisation,u1_1.num_telephone,u1_1.photo_couverture_nom,u1_1.photo_profil_nom,u1_1.poste_recherche,u1_1.profession,u1_1.skills_json,u1_2.departement,u1_2.entreprise_id,u1_2.fonction,u1_2.poste from users u1_0 left join candidates u1_1 on u1_0.id=u1_1.user_id left join recruiters u1_2 on u1_0.id=u1_2.user_id where u1_0.email=?
Hibernate: select u1_0.id,case when u1_1.user_id is not null then 1 when u1_2.user_id is not null then 2 when u1_0.id is not null then 0 end,u1_0.activation_token,u1_0.approval_status,u1_0.email,u1_0.email_verified,u1_0.nom,u1_0.password,u1_0.reset_password_token,u1_0.reset_password_token_expires_at,u1_0.role,u1_0.statut_compte,u1_1.adresse,u1_1.date_naissance,u1_1.description,u1_1.education_json,u1_1.experience,u1_1.facebook_url,u1_1.genre,u1_1.github_url,u1_1.instagram_url,u1_1.linkedin_url,u1_1.localisation,u1_1.num_telephone,u1_1.photo_couverture_nom,u1_1.photo_profil_nom,u1_1.poste_recherche,u1_1.profession,u1_1.skills_json,u1_2.departement,u1_2.entreprise_id,u1_2.fonction,u1_2.poste from users u1_0 left join candidates u1_1 on u1_0.id=u1_1.user_id left join recruiters u1_2 on u1_0.id=u1_2.user_id where u1_0.email=?
Hibernate: select n1_0.id,n1_0.date_envoi,n1_0.lue,n1_0.message,n1_0.user_id from notification n1_0 where n1_0.user_id=? order by n1_0.date_envoi desc
Hibernate: select u1_0.id,case when u1_1.user_id is not null then 1 when u1_2.user_id is not null then 2 when u1_0.id is not null then 0 end,u1_0.activation_token,u1_0.approval_status,u1_0.email,u1_0.email_verified,u1_0.nom,u1_0.password,u1_0.reset_password_token,u1_0.reset_password_token_expires_at,u1_0.role,u1_0.statut_compte,u1_1.adresse,u1_1.date_naissance,u1_1.description,u1_1.education_json,u1_1.experience,u1_1.facebook_url,u1_1.genre,u1_1.github_url,u1_1.instagram_url,u1_1.linkedin_url,u1_1.localisation,u1_1.num_telephone,u1_1.photo_couverture_nom,u1_1.photo_profil_nom,u1_1.poste_recherche,u1_1.profession,u1_1.skills_json,u1_2.departement,u1_2.entreprise_id,u1_2.fonction,u1_2.poste from users u1_0 left join candidates u1_1 on u1_0.id=u1_1.user_id left join recruiters u1_2 on u1_0.id=u1_2.user_id where u1_0.email=?
Hibernate: select u1_0.id,case when u1_1.user_id is not null then 1 when u1_2.user_id is not null then 2 when u1_0.id is not null then 0 end,u1_0.activation_token,u1_0.approval_status,u1_0.email,u1_0.email_verified,u1_0.nom,u1_0.password,u1_0.reset_password_token,u1_0.reset_password_token_expires_at,u1_0.role,u1_0.statut_compte,u1_1.adresse,u1_1.date_naissance,u1_1.description,u1_1.education_json,u1_1.experience,u1_1.facebook_url,u1_1.genre,u1_1.github_url,u1_1.instagram_url,u1_1.linkedin_url,u1_1.localisation,u1_1.num_telephone,u1_1.photo_couverture_nom,u1_1.photo_profil_nom,u1_1.poste_recherche,u1_1.profession,u1_1.skills_json,u1_2.departement,u1_2.entreprise_id,u1_2.fonction,u1_2.poste from users u1_0 left join candidates u1_1 on u1_0.id=u1_1.user_id left join recruiters u1_2 on u1_0.id=u1_2.user_id where u1_0.email=?
Hibernate: select count(n1_0.id) from notification n1_0 where n1_0.user_id=? and n1_0.lue=false
Hibernate: select u1_0.id,case when u1_1.user_id is not null then 1 when u1_2.user_id is not null then 2 when u1_0.id is not null then 0 end,u1_0.activation_token,u1_0.approval_status,u1_0.email,u1_0.email_verified,u1_0.nom,u1_0.password,u1_0.reset_password_token,u1_0.reset_password_token_expires_at,u1_0.role,u1_0.statut_compte,u1_1.adresse,u1_1.date_naissance,u1_1.description,u1_1.education_json,u1_1.experience,u1_1.facebook_url,u1_1.genre,u1_1.github_url,u1_1.instagram_url,u1_1.linkedin_url,u1_1.localisation,u1_1.num_telephone,u1_1.photo_couverture_nom,u1_1.photo_profil_nom,u1_1.poste_recherche,u1_1.profession,u1_1.skills_json,u1_2.departement,u1_2.entreprise_id,u1_2.fonction,u1_2.poste from users u1_0 left join candidates u1_1 on u1_0.id=u1_1.user_id left join recruiters u1_2 on u1_0.id=u1_2.user_id where u1_0.email=?
Hibernate: select u1_0.id,case when u1_1.user_id is not null then 1 when u1_2.user_id is not null then 2 when u1_0.id is not null then 0 end,u1_0.activation_token,u1_0.approval_status,u1_0.email,u1_0.email_verified,u1_0.nom,u1_0.password,u1_0.reset_password_token,u1_0.reset_password_token_expires_at,u1_0.role,u1_0.statut_compte,u1_1.adresse,u1_1.date_naissance,u1_1.description,u1_1.education_json,u1_1.experience,u1_1.facebook_url,u1_1.genre,u1_1.github_url,u1_1.instagram_url,u1_1.linkedin_url,u1_1.localisation,u1_1.num_telephone,u1_1.photo_couverture_nom,u1_1.photo_profil_nom,u1_1.poste_recherche,u1_1.profession,u1_1.skills_json,u1_2.departement,u1_2.entreprise_id,u1_2.fonction,u1_2.poste from users u1_0 left join candidates u1_1 on u1_0.id=u1_1.user_id left join recruiters u1_2 on u1_0.id=u1_2.user_id where u1_0.email=?
Hibernate: select count(n1_0.id) from notification n1_0 where n1_0.user_id=? and n1_0.lue=false
Hibernate: select u1_0.id,case when u1_1.user_id is not null then 1 when u1_2.user_id is not null then 2 when u1_0.id is not null then 0 end,u1_0.activation_token,u1_0.approval_status,u1_0.email,u1_0.email_verified,u1_0.nom,u1_0.password,u1_0.reset_password_token,u1_0.reset_password_token_expires_at,u1_0.role,u1_0.statut_compte,u1_1.adresse,u1_1.date_naissance,u1_1.description,u1_1.education_json,u1_1.experience,u1_1.facebook_url,u1_1.genre,u1_1.github_url,u1_1.instagram_url,u1_1.linkedin_url,u1_1.localisation,u1_1.num_telephone,u1_1.photo_couverture_nom,u1_1.photo_profil_nom,u1_1.poste_recherche,u1_1.profession,u1_1.skills_json,u1_2.departement,u1_2.entreprise_id,u1_2.fonction,u1_2.poste from users u1_0 left join candidates u1_1 on u1_0.id=u1_1.user_id left join recruiters u1_2 on u1_0.id=u1_2.user_id where u1_0.email=?
Hibernate: select u1_0.id,case when u1_1.user_id is not null then 1 when u1_2.user_id is not null then 2 when u1_0.id is not null then 0 end,u1_0.activation_token,u1_0.approval_status,u1_0.email,u1_0.email_verified,u1_0.nom,u1_0.password,u1_0.reset_password_token,u1_0.reset_password_token_expires_at,u1_0.role,u1_0.statut_compte,u1_1.adresse,u1_1.date_naissance,u1_1.description,u1_1.education_json,u1_1.experience,u1_1.facebook_url,u1_1.genre,u1_1.github_url,u1_1.instagram_url,u1_1.linkedin_url,u1_1.localisation,u1_1.num_telephone,u1_1.photo_couverture_nom,u1_1.photo_profil_nom,u1_1.poste_recherche,u1_1.profession,u1_1.skills_json,u1_2.departement,u1_2.entreprise_id,u1_2.fonction,u1_2.poste from users u1_0 left join candidates u1_1 on u1_0.id=u1_1.user_id left join recruiters u1_2 on u1_0.id=u1_2.user_id where u1_0.email=?
Hibernate: select count(n1_0.id) from notification n1_0 where n1_0.user_id=? and n1_0.lue=false
Hibernate: select u1_0.id,case when u1_1.user_id is not null then 1 when u1_2.user_id is not null then 2 when u1_0.id is not null then 0 end,u1_0.activation_token,u1_0.approval_status,u1_0.email,u1_0.email_verified,u1_0.nom,u1_0.password,u1_0.reset_password_token,u1_0.reset_password_token_expires_at,u1_0.role,u1_0.statut_compte,u1_1.adresse,u1_1.date_naissance,u1_1.description,u1_1.education_json,u1_1.experience,u1_1.facebook_url,u1_1.genre,u1_1.github_url,u1_1.instagram_url,u1_1.linkedin_url,u1_1.localisation,u1_1.num_telephone,u1_1.photo_couverture_nom,u1_1.photo_profil_nom,u1_1.poste_recherche,u1_1.profession,u1_1.skills_json,u1_2.departement,u1_2.entreprise_id,u1_2.fonction,u1_2.poste from users u1_0 left join candidates u1_1 on u1_0.id=u1_1.user_id left join recruiters u1_2 on u1_0.id=u1_2.user_id where u1_0.email=?
Hibernate: select u1_0.id,case when u1_1.user_id is not null then 1 when u1_2.user_id is not null then 2 when u1_0.id is not null then 0 end,u1_0.activation_token,u1_0.approval_status,u1_0.email,u1_0.email_verified,u1_0.nom,u1_0.password,u1_0.reset_password_token,u1_0.reset_password_token_expires_at,u1_0.role,u1_0.statut_compte,u1_1.adresse,u1_1.date_naissance,u1_1.description,u1_1.education_json,u1_1.experience,u1_1.facebook_url,u1_1.genre,u1_1.github_url,u1_1.instagram_url,u1_1.linkedin_url,u1_1.localisation,u1_1.num_telephone,u1_1.photo_couverture_nom,u1_1.photo_profil_nom,u1_1.poste_recherche,u1_1.profession,u1_1.skills_json,u1_2.departement,u1_2.entreprise_id,u1_2.fonction,u1_2.poste from users u1_0 left join candidates u1_1 on u1_0.id=u1_1.user_id left join recruiters u1_2 on u1_0.id=u1_2.user_id where u1_0.email=?
Hibernate: select count(n1_0.id) from notification n1_0 where n1_0.user_id=? and n1_0.lue=false
Hibernate: select u1_0.id,case when u1_1.user_id is not null then 1 when u1_2.user_id is not null then 2 when u1_0.id is not null then 0 end,u1_0.activation_token,u1_0.approval_status,u1_0.email,u1_0.email_verified,u1_0.nom,u1_0.password,u1_0.reset_password_token,u1_0.reset_password_token_expires_at,u1_0.role,u1_0.statut_compte,u1_1.adresse,u1_1.date_naissance,u1_1.description,u1_1.education_json,u1_1.experience,u1_1.facebook_url,u1_1.genre,u1_1.github_url,u1_1.instagram_url,u1_1.linkedin_url,u1_1.localisation,u1_1.num_telephone,u1_1.photo_couverture_nom,u1_1.photo_profil_nom,u1_1.poste_recherche,u1_1.profession,u1_1.skills_json,u1_2.departement,u1_2.entreprise_id,u1_2.fonction,u1_2.poste from users u1_0 left join candidates u1_1 on u1_0.id=u1_1.user_id left join recruiters u1_2 on u1_0.id=u1_2.user_id where u1_0.email=?
Hibernate: select u1_0.id,case when u1_1.user_id is not null then 1 when u1_2.user_id is not null then 2 when u1_0.id is not null then 0 end,u1_0.activation_token,u1_0.approval_status,u1_0.email,u1_0.email_verified,u1_0.nom,u1_0.password,u1_0.reset_password_token,u1_0.reset_password_token_expires_at,u1_0.role,u1_0.statut_compte,u1_1.adresse,u1_1.date_naissance,u1_1.description,u1_1.education_json,u1_1.experience,u1_1.facebook_url,u1_1.genre,u1_1.github_url,u1_1.instagram_url,u1_1.linkedin_url,u1_1.localisation,u1_1.num_telephone,u1_1.photo_couverture_nom,u1_1.photo_profil_nom,u1_1.poste_recherche,u1_1.profession,u1_1.skills_json,u1_2.departement,u1_2.entreprise_id,u1_2.fonction,u1_2.poste from users u1_0 left join candidates u1_1 on u1_0.id=u1_1.user_id left join recruiters u1_2 on u1_0.id=u1_2.user_id where u1_0.email=?
Hibernate: select count(n1_0.id) from notification n1_0 where n1_0.user_id=? and n1_0.lue=false
Hibernate: select u1_0.id,case when u1_1.user_id is not null then 1 when u1_2.user_id is not null then 2 when u1_0.id is not null then 0 end,u1_0.activation_token,u1_0.approval_status,u1_0.email,u1_0.email_verified,u1_0.nom,u1_0.password,u1_0.reset_password_token,u1_0.reset_password_token_expires_at,u1_0.role,u1_0.statut_compte,u1_1.adresse,u1_1.date_naissance,u1_1.description,u1_1.education_json,u1_1.experience,u1_1.facebook_url,u1_1.genre,u1_1.github_url,u1_1.instagram_url,u1_1.linkedin_url,u1_1.localisation,u1_1.num_telephone,u1_1.photo_couverture_nom,u1_1.photo_profil_nom,u1_1.poste_recherche,u1_1.profession,u1_1.skills_json,u1_2.departement,u1_2.entreprise_id,u1_2.fonction,u1_2.poste from users u1_0 left join candidates u1_1 on u1_0.id=u1_1.user_id left join recruiters u1_2 on u1_0.id=u1_2.user_id where u1_0.email=?
Hibernate: select u1_0.id,case when u1_1.user_id is not null then 1 when u1_2.user_id is not null then 2 when u1_0.id is not null then 0 end,u1_0.activation_token,u1_0.approval_status,u1_0.email,u1_0.email_verified,u1_0.nom,u1_0.password,u1_0.reset_password_token,u1_0.reset_password_token_expires_at,u1_0.role,u1_0.statut_compte,u1_1.adresse,u1_1.date_naissance,u1_1.description,u1_1.education_json,u1_1.experience,u1_1.facebook_url,u1_1.genre,u1_1.github_url,u1_1.instagram_url,u1_1.linkedin_url,u1_1.localisation,u1_1.num_telephone,u1_1.photo_couverture_nom,u1_1.photo_profil_nom,u1_1.poste_recherche,u1_1.profession,u1_1.skills_json,u1_2.departement,u1_2.entreprise_id,u1_2.fonction,u1_2.poste from users u1_0 left join candidates u1_1 on u1_0.id=u1_1.user_id left join recruiters u1_2 on u1_0.id=u1_2.user_id where u1_0.email=?
Hibernate: select count(n1_0.id) from notification n1_0 where n1_0.user_id=? and n1_0.lue=false
Hibernate: select u1_0.id,case when u1_1.user_id is not null then 1 when u1_2.user_id is not null then 2 when u1_0.id is not null then 0 end,u1_0.activation_token,u1_0.approval_status,u1_0.email,u1_0.email_verified,u1_0.nom,u1_0.password,u1_0.reset_password_token,u1_0.reset_password_token_expires_at,u1_0.role,u1_0.statut_compte,u1_1.adresse,u1_1.date_naissance,u1_1.description,u1_1.education_json,u1_1.experience,u1_1.facebook_url,u1_1.genre,u1_1.github_url,u1_1.instagram_url,u1_1.linkedin_url,u1_1.localisation,u1_1.num_telephone,u1_1.photo_couverture_nom,u1_1.photo_profil_nom,u1_1.poste_recherche,u1_1.profession,u1_1.skills_json,u1_2.departement,u1_2.entreprise_id,u1_2.fonction,u1_2.poste from users u1_0 left join candidates u1_1 on u1_0.id=u1_1.user_id left join recruiters u1_2 on u1_0.id=u1_2.user_id where u1_0.email=?
Hibernate: select u1_0.id,case when u1_1.user_id is not null then 1 when u1_2.user_id is not null then 2 when u1_0.id is not null then 0 end,u1_0.activation_token,u1_0.approval_status,u1_0.email,u1_0.email_verified,u1_0.nom,u1_0.password,u1_0.reset_password_token,u1_0.reset_password_token_expires_at,u1_0.role,u1_0.statut_compte,u1_1.adresse,u1_1.date_naissance,u1_1.description,u1_1.education_json,u1_1.experience,u1_1.facebook_url,u1_1.genre,u1_1.github_url,u1_1.instagram_url,u1_1.linkedin_url,u1_1.localisation,u1_1.num_telephone,u1_1.photo_couverture_nom,u1_1.photo_profil_nom,u1_1.poste_recherche,u1_1.profession,u1_1.skills_json,u1_2.departement,u1_2.entreprise_id,u1_2.fonction,u1_2.poste from users u1_0 left join candidates u1_1 on u1_0.id=u1_1.user_id left join recruiters u1_2 on u1_0.id=u1_2.user_id where u1_0.email=?
Hibernate: select count(n1_0.id) from notification n1_0 where n1_0.user_id=? and n1_0.lue=false
Hibernate: select u1_0.id,case when u1_1.user_id is not null then 1 when u1_2.user_id is not null then 2 when u1_0.id is not null then 0 end,u1_0.activation_token,u1_0.approval_status,u1_0.email,u1_0.email_verified,u1_0.nom,u1_0.password,u1_0.reset_password_token,u1_0.reset_password_token_expires_at,u1_0.role,u1_0.statut_compte,u1_1.adresse,u1_1.date_naissance,u1_1.description,u1_1.education_json,u1_1.experience,u1_1.facebook_url,u1_1.genre,u1_1.github_url,u1_1.instagram_url,u1_1.linkedin_url,u1_1.localisation,u1_1.num_telephone,u1_1.photo_couverture_nom,u1_1.photo_profil_nom,u1_1.poste_recherche,u1_1.profession,u1_1.skills_json,u1_2.departement,u1_2.entreprise_id,u1_2.fonction,u1_2.poste from users u1_0 left join candidates u1_1 on u1_0.id=u1_1.user_id left join recruiters u1_2 on u1_0.id=u1_2.user_id where u1_0.email=?
Hibernate: select u1_0.id,case when u1_1.user_id is not null then 1 when u1_2.user_id is not null then 2 when u1_0.id is not null then 0 end,u1_0.activation_token,u1_0.approval_status,u1_0.email,u1_0.email_verified,u1_0.nom,u1_0.password,u1_0.reset_password_token,u1_0.reset_password_token_expires_at,u1_0.role,u1_0.statut_compte,u1_1.adresse,u1_1.date_naissance,u1_1.description,u1_1.education_json,u1_1.experience,u1_1.facebook_url,u1_1.genre,u1_1.github_url,u1_1.instagram_url,u1_1.linkedin_url,u1_1.localisation,u1_1.num_telephone,u1_1.photo_couverture_nom,u1_1.photo_profil_nom,u1_1.poste_recherche,u1_1.profession,u1_1.skills_json,u1_2.departement,u1_2.entreprise_id,u1_2.fonction,u1_2.poste from users u1_0 left join candidates u1_1 on u1_0.id=u1_1.user_id left join recruiters u1_2 on u1_0.id=u1_2.user_id where u1_0.email=?
Hibernate: select count(n1_0.id) from notification n1_0 where n1_0.user_id=? and n1_0.lue=false
Hibernate: select u1_0.id,case when u1_1.user_id is not null then 1 when u1_2.user_id is not null then 2 when u1_0.id is not null then 0 end,u1_0.activation_token,u1_0.approval_status,u1_0.email,u1_0.email_verified,u1_0.nom,u1_0.password,u1_0.reset_password_token,u1_0.reset_password_token_expires_at,u1_0.role,u1_0.statut_compte,u1_1.adresse,u1_1.date_naissance,u1_1.description,u1_1.education_json,u1_1.experience,u1_1.facebook_url,u1_1.genre,u1_1.github_url,u1_1.instagram_url,u1_1.linkedin_url,u1_1.localisation,u1_1.num_telephone,u1_1.photo_couverture_nom,u1_1.photo_profil_nom,u1_1.poste_recherche,u1_1.profession,u1_1.skills_json,u1_2.departement,u1_2.entreprise_id,u1_2.fonction,u1_2.poste from users u1_0 left join candidates u1_1 on u1_0.id=u1_1.user_id left join recruiters u1_2 on u1_0.id=u1_2.user_id where u1_0.email=?
Hibernate: select u1_0.id,case when u1_1.user_id is not null then 1 when u1_2.user_id is not null then 2 when u1_0.id is not null then 0 end,u1_0.activation_token,u1_0.approval_status,u1_0.email,u1_0.email_verified,u1_0.nom,u1_0.password,u1_0.reset_password_token,u1_0.reset_password_token_expires_at,u1_0.role,u1_0.statut_compte,u1_1.adresse,u1_1.date_naissance,u1_1.description,u1_1.education_json,u1_1.experience,u1_1.facebook_url,u1_1.genre,u1_1.github_url,u1_1.instagram_url,u1_1.linkedin_url,u1_1.localisation,u1_1.num_telephone,u1_1.photo_couverture_nom,u1_1.photo_profil_nom,u1_1.poste_recherche,u1_1.profession,u1_1.skills_json,u1_2.departement,u1_2.entreprise_id,u1_2.fonction,u1_2.poste from users u1_0 left join candidates u1_1 on u1_0.id=u1_1.user_id left join recruiters u1_2 on u1_0.id=u1_2.user_id where u1_0.email=?
Hibernate: select count(n1_0.id) from notification n1_0 where n1_0.user_id=? and n1_0.lue=false
Hibernate: select u1_0.id,case when u1_1.user_id is not null then 1 when u1_2.user_id is not null then 2 when u1_0.id is not null then 0 end,u1_0.activation_token,u1_0.approval_status,u1_0.email,u1_0.email_verified,u1_0.nom,u1_0.password,u1_0.reset_password_token,u1_0.reset_password_token_expires_at,u1_0.role,u1_0.statut_compte,u1_1.adresse,u1_1.date_naissance,u1_1.description,u1_1.education_json,u1_1.experience,u1_1.facebook_url,u1_1.genre,u1_1.github_url,u1_1.instagram_url,u1_1.linkedin_url,u1_1.localisation,u1_1.num_telephone,u1_1.photo_couverture_nom,u1_1.photo_profil_nom,u1_1.poste_recherche,u1_1.profession,u1_1.skills_json,u1_2.departement,u1_2.entreprise_id,u1_2.fonction,u1_2.poste from users u1_0 left join candidates u1_1 on u1_0.id=u1_1.user_id left join recruiters u1_2 on u1_0.id=u1_2.user_id where u1_0.email=?
Hibernate: select u1_0.id,case when u1_1.user_id is not null then 1 when u1_2.user_id is not null then 2 when u1_0.id is not null then 0 end,u1_0.activation_token,u1_0.approval_status,u1_0.email,u1_0.email_verified,u1_0.nom,u1_0.password,u1_0.reset_password_token,u1_0.reset_password_token_expires_at,u1_0.role,u1_0.statut_compte,u1_1.adresse,u1_1.date_naissance,u1_1.description,u1_1.education_json,u1_1.experience,u1_1.facebook_url,u1_1.genre,u1_1.github_url,u1_1.instagram_url,u1_1.linkedin_url,u1_1.localisation,u1_1.num_telephone,u1_1.photo_couverture_nom,u1_1.photo_profil_nom,u1_1.poste_recherche,u1_1.profession,u1_1.skills_json,u1_2.departement,u1_2.entreprise_id,u1_2.fonction,u1_2.poste from users u1_0 left join candidates u1_1 on u1_0.id=u1_1.user_id left join recruiters u1_2 on u1_0.id=u1_2.user_id where u1_0.email=?
Hibernate: select count(n1_0.id) from notification n1_0 where n1_0.user_id=? and n1_0.lue=false
Hibernate: select u1_0.id,case when u1_1.user_id is not null then 1 when u1_2.user_id is not null then 2 when u1_0.id is not null then 0 end,u1_0.activation_token,u1_0.approval_status,u1_0.email,u1_0.email_verified,u1_0.nom,u1_0.password,u1_0.reset_password_token,u1_0.reset_password_token_expires_at,u1_0.role,u1_0.statut_compte,u1_1.adresse,u1_1.date_naissance,u1_1.description,u1_1.education_json,u1_1.experience,u1_1.facebook_url,u1_1.genre,u1_1.github_url,u1_1.instagram_url,u1_1.linkedin_url,u1_1.localisation,u1_1.num_telephone,u1_1.photo_couverture_nom,u1_1.photo_profil_nom,u1_1.poste_recherche,u1_1.profession,u1_1.skills_json,u1_2.departement,u1_2.entreprise_id,u1_2.fonction,u1_2.poste from users u1_0 left join candidates u1_1 on u1_0.id=u1_1.user_id left join recruiters u1_2 on u1_0.id=u1_2.user_id where u1_0.email=?
Hibernate: select u1_0.id,case when u1_1.user_id is not null then 1 when u1_2.user_id is not null then 2 when u1_0.id is not null then 0 end,u1_0.activation_token,u1_0.approval_status,u1_0.email,u1_0.email_verified,u1_0.nom,u1_0.password,u1_0.reset_password_token,u1_0.reset_password_token_expires_at,u1_0.role,u1_0.statut_compte,u1_1.adresse,u1_1.date_naissance,u1_1.description,u1_1.education_json,u1_1.experience,u1_1.facebook_url,u1_1.genre,u1_1.github_url,u1_1.instagram_url,u1_1.linkedin_url,u1_1.localisation,u1_1.num_telephone,u1_1.photo_couverture_nom,u1_1.photo_profil_nom,u1_1.poste_recherche,u1_1.profession,u1_1.skills_json,u1_2.departement,u1_2.entreprise_id,u1_2.fonction,u1_2.poste from users u1_0 left join candidates u1_1 on u1_0.id=u1_1.user_id left join recruiters u1_2 on u1_0.id=u1_2.user_id where u1_0.email=?
Hibernate: select count(n1_0.id) from notification n1_0 where n1_0.user_id=? and n1_0.lue=false
Hibernate: select u1_0.id,case when u1_1.user_id is not null then 1 when u1_2.user_id is not null then 2 when u1_0.id is not null then 0 end,u1_0.activation_token,u1_0.approval_status,u1_0.email,u1_0.email_verified,u1_0.nom,u1_0.password,u1_0.reset_password_token,u1_0.reset_password_token_expires_at,u1_0.role,u1_0.statut_compte,u1_1.adresse,u1_1.date_naissance,u1_1.description,u1_1.education_json,u1_1.experience,u1_1.facebook_url,u1_1.genre,u1_1.github_url,u1_1.instagram_url,u1_1.linkedin_url,u1_1.localisation,u1_1.num_telephone,u1_1.photo_couverture_nom,u1_1.photo_profil_nom,u1_1.poste_recherche,u1_1.profession,u1_1.skills_json,u1_2.departement,u1_2.entreprise_id,u1_2.fonction,u1_2.poste from users u1_0 left join candidates u1_1 on u1_0.id=u1_1.user_id left join recruiters u1_2 on u1_0.id=u1_2.user_id where u1_0.email=?
Hibernate: select u1_0.id,case when u1_1.user_id is not null then 1 when u1_2.user_id is not null then 2 when u1_0.id is not null then 0 end,u1_0.activation_token,u1_0.approval_status,u1_0.email,u1_0.email_verified,u1_0.nom,u1_0.password,u1_0.reset_password_token,u1_0.reset_password_token_expires_at,u1_0.role,u1_0.statut_compte,u1_1.adresse,u1_1.date_naissance,u1_1.description,u1_1.education_json,u1_1.experience,u1_1.facebook_url,u1_1.genre,u1_1.github_url,u1_1.instagram_url,u1_1.linkedin_url,u1_1.localisation,u1_1.num_telephone,u1_1.photo_couverture_nom,u1_1.photo_profil_nom,u1_1.poste_recherche,u1_1.profession,u1_1.skills_json,u1_2.departement,u1_2.entreprise_id,u1_2.fonction,u1_2.poste from users u1_0 left join candidates u1_1 on u1_0.id=u1_1.user_id left join recruiters u1_2 on u1_0.id=u1_2.user_id where u1_0.email=?
Hibernate: select count(n1_0.id) from notification n1_0 where n1_0.user_id=? and n1_0.lue=false
Hibernate: select u1_0.id,case when u1_1.user_id is not null then 1 when u1_2.user_id is not null then 2 when u1_0.id is not null then 0 end,u1_0.activation_token,u1_0.approval_status,u1_0.email,u1_0.email_verified,u1_0.nom,u1_0.password,u1_0.reset_password_token,u1_0.reset_password_token_expires_at,u1_0.role,u1_0.statut_compte,u1_1.adresse,u1_1.date_naissance,u1_1.description,u1_1.education_json,u1_1.experience,u1_1.facebook_url,u1_1.genre,u1_1.github_url,u1_1.instagram_url,u1_1.linkedin_url,u1_1.localisation,u1_1.num_telephone,u1_1.photo_couverture_nom,u1_1.photo_profil_nom,u1_1.poste_recherche,u1_1.profession,u1_1.skills_json,u1_2.departement,u1_2.entreprise_id,u1_2.fonction,u1_2.poste from users u1_0 left join candidates u1_1 on u1_0.id=u1_1.user_id left join recruiters u1_2 on u1_0.id=u1_2.user_id where u1_0.email=?
Hibernate: select u1_0.id,case when u1_1.user_id is not null then 1 when u1_2.user_id is not null then 2 when u1_0.id is not null then 0 end,u1_0.activation_token,u1_0.approval_status,u1_0.email,u1_0.email_verified,u1_0.nom,u1_0.password,u1_0.reset_password_token,u1_0.reset_password_token_expires_at,u1_0.role,u1_0.statut_compte,u1_1.adresse,u1_1.date_naissance,u1_1.description,u1_1.education_json,u1_1.experience,u1_1.facebook_url,u1_1.genre,u1_1.github_url,u1_1.instagram_url,u1_1.linkedin_url,u1_1.localisation,u1_1.num_telephone,u1_1.photo_couverture_nom,u1_1.photo_profil_nom,u1_1.poste_recherche,u1_1.profession,u1_1.skills_json,u1_2.departement,u1_2.entreprise_id,u1_2.fonction,u1_2.poste from users u1_0 left join candidates u1_1 on u1_0.id=u1_1.user_id left join recruiters u1_2 on u1_0.id=u1_2.user_id where u1_0.email=?
Hibernate: select count(n1_0.id) from notification n1_0 where n1_0.user_id=? and n1_0.lue=false
Hibernate: select u1_0.id,case when u1_1.user_id is not null then 1 when u1_2.user_id is not null then 2 when u1_0.id is not null then 0 end,u1_0.activation_token,u1_0.approval_status,u1_0.email,u1_0.email_verified,u1_0.nom,u1_0.password,u1_0.reset_password_token,u1_0.reset_password_token_expires_at,u1_0.role,u1_0.statut_compte,u1_1.adresse,u1_1.date_naissance,u1_1.description,u1_1.education_json,u1_1.experience,u1_1.facebook_url,u1_1.genre,u1_1.github_url,u1_1.instagram_url,u1_1.linkedin_url,u1_1.localisation,u1_1.num_telephone,u1_1.photo_couverture_nom,u1_1.photo_profil_nom,u1_1.poste_recherche,u1_1.profession,u1_1.skills_json,u1_2.departement,u1_2.entreprise_id,u1_2.fonction,u1_2.poste from users u1_0 left join candidates u1_1 on u1_0.id=u1_1.user_id left join recruiters u1_2 on u1_0.id=u1_2.user_id where u1_0.email=?
Hibernate: select u1_0.id,case when u1_1.user_id is not null then 1 when u1_2.user_id is not null then 2 when u1_0.id is not null then 0 end,u1_0.activation_token,u1_0.approval_status,u1_0.email,u1_0.email_verified,u1_0.nom,u1_0.password,u1_0.reset_password_token,u1_0.reset_password_token_expires_at,u1_0.role,u1_0.statut_compte,u1_1.adresse,u1_1.date_naissance,u1_1.description,u1_1.education_json,u1_1.experience,u1_1.facebook_url,u1_1.genre,u1_1.github_url,u1_1.instagram_url,u1_1.linkedin_url,u1_1.localisation,u1_1.num_telephone,u1_1.photo_couverture_nom,u1_1.photo_profil_nom,u1_1.poste_recherche,u1_1.profession,u1_1.skills_json,u1_2.departement,u1_2.entreprise_id,u1_2.fonction,u1_2.poste from users u1_0 left join candidates u1_1 on u1_0.id=u1_1.user_id left join recruiters u1_2 on u1_0.id=u1_2.user_id where u1_0.email=?
Hibernate: select u1_0.id,case when u1_1.user_id is not null then 1 when u1_2.user_id is not null then 2 when u1_0.id is not null then 0 end,u1_0.activation_token,u1_0.approval_status,u1_0.email,u1_0.email_verified,u1_0.nom,u1_0.password,u1_0.reset_password_token,u1_0.reset_password_token_expires_at,u1_0.role,u1_0.statut_compte,u1_1.adresse,u1_1.date_naissance,u1_1.description,u1_1.education_json,u1_1.experience,u1_1.facebook_url,u1_1.genre,u1_1.github_url,u1_1.instagram_url,u1_1.linkedin_url,u1_1.localisation,u1_1.num_telephone,u1_1.photo_couverture_nom,u1_1.photo_profil_nom,u1_1.poste_recherche,u1_1.profession,u1_1.skills_json,u1_2.departement,u1_2.entreprise_id,u1_2.fonction,u1_2.poste from users u1_0 left join candidates u1_1 on u1_0.id=u1_1.user_id left join recruiters u1_2 on u1_0.id=u1_2.user_id where u1_0.email=?
Hibernate: select count(n1_0.id) from notification n1_0 where n1_0.user_id=? and n1_0.lue=false
Hibernate: select u1_0.id,case when u1_1.user_id is not null then 1 when u1_2.user_id is not null then 2 when u1_0.id is not null then 0 end,u1_0.activation_token,u1_0.approval_status,u1_0.email,u1_0.email_verified,u1_0.nom,u1_0.password,u1_0.reset_password_token,u1_0.reset_password_token_expires_at,u1_0.role,u1_0.statut_compte,u1_1.adresse,u1_1.date_naissance,u1_1.description,u1_1.education_json,u1_1.experience,u1_1.facebook_url,u1_1.genre,u1_1.github_url,u1_1.instagram_url,u1_1.linkedin_url,u1_1.localisation,u1_1.num_telephone,u1_1.photo_couverture_nom,u1_1.photo_profil_nom,u1_1.poste_recherche,u1_1.profession,u1_1.skills_json,u1_2.departement,u1_2.entreprise_id,u1_2.fonction,u1_2.poste from users u1_0 left join candidates u1_1 on u1_0.id=u1_1.user_id left join recruiters u1_2 on u1_0.id=u1_2.user_id where u1_0.email=?
Hibernate: select u1_0.id,case when u1_1.user_id is not null then 1 when u1_2.user_id is not null then 2 when u1_0.id is not null then 0 end,u1_0.activation_token,u1_0.approval_status,u1_0.email,u1_0.email_verified,u1_0.nom,u1_0.password,u1_0.reset_password_token,u1_0.reset_password_token_expires_at,u1_0.role,u1_0.statut_compte,u1_1.adresse,u1_1.date_naissance,u1_1.description,u1_1.education_json,u1_1.experience,u1_1.facebook_url,u1_1.genre,u1_1.github_url,u1_1.instagram_url,u1_1.linkedin_url,u1_1.localisation,u1_1.num_telephone,u1_1.photo_couverture_nom,u1_1.photo_profil_nom,u1_1.poste_recherche,u1_1.profession,u1_1.skills_json,u1_2.departement,u1_2.entreprise_id,u1_2.fonction,u1_2.poste from users u1_0 left join candidates u1_1 on u1_0.id=u1_1.user_id left join recruiters u1_2 on u1_0.id=u1_2.user_id where u1_0.email=?
Hibernate: select u1_0.id,case when u1_1.user_id is not null then 1 when u1_2.user_id is not null then 2 when u1_0.id is not null then 0 end,u1_0.activation_token,u1_0.approval_status,u1_0.email,u1_0.email_verified,u1_0.nom,u1_0.password,u1_0.reset_password_token,u1_0.reset_password_token_expires_at,u1_0.role,u1_0.statut_compte,u1_1.adresse,u1_1.date_naissance,u1_1.description,u1_1.education_json,u1_1.experience,u1_1.facebook_url,u1_1.genre,u1_1.github_url,u1_1.instagram_url,u1_1.linkedin_url,u1_1.localisation,u1_1.num_telephone,u1_1.photo_couverture_nom,u1_1.photo_profil_nom,u1_1.poste_recherche,u1_1.profession,u1_1.skills_json,u1_2.departement,u1_2.entreprise_id,u1_2.fonction,u1_2.poste from users u1_0 left join candidates u1_1 on u1_0.id=u1_1.user_id left join recruiters u1_2 on u1_0.id=u1_2.user_id where u1_0.email=?
Hibernate: select u1_0.id,case when u1_1.user_id is not null then 1 when u1_2.user_id is not null then 2 when u1_0.id is not null then 0 end,u1_0.activation_token,u1_0.approval_status,u1_0.email,u1_0.email_verified,u1_0.nom,u1_0.password,u1_0.reset_password_token,u1_0.reset_password_token_expires_at,u1_0.role,u1_0.statut_compte,u1_1.adresse,u1_1.date_naissance,u1_1.description,u1_1.education_json,u1_1.experience,u1_1.facebook_url,u1_1.genre,u1_1.github_url,u1_1.instagram_url,u1_1.linkedin_url,u1_1.localisation,u1_1.num_telephone,u1_1.photo_couverture_nom,u1_1.photo_profil_nom,u1_1.poste_recherche,u1_1.profession,u1_1.skills_json,u1_2.departement,u1_2.entreprise_id,u1_2.fonction,u1_2.poste from users u1_0 left join candidates u1_1 on u1_0.id=u1_1.user_id left join recruiters u1_2 on u1_0.id=u1_2.user_id where u1_0.role=?
Hibernate: select u1_0.id,case when u1_1.user_id is not null then 1 when u1_2.user_id is not null then 2 when u1_0.id is not null then 0 end,u1_0.activation_token,u1_0.approval_status,u1_0.email,u1_0.email_verified,u1_0.nom,u1_0.password,u1_0.reset_password_token,u1_0.reset_password_token_expires_at,u1_0.role,u1_0.statut_compte,u1_1.adresse,u1_1.date_naissance,u1_1.description,u1_1.education_json,u1_1.experience,u1_1.facebook_url,u1_1.genre,u1_1.github_url,u1_1.instagram_url,u1_1.linkedin_url,u1_1.localisation,u1_1.num_telephone,u1_1.photo_couverture_nom,u1_1.photo_profil_nom,u1_1.poste_recherche,u1_1.profession,u1_1.skills_json,u1_2.departement,u1_2.entreprise_id,u1_2.fonction,u1_2.poste from users u1_0 left join candidates u1_1 on u1_0.id=u1_1.user_id left join recruiters u1_2 on u1_0.id=u1_2.user_id where u1_0.email=?
Hibernate: select count(n1_0.id) from notification n1_0 where n1_0.user_id=? and n1_0.lue=false
Hibernate: select u1_0.id,case when u1_1.user_id is not null then 1 when u1_2.user_id is not null then 2 when u1_0.id is not null then 0 end,u1_0.activation_token,u1_0.approval_status,u1_0.email,u1_0.email_verified,u1_0.nom,u1_0.password,u1_0.reset_password_token,u1_0.reset_password_token_expires_at,u1_0.role,u1_0.statut_compte,u1_1.adresse,u1_1.date_naissance,u1_1.description,u1_1.education_json,u1_1.experience,u1_1.facebook_url,u1_1.genre,u1_1.github_url,u1_1.instagram_url,u1_1.linkedin_url,u1_1.localisation,u1_1.num_telephone,u1_1.photo_couverture_nom,u1_1.photo_profil_nom,u1_1.poste_recherche,u1_1.profession,u1_1.skills_json,u1_2.departement,u1_2.entreprise_id,u1_2.fonction,u1_2.poste from users u1_0 left join candidates u1_1 on u1_0.id=u1_1.user_id left join recruiters u1_2 on u1_0.id=u1_2.user_id where u1_0.email=?
Hibernate: select u1_0.id,case when u1_1.user_id is not null then 1 when u1_2.user_id is not null then 2 when u1_0.id is not null then 0 end,u1_0.activation_token,u1_0.approval_status,u1_0.email,u1_0.email_verified,u1_0.nom,u1_0.password,u1_0.reset_password_token,u1_0.reset_password_token_expires_at,u1_0.role,u1_0.statut_compte,u1_1.adresse,u1_1.date_naissance,u1_1.description,u1_1.education_json,u1_1.experience,u1_1.facebook_url,u1_1.genre,u1_1.github_url,u1_1.instagram_url,u1_1.linkedin_url,u1_1.localisation,u1_1.num_telephone,u1_1.photo_couverture_nom,u1_1.photo_profil_nom,u1_1.poste_recherche,u1_1.profession,u1_1.skills_json,u1_2.departement,u1_2.entreprise_id,u1_2.fonction,u1_2.poste from users u1_0 left join candidates u1_1 on u1_0.id=u1_1.user_id left join recruiters u1_2 on u1_0.id=u1_2.user_id where u1_0.email=?
Hibernate: select u1_0.id,case when u1_1.user_id is not null then 1 when u1_2.user_id is not null then 2 when u1_0.id is not null then 0 end,u1_0.activation_token,u1_0.approval_status,u1_0.email,u1_0.email_verified,u1_0.nom,u1_0.password,u1_0.reset_password_token,u1_0.reset_password_token_expires_at,u1_0.role,u1_0.statut_compte,u1_1.adresse,u1_1.date_naissance,u1_1.description,u1_1.education_json,u1_1.experience,u1_1.facebook_url,u1_1.genre,u1_1.github_url,u1_1.instagram_url,u1_1.linkedin_url,u1_1.localisation,u1_1.num_telephone,u1_1.photo_couverture_nom,u1_1.photo_profil_nom,u1_1.poste_recherche,u1_1.profession,u1_1.skills_json,u1_2.departement,u1_2.entreprise_id,u1_2.fonction,u1_2.poste from users u1_0 left join candidates u1_1 on u1_0.id=u1_1.user_id left join recruiters u1_2 on u1_0.id=u1_2.user_id where u1_0.email=?
Hibernate: select u1_0.id,case when u1_1.user_id is not null then 1 when u1_2.user_id is not null then 2 when u1_0.id is not null then 0 end,u1_0.activation_token,u1_0.approval_status,u1_0.email,u1_0.email_verified,u1_0.nom,u1_0.password,u1_0.reset_password_token,u1_0.reset_password_token_expires_at,u1_0.role,u1_0.statut_compte,u1_1.adresse,u1_1.date_naissance,u1_1.description,u1_1.education_json,u1_1.experience,u1_1.facebook_url,u1_1.genre,u1_1.github_url,u1_1.instagram_url,u1_1.linkedin_url,u1_1.localisation,u1_1.num_telephone,u1_1.photo_couverture_nom,u1_1.photo_profil_nom,u1_1.poste_recherche,u1_1.profession,u1_1.skills_json,u1_2.departement,u1_2.entreprise_id,u1_2.fonction,u1_2.poste from users u1_0 left join candidates u1_1 on u1_0.id=u1_1.user_id left join recruiters u1_2 on u1_0.id=u1_2.user_id where u1_0.role=?
Hibernate: select count(n1_0.id) from notification n1_0 where n1_0.user_id=? and n1_0.lue=false
Hibernate: select u1_0.id,case when u1_1.user_id is not null then 1 when u1_2.user_id is not null then 2 when u1_0.id is not null then 0 end,u1_0.activation_token,u1_0.approval_status,u1_0.email,u1_0.email_verified,u1_0.nom,u1_0.password,u1_0.reset_password_token,u1_0.reset_password_token_expires_at,u1_0.role,u1_0.statut_compte,u1_1.adresse,u1_1.date_naissance,u1_1.description,u1_1.education_json,u1_1.experience,u1_1.facebook_url,u1_1.genre,u1_1.github_url,u1_1.instagram_url,u1_1.linkedin_url,u1_1.localisation,u1_1.num_telephone,u1_1.photo_couverture_nom,u1_1.photo_profil_nom,u1_1.poste_recherche,u1_1.profession,u1_1.skills_json,u1_2.departement,u1_2.entreprise_id,u1_2.fonction,u1_2.poste from users u1_0 left join candidates u1_1 on u1_0.id=u1_1.user_id left join recruiters u1_2 on u1_0.id=u1_2.user_id where u1_0.email=?
Hibernate: select u1_0.id,case when u1_1.user_id is not null then 1 when u1_2.user_id is not null then 2 when u1_0.id is not null then 0 end,u1_0.activation_token,u1_0.approval_status,u1_0.email,u1_0.email_verified,u1_0.nom,u1_0.password,u1_0.reset_password_token,u1_0.reset_password_token_expires_at,u1_0.role,u1_0.statut_compte,u1_1.adresse,u1_1.date_naissance,u1_1.description,u1_1.education_json,u1_1.experience,u1_1.facebook_url,u1_1.genre,u1_1.github_url,u1_1.instagram_url,u1_1.linkedin_url,u1_1.localisation,u1_1.num_telephone,u1_1.photo_couverture_nom,u1_1.photo_profil_nom,u1_1.poste_recherche,u1_1.profession,u1_1.skills_json,u1_2.departement,u1_2.entreprise_id,u1_2.fonction,u1_2.poste from users u1_0 left join candidates u1_1 on u1_0.id=u1_1.user_id left join recruiters u1_2 on u1_0.id=u1_2.user_id where u1_0.email=?
Hibernate: select count(n1_0.id) from notification n1_0 where n1_0.user_id=? and n1_0.lue=false
Hibernate: select u1_0.id,case when u1_1.user_id is not null then 1 when u1_2.user_id is not null then 2 when u1_0.id is not null then 0 end,u1_0.activation_token,u1_0.approval_status,u1_0.email,u1_0.email_verified,u1_0.nom,u1_0.password,u1_0.reset_password_token,u1_0.reset_password_token_expires_at,u1_0.role,u1_0.statut_compte,u1_1.adresse,u1_1.date_naissance,u1_1.description,u1_1.education_json,u1_1.experience,u1_1.facebook_url,u1_1.genre,u1_1.github_url,u1_1.instagram_url,u1_1.linkedin_url,u1_1.localisation,u1_1.num_telephone,u1_1.photo_couverture_nom,u1_1.photo_profil_nom,u1_1.poste_recherche,u1_1.profession,u1_1.skills_json,u1_2.departement,u1_2.entreprise_id,u1_2.fonction,u1_2.poste from users u1_0 left join candidates u1_1 on u1_0.id=u1_1.user_id left join recruiters u1_2 on u1_0.id=u1_2.user_id where u1_0.email=?
Hibernate: select u1_0.id,case when u1_1.user_id is not null then 1 when u1_2.user_id is not null then 2 when u1_0.id is not null then 0 end,u1_0.activation_token,u1_0.approval_status,u1_0.email,u1_0.email_verified,u1_0.nom,u1_0.password,u1_0.reset_password_token,u1_0.reset_password_token_expires_at,u1_0.role,u1_0.statut_compte,u1_1.adresse,u1_1.date_naissance,u1_1.description,u1_1.education_json,u1_1.experience,u1_1.facebook_url,u1_1.genre,u1_1.github_url,u1_1.instagram_url,u1_1.linkedin_url,u1_1.localisation,u1_1.num_telephone,u1_1.photo_couverture_nom,u1_1.photo_profil_nom,u1_1.poste_recherche,u1_1.profession,u1_1.skills_json,u1_2.departement,u1_2.entreprise_id,u1_2.fonction,u1_2.poste from users u1_0 left join candidates u1_1 on u1_0.id=u1_1.user_id left join recruiters u1_2 on u1_0.id=u1_2.user_id where u1_0.email=?
Hibernate: select count(n1_0.id) from notification n1_0 where n1_0.user_id=? and n1_0.lue=false
Hibernate: select u1_0.id,case when u1_1.user_id is not null then 1 when u1_2.user_id is not null then 2 when u1_0.id is not null then 0 end,u1_0.activation_token,u1_0.approval_status,u1_0.email,u1_0.email_verified,u1_0.nom,u1_0.password,u1_0.reset_password_token,u1_0.reset_password_token_expires_at,u1_0.role,u1_0.statut_compte,u1_1.adresse,u1_1.date_naissance,u1_1.description,u1_1.education_json,u1_1.experience,u1_1.facebook_url,u1_1.genre,u1_1.github_url,u1_1.instagram_url,u1_1.linkedin_url,u1_1.localisation,u1_1.num_telephone,u1_1.photo_couverture_nom,u1_1.photo_profil_nom,u1_1.poste_recherche,u1_1.profession,u1_1.skills_json,u1_2.departement,u1_2.entreprise_id,u1_2.fonction,u1_2.poste from users u1_0 left join candidates u1_1 on u1_0.id=u1_1.user_id left join recruiters u1_2 on u1_0.id=u1_2.user_id where u1_0.email=?
Hibernate: select u1_0.id,case when u1_1.user_id is not null then 1 when u1_2.user_id is not null then 2 when u1_0.id is not null then 0 end,u1_0.activation_token,u1_0.approval_status,u1_0.email,u1_0.email_verified,u1_0.nom,u1_0.password,u1_0.reset_password_token,u1_0.reset_password_token_expires_at,u1_0.role,u1_0.statut_compte,u1_1.adresse,u1_1.date_naissance,u1_1.description,u1_1.education_json,u1_1.experience,u1_1.facebook_url,u1_1.genre,u1_1.github_url,u1_1.instagram_url,u1_1.linkedin_url,u1_1.localisation,u1_1.num_telephone,u1_1.photo_couverture_nom,u1_1.photo_profil_nom,u1_1.poste_recherche,u1_1.profession,u1_1.skills_json,u1_2.departement,u1_2.entreprise_id,u1_2.fonction,u1_2.poste from users u1_0 left join candidates u1_1 on u1_0.id=u1_1.user_id left join recruiters u1_2 on u1_0.id=u1_2.user_id where u1_0.email=?
Hibernate: select u1_0.id,case when u1_1.user_id is not null then 1 when u1_2.user_id is not null then 2 when u1_0.id is not null then 0 end,u1_0.activation_token,u1_0.approval_status,u1_0.email,u1_0.email_verified,u1_0.nom,u1_0.password,u1_0.reset_password_token,u1_0.reset_password_token_expires_at,u1_0.role,u1_0.statut_compte,u1_1.adresse,u1_1.date_naissance,u1_1.description,u1_1.education_json,u1_1.experience,u1_1.facebook_url,u1_1.genre,u1_1.github_url,u1_1.instagram_url,u1_1.linkedin_url,u1_1.localisation,u1_1.num_telephone,u1_1.photo_couverture_nom,u1_1.photo_profil_nom,u1_1.poste_recherche,u1_1.profession,u1_1.skills_json,u1_2.departement,u1_2.entreprise_id,u1_2.fonction,u1_2.poste from users u1_0 left join candidates u1_1 on u1_0.id=u1_1.user_id left join recruiters u1_2 on u1_0.id=u1_2.user_id where u1_0.email=?
Hibernate: select u1_0.id,case when u1_1.user_id is not null then 1 when u1_2.user_id is not null then 2 when u1_0.id is not null then 0 end,u1_0.activation_token,u1_0.approval_status,u1_0.email,u1_0.email_verified,u1_0.nom,u1_0.password,u1_0.reset_password_token,u1_0.reset_password_token_expires_at,u1_0.role,u1_0.statut_compte,u1_1.adresse,u1_1.date_naissance,u1_1.description,u1_1.education_json,u1_1.experience,u1_1.facebook_url,u1_1.genre,u1_1.github_url,u1_1.instagram_url,u1_1.linkedin_url,u1_1.localisation,u1_1.num_telephone,u1_1.photo_couverture_nom,u1_1.photo_profil_nom,u1_1.poste_recherche,u1_1.profession,u1_1.skills_json,u1_2.departement,u1_2.entreprise_id,u1_2.fonction,u1_2.poste from users u1_0 left join candidates u1_1 on u1_0.id=u1_1.user_id left join recruiters u1_2 on u1_0.id=u1_2.user_id where u1_0.email=?
Hibernate: select count(n1_0.id) from notification n1_0 where n1_0.user_id=? and n1_0.lue=false
Hibernate: select u1_0.id,case when u1_1.user_id is not null then 1 when u1_2.user_id is not null then 2 when u1_0.id is not null then 0 end,u1_0.activation_token,u1_0.approval_status,u1_0.email,u1_0.email_verified,u1_0.nom,u1_0.password,u1_0.reset_password_token,u1_0.reset_password_token_expires_at,u1_0.role,u1_0.statut_compte,u1_1.adresse,u1_1.date_naissance,u1_1.description,u1_1.education_json,u1_1.experience,u1_1.facebook_url,u1_1.genre,u1_1.github_url,u1_1.instagram_url,u1_1.linkedin_url,u1_1.localisation,u1_1.num_telephone,u1_1.photo_couverture_nom,u1_1.photo_profil_nom,u1_1.poste_recherche,u1_1.profession,u1_1.skills_json,u1_2.departement,u1_2.entreprise_id,u1_2.fonction,u1_2.poste from users u1_0 left join candidates u1_1 on u1_0.id=u1_1.user_id left join recruiters u1_2 on u1_0.id=u1_2.user_id where u1_0.email=?
Hibernate: select u1_0.id,case when u1_1.user_id is not null then 1 when u1_2.user_id is not null then 2 when u1_0.id is not null then 0 end,u1_0.activation_token,u1_0.approval_status,u1_0.email,u1_0.email_verified,u1_0.nom,u1_0.password,u1_0.reset_password_token,u1_0.reset_password_token_expires_at,u1_0.role,u1_0.statut_compte,u1_1.adresse,u1_1.date_naissance,u1_1.description,u1_1.education_json,u1_1.experience,u1_1.facebook_url,u1_1.genre,u1_1.github_url,u1_1.instagram_url,u1_1.linkedin_url,u1_1.localisation,u1_1.num_telephone,u1_1.photo_couverture_nom,u1_1.photo_profil_nom,u1_1.poste_recherche,u1_1.profession,u1_1.skills_json,u1_2.departement,u1_2.entreprise_id,u1_2.fonction,u1_2.poste from users u1_0 left join candidates u1_1 on u1_0.id=u1_1.user_id left join recruiters u1_2 on u1_0.id=u1_2.user_id where u1_0.email=?
Hibernate: select count(n1_0.id) from notification n1_0 where n1_0.user_id=? and n1_0.lue=false
Hibernate: select u1_0.id,case when u1_1.user_id is not null then 1 when u1_2.user_id is not null then 2 when u1_0.id is not null then 0 end,u1_0.activation_token,u1_0.approval_status,u1_0.email,u1_0.email_verified,u1_0.nom,u1_0.password,u1_0.reset_password_token,u1_0.reset_password_token_expires_at,u1_0.role,u1_0.statut_compte,u1_1.adresse,u1_1.date_naissance,u1_1.description,u1_1.education_json,u1_1.experience,u1_1.facebook_url,u1_1.genre,u1_1.github_url,u1_1.instagram_url,u1_1.linkedin_url,u1_1.localisation,u1_1.num_telephone,u1_1.photo_couverture_nom,u1_1.photo_profil_nom,u1_1.poste_recherche,u1_1.profession,u1_1.skills_json,u1_2.departement,u1_2.entreprise_id,u1_2.fonction,u1_2.poste from users u1_0 left join candidates u1_1 on u1_0.id=u1_1.user_id left join recruiters u1_2 on u1_0.id=u1_2.user_id where u1_0.email=?
Hibernate: select u1_0.id,case when u1_1.user_id is not null then 1 when u1_2.user_id is not null then 2 when u1_0.id is not null then 0 end,u1_0.activation_token,u1_0.approval_status,u1_0.email,u1_0.email_verified,u1_0.nom,u1_0.password,u1_0.reset_password_token,u1_0.reset_password_token_expires_at,u1_0.role,u1_0.statut_compte,u1_1.adresse,u1_1.date_naissance,u1_1.description,u1_1.education_json,u1_1.experience,u1_1.facebook_url,u1_1.genre,u1_1.github_url,u1_1.instagram_url,u1_1.linkedin_url,u1_1.localisation,u1_1.num_telephone,u1_1.photo_couverture_nom,u1_1.photo_profil_nom,u1_1.poste_recherche,u1_1.profession,u1_1.skills_json,u1_2.departement,u1_2.entreprise_id,u1_2.fonction,u1_2.poste from users u1_0 left join candidates u1_1 on u1_0.id=u1_1.user_id left join recruiters u1_2 on u1_0.id=u1_2.user_id where u1_0.email=?
Hibernate: select count(n1_0.id) from notification n1_0 where n1_0.user_id=? and n1_0.lue=false
Hibernate: select u1_0.id,case when u1_1.user_id is not null then 1 when u1_2.user_id is not null then 2 when u1_0.id is not null then 0 end,u1_0.activation_token,u1_0.approval_status,u1_0.email,u1_0.email_verified,u1_0.nom,u1_0.password,u1_0.reset_password_token,u1_0.reset_password_token_expires_at,u1_0.role,u1_0.statut_compte,u1_1.adresse,u1_1.date_naissance,u1_1.description,u1_1.education_json,u1_1.experience,u1_1.facebook_url,u1_1.genre,u1_1.github_url,u1_1.instagram_url,u1_1.linkedin_url,u1_1.localisation,u1_1.num_telephone,u1_1.photo_couverture_nom,u1_1.photo_profil_nom,u1_1.poste_recherche,u1_1.profession,u1_1.skills_json,u1_2.departement,u1_2.entreprise_id,u1_2.fonction,u1_2.poste from users u1_0 left join candidates u1_1 on u1_0.id=u1_1.user_id left join recruiters u1_2 on u1_0.id=u1_2.user_id where u1_0.email=?
Hibernate: select u1_0.id,case when u1_1.user_id is not null then 1 when u1_2.user_id is not null then 2 when u1_0.id is not null then 0 end,u1_0.activation_token,u1_0.approval_status,u1_0.email,u1_0.email_verified,u1_0.nom,u1_0.password,u1_0.reset_password_token,u1_0.reset_password_token_expires_at,u1_0.role,u1_0.statut_compte,u1_1.adresse,u1_1.date_naissance,u1_1.description,u1_1.education_json,u1_1.experience,u1_1.facebook_url,u1_1.genre,u1_1.github_url,u1_1.instagram_url,u1_1.linkedin_url,u1_1.localisation,u1_1.num_telephone,u1_1.photo_couverture_nom,u1_1.photo_profil_nom,u1_1.poste_recherche,u1_1.profession,u1_1.skills_json,u1_2.departement,u1_2.entreprise_id,u1_2.fonction,u1_2.poste from users u1_0 left join candidates u1_1 on u1_0.id=u1_1.user_id left join recruiters u1_2 on u1_0.id=u1_2.user_id where u1_0.role=?
Hibernate: select u1_0.id,case when u1_1.user_id is not null then 1 when u1_2.user_id is not null then 2 when u1_0.id is not null then 0 end,u1_0.activation_token,u1_0.approval_status,u1_0.email,u1_0.email_verified,u1_0.nom,u1_0.password,u1_0.reset_password_token,u1_0.reset_password_token_expires_at,u1_0.role,u1_0.statut_compte,u1_1.adresse,u1_1.date_naissance,u1_1.description,u1_1.education_json,u1_1.experience,u1_1.facebook_url,u1_1.genre,u1_1.github_url,u1_1.instagram_url,u1_1.linkedin_url,u1_1.localisation,u1_1.num_telephone,u1_1.photo_couverture_nom,u1_1.photo_profil_nom,u1_1.poste_recherche,u1_1.profession,u1_1.skills_json,u1_2.departement,u1_2.entreprise_id,u1_2.fonction,u1_2.poste from users u1_0 left join candidates u1_1 on u1_0.id=u1_1.user_id left join recruiters u1_2 on u1_0.id=u1_2.user_id where u1_0.email=?
Hibernate: select u1_0.id,case when u1_1.user_id is not null then 1 when u1_2.user_id is not null then 2 when u1_0.id is not null then 0 end,u1_0.activation_token,u1_0.approval_status,u1_0.email,u1_0.email_verified,u1_0.nom,u1_0.password,u1_0.reset_password_token,u1_0.reset_password_token_expires_at,u1_0.role,u1_0.statut_compte,u1_1.adresse,u1_1.date_naissance,u1_1.description,u1_1.education_json,u1_1.experience,u1_1.facebook_url,u1_1.genre,u1_1.github_url,u1_1.instagram_url,u1_1.linkedin_url,u1_1.localisation,u1_1.num_telephone,u1_1.photo_couverture_nom,u1_1.photo_profil_nom,u1_1.poste_recherche,u1_1.profession,u1_1.skills_json,u1_2.departement,e1_0.id_entreprise,e1_0.abonnement_actif,e1_0.adresse,e1_0.description,e1_0.email,e1_0.nom_entreprise,e1_0.secteur,e1_0.site_web,u1_2.fonction,u1_2.poste from users u1_0 left join candidates u1_1 on u1_0.id=u1_1.user_id left join recruiters u1_2 on u1_0.id=u1_2.user_id left join entreprises e1_0 on e1_0.id_entreprise=u1_2.entreprise_id where u1_0.id=?
Hibernate: select n1_0.id,n1_0.date_envoi,n1_0.lue,n1_0.message,n1_0.user_id from notification n1_0 where n1_0.user_id=?
2026-04-08T22:38:01.962+01:00 ERROR 7788 --- [Recrutement] [nio-8081-exec-3] o.a.c.c.C.[.[.[/].[dispatcherServlet]    : Servlet.service() for servlet [dispatcherServlet] in context with path [] threw exception [Request processing failed: org.springframework.dao.InvalidDataAccessApiUsageException: No EntityManager with actual transaction available for current thread - cannot reliably process 'remove' call] with root cause

jakarta.persistence.TransactionRequiredException: No EntityManager with actual transaction available for current thread - cannot reliably process 'remove' call
	at org.springframework.orm.jpa.SharedEntityManagerCreator$SharedEntityManagerInvocationHandler.invoke(SharedEntityManagerCreator.java:301) ~[spring-orm-7.0.3.jar:7.0.3]
	at jdk.proxy2/jdk.proxy2.$Proxy134.remove(Unknown Source) ~[na:na]
	at org.springframework.data.jpa.repository.query.JpaQueryExecution$DeleteExecution.doExecute(JpaQueryExecution.java:419) ~[spring-data-jpa-4.0.2.jar:4.0.2]
	at org.springframework.data.jpa.repository.query.JpaQueryExecution.execute(JpaQueryExecution.java:99) ~[spring-data-jpa-4.0.2.jar:4.0.2]
	at org.springframework.data.jpa.repository.query.AbstractJpaQuery.doExecute(AbstractJpaQuery.java:164) ~[spring-data-jpa-4.0.2.jar:4.0.2]
	at org.springframework.data.jpa.repository.query.AbstractJpaQuery.execute(AbstractJpaQuery.java:154) ~[spring-data-jpa-4.0.2.jar:4.0.2]
	at org.springframework.data.repository.core.support.RepositoryMethodInvoker.doInvoke(RepositoryMethodInvoker.java:169) ~[spring-data-commons-4.0.2.jar:4.0.2]
	at org.springframework.data.repository.core.support.RepositoryMethodInvoker.invoke(RepositoryMethodInvoker.java:158) ~[spring-data-commons-4.0.2.jar:4.0.2]
	at org.springframework.data.repository.core.support.QueryExecutorMethodInterceptor.doInvoke(QueryExecutorMethodInterceptor.java:167) ~[spring-data-commons-4.0.2.jar:4.0.2]
	at org.springframework.data.repository.core.support.QueryExecutorMethodInterceptor.invoke(QueryExecutorMethodInterceptor.java:146) ~[spring-data-commons-4.0.2.jar:4.0.2]
	at org.springframework.aop.framework.ReflectiveMethodInvocation.proceed(ReflectiveMethodInvocation.java:179) ~[spring-aop-7.0.3.jar:7.0.3]
	at org.springframework.data.projection.DefaultMethodInvokingMethodInterceptor.invoke(DefaultMethodInvokingMethodInterceptor.java:69) ~[spring-data-commons-4.0.2.jar:4.0.2]
	at org.springframework.aop.framework.ReflectiveMethodInvocation.proceed(ReflectiveMethodInvocation.java:179) ~[spring-aop-7.0.3.jar:7.0.3]
	at org.springframework.transaction.interceptor.TransactionInterceptor$1.proceedWithInvocation(TransactionInterceptor.java:133) ~[spring-tx-7.0.3.jar:7.0.3]
	at org.springframework.transaction.interceptor.TransactionAspectSupport.invokeWithinTransaction(TransactionAspectSupport.java:371) ~[spring-tx-7.0.3.jar:7.0.3]
	at org.springframework.transaction.interceptor.TransactionInterceptor.invoke(TransactionInterceptor.java:130) ~[spring-tx-7.0.3.jar:7.0.3]
	at org.springframework.aop.framework.ReflectiveMethodInvocation.proceed(ReflectiveMethodInvocation.java:179) ~[spring-aop-7.0.3.jar:7.0.3]
	at org.springframework.dao.support.PersistenceExceptionTranslationInterceptor.invoke(PersistenceExceptionTranslationInterceptor.java:135) ~[spring-tx-7.0.3.jar:7.0.3]
	at org.springframework.aop.framework.ReflectiveMethodInvocation.proceed(ReflectiveMethodInvocation.java:179) ~[spring-aop-7.0.3.jar:7.0.3]
	at org.springframework.data.jpa.repository.support.CrudMethodMetadataPostProcessor$CrudMethodMetadataPopulatingMethodInterceptor.invoke(CrudMethodMetadataPostProcessor.java:137) ~[spring-data-jpa-4.0.2.jar:4.0.2]
	at org.springframework.aop.framework.ReflectiveMethodInvocation.proceed(ReflectiveMethodInvocation.java:179) ~[spring-aop-7.0.3.jar:7.0.3]
	at org.springframework.aop.framework.JdkDynamicAopProxy.invoke(JdkDynamicAopProxy.java:222) ~[spring-aop-7.0.3.jar:7.0.3]
	at jdk.proxy2/jdk.proxy2.$Proxy144.deleteByUser(Unknown Source) ~[na:na]
	at com.recrutement.recrutement.service.Impl.NotificationServiceImpl.clearNotificationsForUser(NotificationServiceImpl.java:103) ~[classes/:na]
	at com.recrutement.recrutement.service.Impl.AuthServiceImpl.deleteRecruiterAccount(AuthServiceImpl.java:455) ~[classes/:na]
	at com.recrutement.recrutement.controller.AdminController.deleteRecruiter(AdminController.java:45) ~[classes/:na]
	at java.base/jdk.internal.reflect.DirectMethodHandleAccessor.invoke(DirectMethodHandleAccessor.java:104) ~[na:na]
	at java.base/java.lang.reflect.Method.invoke(Method.java:565) ~[na:na]
	at org.springframework.web.method.support.InvocableHandlerMethod.doInvoke(InvocableHandlerMethod.java:258) ~[spring-web-7.0.3.jar:7.0.3]
	at org.springframework.web.method.support.InvocableHandlerMethod.invokeForRequest(InvocableHandlerMethod.java:190) ~[spring-web-7.0.3.jar:7.0.3]
	at org.springframework.web.servlet.mvc.method.annotation.ServletInvocableHandlerMethod.invokeAndHandle(ServletInvocableHandlerMethod.java:117) ~[spring-webmvc-7.0.3.jar:7.0.3]
	at org.springframework.web.servlet.mvc.method.annotation.RequestMappingHandlerAdapter.invokeHandlerMethod(RequestMappingHandlerAdapter.java:934) ~[spring-webmvc-7.0.3.jar:7.0.3]
	at org.springframework.web.servlet.mvc.method.annotation.RequestMappingHandlerAdapter.handleInternal(RequestMappingHandlerAdapter.java:853) ~[spring-webmvc-7.0.3.jar:7.0.3]
	at org.springframework.web.servlet.mvc.method.AbstractHandlerMethodAdapter.handle(AbstractHandlerMethodAdapter.java:86) ~[spring-webmvc-7.0.3.jar:7.0.3]
	at org.springframework.web.servlet.DispatcherServlet.doDispatch(DispatcherServlet.java:963) ~[spring-webmvc-7.0.3.jar:7.0.3]
	at org.springframework.web.servlet.DispatcherServlet.doService(DispatcherServlet.java:866) ~[spring-webmvc-7.0.3.jar:7.0.3]
	at org.springframework.web.servlet.FrameworkServlet.processRequest(FrameworkServlet.java:1003) ~[spring-webmvc-7.0.3.jar:7.0.3]
	at org.springframework.web.servlet.FrameworkServlet.doDelete(FrameworkServlet.java:925) ~[spring-webmvc-7.0.3.jar:7.0.3]
	at jakarta.servlet.http.HttpServlet.service(HttpServlet.java:651) ~[tomcat-embed-core-11.0.15.jar:6.1]
	at org.springframework.web.servlet.FrameworkServlet.service(FrameworkServlet.java:874) ~[spring-webmvc-7.0.3.jar:7.0.3]
	at jakarta.servlet.http.HttpServlet.service(HttpServlet.java:710) ~[tomcat-embed-core-11.0.15.jar:6.1]
	at org.apache.catalina.core.ApplicationFilterChain.doFilter(ApplicationFilterChain.java:128) ~[tomcat-embed-core-11.0.15.jar:11.0.15]
	at org.apache.tomcat.websocket.server.WsFilter.doFilter(WsFilter.java:53) ~[tomcat-embed-websocket-11.0.15.jar:11.0.15]
	at org.apache.catalina.core.ApplicationFilterChain.doFilter(ApplicationFilterChain.java:107) ~[tomcat-embed-core-11.0.15.jar:11.0.15]
	at org.springframework.web.filter.OncePerRequestFilter.doFilter(OncePerRequestFilter.java:110) ~[spring-web-7.0.3.jar:7.0.3]
	at org.apache.catalina.core.ApplicationFilterChain.doFilter(ApplicationFilterChain.java:107) ~[tomcat-embed-core-11.0.15.jar:11.0.15]
	at org.springframework.web.filter.CompositeFilter$VirtualFilterChain.doFilter(CompositeFilter.java:108) ~[spring-web-7.0.3.jar:7.0.3]
	at org.springframework.security.web.FilterChainProxy.lambda$doFilterInternal$3(FilterChainProxy.java:235) ~[spring-security-web-7.0.2.jar:7.0.2]
	at org.springframework.security.web.FilterChainProxy$VirtualFilterChain.doFilter(FilterChainProxy.java:371) ~[spring-security-web-7.0.2.jar:7.0.2]
	at org.springframework.security.web.access.intercept.AuthorizationFilter.doFilter(AuthorizationFilter.java:101) ~[spring-security-web-7.0.2.jar:7.0.2]
	at org.springframework.security.web.FilterChainProxy$VirtualFilterChain.doFilter(FilterChainProxy.java:380) ~[spring-security-web-7.0.2.jar:7.0.2]
	at org.springframework.security.web.access.ExceptionTranslationFilter.doFilter(ExceptionTranslationFilter.java:126) ~[spring-security-web-7.0.2.jar:7.0.2]
	at org.springframework.security.web.access.ExceptionTranslationFilter.doFilter(ExceptionTranslationFilter.java:120) ~[spring-security-web-7.0.2.jar:7.0.2]
	at org.springframework.security.web.FilterChainProxy$VirtualFilterChain.doFilter(FilterChainProxy.java:380) ~[spring-security-web-7.0.2.jar:7.0.2]
	at org.springframework.security.web.session.SessionManagementFilter.doFilter(SessionManagementFilter.java:132) ~[spring-security-web-7.0.2.jar:7.0.2]
	at org.springframework.security.web.session.SessionManagementFilter.doFilter(SessionManagementFilter.java:86) ~[spring-security-web-7.0.2.jar:7.0.2]
	at org.springframework.security.web.FilterChainProxy$VirtualFilterChain.doFilter(FilterChainProxy.java:380) ~[spring-security-web-7.0.2.jar:7.0.2]
	at org.springframework.security.web.authentication.AnonymousAuthenticationFilter.doFilter(AnonymousAuthenticationFilter.java:100) ~[spring-security-web-7.0.2.jar:7.0.2]
	at org.springframework.security.web.FilterChainProxy$VirtualFilterChain.doFilter(FilterChainProxy.java:380) ~[spring-security-web-7.0.2.jar:7.0.2]
	at org.springframework.security.web.servletapi.SecurityContextHolderAwareRequestFilter.doFilter(SecurityContextHolderAwareRequestFilter.java:181) ~[spring-security-web-7.0.2.jar:7.0.2]
	at org.springframework.security.web.FilterChainProxy$VirtualFilterChain.doFilter(FilterChainProxy.java:380) ~[spring-security-web-7.0.2.jar:7.0.2]
	at org.springframework.security.web.savedrequest.RequestCacheAwareFilter.doFilter(RequestCacheAwareFilter.java:63) ~[spring-security-web-7.0.2.jar:7.0.2]
	at org.springframework.security.web.FilterChainProxy$VirtualFilterChain.doFilter(FilterChainProxy.java:380) ~[spring-security-web-7.0.2.jar:7.0.2]
	at com.recrutement.recrutement.security.JwtAuthentificationFilter.doFilterInternal(JwtAuthentificationFilter.java:70) ~[classes/:na]
	at org.springframework.web.filter.OncePerRequestFilter.doFilter(OncePerRequestFilter.java:116) ~[spring-web-7.0.3.jar:7.0.3]
	at org.springframework.security.web.FilterChainProxy$VirtualFilterChain.doFilter(FilterChainProxy.java:380) ~[spring-security-web-7.0.2.jar:7.0.2]
	at org.springframework.security.web.authentication.logout.LogoutFilter.doFilter(LogoutFilter.java:110) ~[spring-security-web-7.0.2.jar:7.0.2]
	at org.springframework.security.web.authentication.logout.LogoutFilter.doFilter(LogoutFilter.java:96) ~[spring-security-web-7.0.2.jar:7.0.2]
	at org.springframework.security.web.FilterChainProxy$VirtualFilterChain.doFilter(FilterChainProxy.java:380) ~[spring-security-web-7.0.2.jar:7.0.2]
	at org.springframework.web.filter.CorsFilter.doFilterInternal(CorsFilter.java:91) ~[spring-web-7.0.3.jar:7.0.3]
	at org.springframework.web.filter.OncePerRequestFilter.doFilter(OncePerRequestFilter.java:116) ~[spring-web-7.0.3.jar:7.0.3]
	at org.springframework.security.web.FilterChainProxy$VirtualFilterChain.doFilter(FilterChainProxy.java:380) ~[spring-security-web-7.0.2.jar:7.0.2]
	at org.springframework.security.web.header.HeaderWriterFilter.doHeadersAfter(HeaderWriterFilter.java:90) ~[spring-security-web-7.0.2.jar:7.0.2]
	at org.springframework.security.web.header.HeaderWriterFilter.doFilterInternal(HeaderWriterFilter.java:75) ~[spring-security-web-7.0.2.jar:7.0.2]
	at org.springframework.web.filter.OncePerRequestFilter.doFilter(OncePerRequestFilter.java:116) ~[spring-web-7.0.3.jar:7.0.3]
	at org.springframework.security.web.FilterChainProxy$VirtualFilterChain.doFilter(FilterChainProxy.java:380) ~[spring-security-web-7.0.2.jar:7.0.2]
	at org.springframework.security.web.context.SecurityContextHolderFilter.doFilter(SecurityContextHolderFilter.java:82) ~[spring-security-web-7.0.2.jar:7.0.2]
	at org.springframework.security.web.context.SecurityContextHolderFilter.doFilter(SecurityContextHolderFilter.java:69) ~[spring-security-web-7.0.2.jar:7.0.2]
	at org.springframework.security.web.FilterChainProxy$VirtualFilterChain.doFilter(FilterChainProxy.java:380) ~[spring-security-web-7.0.2.jar:7.0.2]
	at org.springframework.security.web.context.request.async.WebAsyncManagerIntegrationFilter.doFilterInternal(WebAsyncManagerIntegrationFilter.java:62) ~[spring-security-web-7.0.2.jar:7.0.2]
	at org.springframework.web.filter.OncePerRequestFilter.doFilter(OncePerRequestFilter.java:116) ~[spring-web-7.0.3.jar:7.0.3]
	at org.springframework.security.web.FilterChainProxy$VirtualFilterChain.doFilter(FilterChainProxy.java:380) ~[spring-security-web-7.0.2.jar:7.0.2]
	at org.springframework.security.web.session.DisableEncodeUrlFilter.doFilterInternal(DisableEncodeUrlFilter.java:42) ~[spring-security-web-7.0.2.jar:7.0.2]
	at org.springframework.web.filter.OncePerRequestFilter.doFilter(OncePerRequestFilter.java:116) ~[spring-web-7.0.3.jar:7.0.3]
	at org.springframework.security.web.FilterChainProxy$VirtualFilterChain.doFilter(FilterChainProxy.java:380) ~[spring-security-web-7.0.2.jar:7.0.2]
	at org.springframework.security.web.FilterChainProxy.doFilterInternal(FilterChainProxy.java:237) ~[spring-security-web-7.0.2.jar:7.0.2]
	at org.springframework.security.web.FilterChainProxy.doFilter(FilterChainProxy.java:195) ~[spring-security-web-7.0.2.jar:7.0.2]
	at org.springframework.web.filter.CompositeFilter$VirtualFilterChain.doFilter(CompositeFilter.java:113) ~[spring-web-7.0.3.jar:7.0.3]
	at org.springframework.web.filter.ServletRequestPathFilter.doFilter(ServletRequestPathFilter.java:52) ~[spring-web-7.0.3.jar:7.0.3]
	at org.springframework.web.filter.CompositeFilter$VirtualFilterChain.doFilter(CompositeFilter.java:113) ~[spring-web-7.0.3.jar:7.0.3]
	at org.springframework.web.filter.CompositeFilter.doFilter(CompositeFilter.java:74) ~[spring-web-7.0.3.jar:7.0.3]
	at org.springframework.security.config.annotation.web.configuration.WebSecurityConfiguration$CompositeFilterChainProxy.doFilter(WebSecurityConfiguration.java:317) ~[spring-security-config-7.0.2.jar:7.0.2]
	at org.springframework.web.filter.DelegatingFilterProxy.invokeDelegate(DelegatingFilterProxy.java:355) ~[spring-web-7.0.3.jar:7.0.3]
	at org.springframework.web.filter.DelegatingFilterProxy.doFilter(DelegatingFilterProxy.java:272) ~[spring-web-7.0.3.jar:7.0.3]
	at org.apache.catalina.core.ApplicationFilterChain.doFilter(ApplicationFilterChain.java:107) ~[tomcat-embed-core-11.0.15.jar:11.0.15]
	at org.springframework.web.filter.RequestContextFilter.doFilterInternal(RequestContextFilter.java:100) ~[spring-web-7.0.3.jar:7.0.3]
	at org.springframework.web.filter.OncePerRequestFilter.doFilter(OncePerRequestFilter.java:116) ~[spring-web-7.0.3.jar:7.0.3]
	at org.apache.catalina.core.ApplicationFilterChain.doFilter(ApplicationFilterChain.java:107) ~[tomcat-embed-core-11.0.15.jar:11.0.15]
	at org.springframework.web.filter.FormContentFilter.doFilterInternal(FormContentFilter.java:93) ~[spring-web-7.0.3.jar:7.0.3]
	at org.springframework.web.filter.OncePerRequestFilter.doFilter(OncePerRequestFilter.java:116) ~[spring-web-7.0.3.jar:7.0.3]
	at org.apache.catalina.core.ApplicationFilterChain.doFilter(ApplicationFilterChain.java:107) ~[tomcat-embed-core-11.0.15.jar:11.0.15]
	at org.springframework.web.filter.CharacterEncodingFilter.doFilterInternal(CharacterEncodingFilter.java:199) ~[spring-web-7.0.3.jar:7.0.3]
	at org.springframework.web.filter.OncePerRequestFilter.doFilter(OncePerRequestFilter.java:116) ~[spring-web-7.0.3.jar:7.0.3]
	at org.apache.catalina.core.ApplicationFilterChain.doFilter(ApplicationFilterChain.java:107) ~[tomcat-embed-core-11.0.15.jar:11.0.15]
	at org.apache.catalina.core.StandardWrapperValve.invoke(StandardWrapperValve.java:165) ~[tomcat-embed-core-11.0.15.jar:11.0.15]
	at org.apache.catalina.core.StandardContextValve.invoke(StandardContextValve.java:77) ~[tomcat-embed-core-11.0.15.jar:11.0.15]
	at org.apache.catalina.authenticator.AuthenticatorBase.invoke(AuthenticatorBase.java:482) ~[tomcat-embed-core-11.0.15.jar:11.0.15]
	at org.apache.catalina.core.StandardHostValve.invoke(StandardHostValve.java:113) ~[tomcat-embed-core-11.0.15.jar:11.0.15]
	at org.apache.catalina.valves.ErrorReportValve.invoke(ErrorReportValve.java:83) ~[tomcat-embed-core-11.0.15.jar:11.0.15]
	at org.apache.catalina.core.StandardEngineValve.invoke(StandardEngineValve.java:72) ~[tomcat-embed-core-11.0.15.jar:11.0.15]
	at org.apache.catalina.connector.CoyoteAdapter.service(CoyoteAdapter.java:341) ~[tomcat-embed-core-11.0.15.jar:11.0.15]
	at org.apache.coyote.http11.Http11Processor.service(Http11Processor.java:397) ~[tomcat-embed-core-11.0.15.jar:11.0.15]
	at org.apache.coyote.AbstractProcessorLight.process(AbstractProcessorLight.java:63) ~[tomcat-embed-core-11.0.15.jar:11.0.15]
	at org.apache.coyote.AbstractProtocol$ConnectionHandler.process(AbstractProtocol.java:903) ~[tomcat-embed-core-11.0.15.jar:11.0.15]
	at org.apache.tomcat.util.net.NioEndpoint$SocketProcessor.doRun(NioEndpoint.java:1778) ~[tomcat-embed-core-11.0.15.jar:11.0.15]
	at org.apache.tomcat.util.net.SocketProcessorBase.run(SocketProcessorBase.java:52) ~[tomcat-embed-core-11.0.15.jar:11.0.15]
	at org.apache.tomcat.util.threads.ThreadPoolExecutor.runWorker(ThreadPoolExecutor.java:946) ~[tomcat-embed-core-11.0.15.jar:11.0.15]
	at org.apache.tomcat.util.threads.ThreadPoolExecutor$Worker.run(ThreadPoolExecutor.java:480) ~[tomcat-embed-core-11.0.15.jar:11.0.15]
	at org.apache.tomcat.util.threads.TaskThread$WrappingRunnable.run(TaskThread.java:57) ~[tomcat-embed-core-11.0.15.jar:11.0.15]
	at java.base/java.lang.Thread.run(Thread.java:1474) ~[na:na]

Hibernate: select u1_0.id,case when u1_1.user_id is not null then 1 when u1_2.user_id is not null then 2 when u1_0.id is not null then 0 end,u1_0.activation_token,u1_0.approval_status,u1_0.email,u1_0.email_verified,u1_0.nom,u1_0.password,u1_0.reset_password_token,u1_0.reset_password_token_expires_at,u1_0.role,u1_0.statut_compte,u1_1.adresse,u1_1.date_naissance,u1_1.description,u1_1.education_json,u1_1.experience,u1_1.facebook_url,u1_1.genre,u1_1.github_url,u1_1.instagram_url,u1_1.linkedin_url,u1_1.localisation,u1_1.num_telephone,u1_1.photo_couverture_nom,u1_1.photo_profil_nom,u1_1.poste_recherche,u1_1.profession,u1_1.skills_json,u1_2.departement,u1_2.entreprise_id,u1_2.fonction,u1_2.poste from users u1_0 left join candidates u1_1 on u1_0.id=u1_1.user_id left join recruiters u1_2 on u1_0.id=u1_2.user_id where u1_0.email=?
Hibernate: select u1_0.id,case when u1_1.user_id is not null then 1 when u1_2.user_id is not null then 2 when u1_0.id is not null then 0 end,u1_0.activation_token,u1_0.approval_status,u1_0.email,u1_0.email_verified,u1_0.nom,u1_0.password,u1_0.reset_password_token,u1_0.reset_password_token_expires_at,u1_0.role,u1_0.statut_compte,u1_1.adresse,u1_1.date_naissance,u1_1.description,u1_1.education_json,u1_1.experience,u1_1.facebook_url,u1_1.genre,u1_1.github_url,u1_1.instagram_url,u1_1.linkedin_url,u1_1.localisation,u1_1.num_telephone,u1_1.photo_couverture_nom,u1_1.photo_profil_nom,u1_1.poste_recherche,u1_1.profession,u1_1.skills_json,u1_2.departement,u1_2.entreprise_id,u1_2.fonction,u1_2.poste from users u1_0 left join candidates u1_1 on u1_0.id=u1_1.user_id left join recruiters u1_2 on u1_0.id=u1_2.user_id where u1_0.email=?
Hibernate: select count(n1_0.id) from notification n1_0 where n1_0.user_id=? and n1_0.lue=false
Hibernate: select u1_0.id,case when u1_1.user_id is not null then 1 when u1_2.user_id is not null then 2 when u1_0.id is not null then 0 end,u1_0.activation_token,u1_0.approval_status,u1_0.email,u1_0.email_verified,u1_0.nom,u1_0.password,u1_0.reset_password_token,u1_0.reset_password_token_expires_at,u1_0.role,u1_0.statut_compte,u1_1.adresse,u1_1.date_naissance,u1_1.description,u1_1.education_json,u1_1.experience,u1_1.facebook_url,u1_1.genre,u1_1.github_url,u1_1.instagram_url,u1_1.linkedin_url,u1_1.localisation,u1_1.num_telephone,u1_1.photo_couverture_nom,u1_1.photo_profil_nom,u1_1.poste_recherche,u1_1.profession,u1_1.skills_json,u1_2.departement,u1_2.entreprise_id,u1_2.fonction,u1_2.poste from users u1_0 left join candidates u1_1 on u1_0.id=u1_1.user_id left join recruiters u1_2 on u1_0.id=u1_2.user_id where u1_0.email=?
Hibernate: select u1_0.id,case when u1_1.user_id is not null then 1 when u1_2.user_id is not null then 2 when u1_0.id is not null then 0 end,u1_0.activation_token,u1_0.approval_status,u1_0.email,u1_0.email_verified,u1_0.nom,u1_0.password,u1_0.reset_password_token,u1_0.reset_password_token_expires_at,u1_0.role,u1_0.statut_compte,u1_1.adresse,u1_1.date_naissance,u1_1.description,u1_1.education_json,u1_1.experience,u1_1.facebook_url,u1_1.genre,u1_1.github_url,u1_1.instagram_url,u1_1.linkedin_url,u1_1.localisation,u1_1.num_telephone,u1_1.photo_couverture_nom,u1_1.photo_profil_nom,u1_1.poste_recherche,u1_1.profession,u1_1.skills_json,u1_2.departement,u1_2.entreprise_id,u1_2.fonction,u1_2.poste from users u1_0 left join candidates u1_1 on u1_0.id=u1_1.user_id left join recruiters u1_2 on u1_0.id=u1_2.user_id where u1_0.email=?
Hibernate: select u1_0.id,case when u1_1.user_id is not null then 1 when u1_2.user_id is not null then 2 when u1_0.id is not null then 0 end,u1_0.activation_token,u1_0.approval_status,u1_0.email,u1_0.email_verified,u1_0.nom,u1_0.password,u1_0.reset_password_token,u1_0.reset_password_token_expires_at,u1_0.role,u1_0.statut_compte,u1_1.adresse,u1_1.date_naissance,u1_1.description,u1_1.education_json,u1_1.experience,u1_1.facebook_url,u1_1.genre,u1_1.github_url,u1_1.instagram_url,u1_1.linkedin_url,u1_1.localisation,u1_1.num_telephone,u1_1.photo_couverture_nom,u1_1.photo_profil_nom,u1_1.poste_recherche,u1_1.profession,u1_1.skills_json,u1_2.departement,u1_2.entreprise_id,u1_2.fonction,u1_2.poste from users u1_0 left join candidates u1_1 on u1_0.id=u1_1.user_id left join recruiters u1_2 on u1_0.id=u1_2.user_id where u1_0.email=?
Hibernate: select count(n1_0.id) from notification n1_0 where n1_0.user_id=? and n1_0.lue=false
Hibernate: select u1_0.id,case when u1_1.user_id is not null then 1 when u1_2.user_id is not null then 2 when u1_0.id is not null then 0 end,u1_0.activation_token,u1_0.approval_status,u1_0.email,u1_0.email_verified,u1_0.nom,u1_0.password,u1_0.reset_password_token,u1_0.reset_password_token_expires_at,u1_0.role,u1_0.statut_compte,u1_1.adresse,u1_1.date_naissance,u1_1.description,u1_1.education_json,u1_1.experience,u1_1.facebook_url,u1_1.genre,u1_1.github_url,u1_1.instagram_url,u1_1.linkedin_url,u1_1.localisation,u1_1.num_telephone,u1_1.photo_couverture_nom,u1_1.photo_profil_nom,u1_1.poste_recherche,u1_1.profession,u1_1.skills_json,u1_2.departement,u1_2.entreprise_id,u1_2.fonction,u1_2.poste from users u1_0 left join candidates u1_1 on u1_0.id=u1_1.user_id left join recruiters u1_2 on u1_0.id=u1_2.user_id where u1_0.role=?
Hibernate: select u1_0.id,case when u1_1.user_id is not null then 1 when u1_2.user_id is not null then 2 when u1_0.id is not null then 0 end,u1_0.activation_token,u1_0.approval_status,u1_0.email,u1_0.email_verified,u1_0.nom,u1_0.password,u1_0.reset_password_token,u1_0.reset_password_token_expires_at,u1_0.role,u1_0.statut_compte,u1_1.adresse,u1_1.date_naissance,u1_1.description,u1_1.education_json,u1_1.experience,u1_1.facebook_url,u1_1.genre,u1_1.github_url,u1_1.instagram_url,u1_1.linkedin_url,u1_1.localisation,u1_1.num_telephone,u1_1.photo_couverture_nom,u1_1.photo_profil_nom,u1_1.poste_recherche,u1_1.profession,u1_1.skills_json,u1_2.departement,u1_2.entreprise_id,u1_2.fonction,u1_2.poste from users u1_0 left join candidates u1_1 on u1_0.id=u1_1.user_id left join recruiters u1_2 on u1_0.id=u1_2.user_id where u1_0.email=?
Hibernate: select u1_0.id,case when u1_1.user_id is not null then 1 when u1_2.user_id is not null then 2 when u1_0.id is not null then 0 end,u1_0.activation_token,u1_0.approval_status,u1_0.email,u1_0.email_verified,u1_0.nom,u1_0.password,u1_0.reset_password_token,u1_0.reset_password_token_expires_at,u1_0.role,u1_0.statut_compte,u1_1.adresse,u1_1.date_naissance,u1_1.description,u1_1.education_json,u1_1.experience,u1_1.facebook_url,u1_1.genre,u1_1.github_url,u1_1.instagram_url,u1_1.linkedin_url,u1_1.localisation,u1_1.num_telephone,u1_1.photo_couverture_nom,u1_1.photo_profil_nom,u1_1.poste_recherche,u1_1.profession,u1_1.skills_json,u1_2.departement,e1_0.id_entreprise,e1_0.abonnement_actif,e1_0.adresse,e1_0.description,e1_0.email,e1_0.nom_entreprise,e1_0.secteur,e1_0.site_web,u1_2.fonction,u1_2.poste from users u1_0 left join candidates u1_1 on u1_0.id=u1_1.user_id left join recruiters u1_2 on u1_0.id=u1_2.user_id left join entreprises e1_0 on e1_0.id_entreprise=u1_2.entreprise_id where u1_0.id=?
Hibernate: select n1_0.id,n1_0.date_envoi,n1_0.lue,n1_0.message,n1_0.user_id from notification n1_0 where n1_0.user_id=?
2026-04-08T22:38:09.880+01:00 ERROR 7788 --- [Recrutement] [nio-8081-exec-2] o.a.c.c.C.[.[.[/].[dispatcherServlet]    : Servlet.service() for servlet [dispatcherServlet] in context with path [] threw exception [Request processing failed: org.springframework.dao.InvalidDataAccessApiUsageException: No EntityManager with actual transaction available for current thread - cannot reliably process 'remove' call] with root cause

jakarta.persistence.TransactionRequiredException: No EntityManager with actual transaction available for current thread - cannot reliably process 'remove' call
	at org.springframework.orm.jpa.SharedEntityManagerCreator$SharedEntityManagerInvocationHandler.invoke(SharedEntityManagerCreator.java:301) ~[spring-orm-7.0.3.jar:7.0.3]
	at jdk.proxy2/jdk.proxy2.$Proxy134.remove(Unknown Source) ~[na:na]
	at org.springframework.data.jpa.repository.query.JpaQueryExecution$DeleteExecution.doExecute(JpaQueryExecution.java:419) ~[spring-data-jpa-4.0.2.jar:4.0.2]
	at org.springframework.data.jpa.repository.query.JpaQueryExecution.execute(JpaQueryExecution.java:99) ~[spring-data-jpa-4.0.2.jar:4.0.2]
	at org.springframework.data.jpa.repository.query.AbstractJpaQuery.doExecute(AbstractJpaQuery.java:164) ~[spring-data-jpa-4.0.2.jar:4.0.2]
	at org.springframework.data.jpa.repository.query.AbstractJpaQuery.execute(AbstractJpaQuery.java:154) ~[spring-data-jpa-4.0.2.jar:4.0.2]
	at org.springframework.data.repository.core.support.RepositoryMethodInvoker.doInvoke(RepositoryMethodInvoker.java:169) ~[spring-data-commons-4.0.2.jar:4.0.2]
	at org.springframework.data.repository.core.support.RepositoryMethodInvoker.invoke(RepositoryMethodInvoker.java:158) ~[spring-data-commons-4.0.2.jar:4.0.2]
	at org.springframework.data.repository.core.support.QueryExecutorMethodInterceptor.doInvoke(QueryExecutorMethodInterceptor.java:167) ~[spring-data-commons-4.0.2.jar:4.0.2]
	at org.springframework.data.repository.core.support.QueryExecutorMethodInterceptor.invoke(QueryExecutorMethodInterceptor.java:146) ~[spring-data-commons-4.0.2.jar:4.0.2]
	at org.springframework.aop.framework.ReflectiveMethodInvocation.proceed(ReflectiveMethodInvocation.java:179) ~[spring-aop-7.0.3.jar:7.0.3]
	at org.springframework.data.projection.DefaultMethodInvokingMethodInterceptor.invoke(DefaultMethodInvokingMethodInterceptor.java:69) ~[spring-data-commons-4.0.2.jar:4.0.2]
	at org.springframework.aop.framework.ReflectiveMethodInvocation.proceed(ReflectiveMethodInvocation.java:179) ~[spring-aop-7.0.3.jar:7.0.3]
	at org.springframework.transaction.interceptor.TransactionInterceptor$1.proceedWithInvocation(TransactionInterceptor.java:133) ~[spring-tx-7.0.3.jar:7.0.3]
	at org.springframework.transaction.interceptor.TransactionAspectSupport.invokeWithinTransaction(TransactionAspectSupport.java:371) ~[spring-tx-7.0.3.jar:7.0.3]
	at org.springframework.transaction.interceptor.TransactionInterceptor.invoke(TransactionInterceptor.java:130) ~[spring-tx-7.0.3.jar:7.0.3]
	at org.springframework.aop.framework.ReflectiveMethodInvocation.proceed(ReflectiveMethodInvocation.java:179) ~[spring-aop-7.0.3.jar:7.0.3]
	at org.springframework.dao.support.PersistenceExceptionTranslationInterceptor.invoke(PersistenceExceptionTranslationInterceptor.java:135) ~[spring-tx-7.0.3.jar:7.0.3]
	at org.springframework.aop.framework.ReflectiveMethodInvocation.proceed(ReflectiveMethodInvocation.java:179) ~[spring-aop-7.0.3.jar:7.0.3]
	at org.springframework.data.jpa.repository.support.CrudMethodMetadataPostProcessor$CrudMethodMetadataPopulatingMethodInterceptor.invoke(CrudMethodMetadataPostProcessor.java:137) ~[spring-data-jpa-4.0.2.jar:4.0.2]
	at org.springframework.aop.framework.ReflectiveMethodInvocation.proceed(ReflectiveMethodInvocation.java:179) ~[spring-aop-7.0.3.jar:7.0.3]
	at org.springframework.aop.framework.JdkDynamicAopProxy.invoke(JdkDynamicAopProxy.java:222) ~[spring-aop-7.0.3.jar:7.0.3]
	at jdk.proxy2/jdk.proxy2.$Proxy144.deleteByUser(Unknown Source) ~[na:na]
	at com.recrutement.recrutement.service.Impl.NotificationServiceImpl.clearNotificationsForUser(NotificationServiceImpl.java:103) ~[classes/:na]
	at com.recrutement.recrutement.service.Impl.AuthServiceImpl.deleteRecruiterAccount(AuthServiceImpl.java:455) ~[classes/:na]
	at com.recrutement.recrutement.controller.AdminController.deleteRecruiter(AdminController.java:45) ~[classes/:na]
	at java.base/jdk.internal.reflect.DirectMethodHandleAccessor.invoke(DirectMethodHandleAccessor.java:104) ~[na:na]
	at java.base/java.lang.reflect.Method.invoke(Method.java:565) ~[na:na]
	at org.springframework.web.method.support.InvocableHandlerMethod.doInvoke(InvocableHandlerMethod.java:258) ~[spring-web-7.0.3.jar:7.0.3]
	at org.springframework.web.method.support.InvocableHandlerMethod.invokeForRequest(InvocableHandlerMethod.java:190) ~[spring-web-7.0.3.jar:7.0.3]
	at org.springframework.web.servlet.mvc.method.annotation.ServletInvocableHandlerMethod.invokeAndHandle(ServletInvocableHandlerMethod.java:117) ~[spring-webmvc-7.0.3.jar:7.0.3]
	at org.springframework.web.servlet.mvc.method.annotation.RequestMappingHandlerAdapter.invokeHandlerMethod(RequestMappingHandlerAdapter.java:934) ~[spring-webmvc-7.0.3.jar:7.0.3]
	at org.springframework.web.servlet.mvc.method.annotation.RequestMappingHandlerAdapter.handleInternal(RequestMappingHandlerAdapter.java:853) ~[spring-webmvc-7.0.3.jar:7.0.3]
	at org.springframework.web.servlet.mvc.method.AbstractHandlerMethodAdapter.handle(AbstractHandlerMethodAdapter.java:86) ~[spring-webmvc-7.0.3.jar:7.0.3]
	at org.springframework.web.servlet.DispatcherServlet.doDispatch(DispatcherServlet.java:963) ~[spring-webmvc-7.0.3.jar:7.0.3]
	at org.springframework.web.servlet.DispatcherServlet.doService(DispatcherServlet.java:866) ~[spring-webmvc-7.0.3.jar:7.0.3]
	at org.springframework.web.servlet.FrameworkServlet.processRequest(FrameworkServlet.java:1003) ~[spring-webmvc-7.0.3.jar:7.0.3]
	at org.springframework.web.servlet.FrameworkServlet.doDelete(FrameworkServlet.java:925) ~[spring-webmvc-7.0.3.jar:7.0.3]
	at jakarta.servlet.http.HttpServlet.service(HttpServlet.java:651) ~[tomcat-embed-core-11.0.15.jar:6.1]
	at org.springframework.web.servlet.FrameworkServlet.service(FrameworkServlet.java:874) ~[spring-webmvc-7.0.3.jar:7.0.3]
	at jakarta.servlet.http.HttpServlet.service(HttpServlet.java:710) ~[tomcat-embed-core-11.0.15.jar:6.1]
	at org.apache.catalina.core.ApplicationFilterChain.doFilter(ApplicationFilterChain.java:128) ~[tomcat-embed-core-11.0.15.jar:11.0.15]
	at org.apache.tomcat.websocket.server.WsFilter.doFilter(WsFilter.java:53) ~[tomcat-embed-websocket-11.0.15.jar:11.0.15]
	at org.apache.catalina.core.ApplicationFilterChain.doFilter(ApplicationFilterChain.java:107) ~[tomcat-embed-core-11.0.15.jar:11.0.15]
	at org.springframework.web.filter.OncePerRequestFilter.doFilter(OncePerRequestFilter.java:110) ~[spring-web-7.0.3.jar:7.0.3]
	at org.apache.catalina.core.ApplicationFilterChain.doFilter(ApplicationFilterChain.java:107) ~[tomcat-embed-core-11.0.15.jar:11.0.15]
	at org.springframework.web.filter.CompositeFilter$VirtualFilterChain.doFilter(CompositeFilter.java:108) ~[spring-web-7.0.3.jar:7.0.3]
	at org.springframework.security.web.FilterChainProxy.lambda$doFilterInternal$3(FilterChainProxy.java:235) ~[spring-security-web-7.0.2.jar:7.0.2]
	at org.springframework.security.web.FilterChainProxy$VirtualFilterChain.doFilter(FilterChainProxy.java:371) ~[spring-security-web-7.0.2.jar:7.0.2]
	at org.springframework.security.web.access.intercept.AuthorizationFilter.doFilter(AuthorizationFilter.java:101) ~[spring-security-web-7.0.2.jar:7.0.2]
	at org.springframework.security.web.FilterChainProxy$VirtualFilterChain.doFilter(FilterChainProxy.java:380) ~[spring-security-web-7.0.2.jar:7.0.2]
	at org.springframework.security.web.access.ExceptionTranslationFilter.doFilter(ExceptionTranslationFilter.java:126) ~[spring-security-web-7.0.2.jar:7.0.2]
	at org.springframework.security.web.access.ExceptionTranslationFilter.doFilter(ExceptionTranslationFilter.java:120) ~[spring-security-web-7.0.2.jar:7.0.2]
	at org.springframework.security.web.FilterChainProxy$VirtualFilterChain.doFilter(FilterChainProxy.java:380) ~[spring-security-web-7.0.2.jar:7.0.2]
	at org.springframework.security.web.session.SessionManagementFilter.doFilter(SessionManagementFilter.java:132) ~[spring-security-web-7.0.2.jar:7.0.2]
	at org.springframework.security.web.session.SessionManagementFilter.doFilter(SessionManagementFilter.java:86) ~[spring-security-web-7.0.2.jar:7.0.2]
	at org.springframework.security.web.FilterChainProxy$VirtualFilterChain.doFilter(FilterChainProxy.java:380) ~[spring-security-web-7.0.2.jar:7.0.2]
	at org.springframework.security.web.authentication.AnonymousAuthenticationFilter.doFilter(AnonymousAuthenticationFilter.java:100) ~[spring-security-web-7.0.2.jar:7.0.2]
	at org.springframework.security.web.FilterChainProxy$VirtualFilterChain.doFilter(FilterChainProxy.java:380) ~[spring-security-web-7.0.2.jar:7.0.2]
	at org.springframework.security.web.servletapi.SecurityContextHolderAwareRequestFilter.doFilter(SecurityContextHolderAwareRequestFilter.java:181) ~[spring-security-web-7.0.2.jar:7.0.2]
	at org.springframework.security.web.FilterChainProxy$VirtualFilterChain.doFilter(FilterChainProxy.java:380) ~[spring-security-web-7.0.2.jar:7.0.2]
	at org.springframework.security.web.savedrequest.RequestCacheAwareFilter.doFilter(RequestCacheAwareFilter.java:63) ~[spring-security-web-7.0.2.jar:7.0.2]
	at org.springframework.security.web.FilterChainProxy$VirtualFilterChain.doFilter(FilterChainProxy.java:380) ~[spring-security-web-7.0.2.jar:7.0.2]
	at com.recrutement.recrutement.security.JwtAuthentificationFilter.doFilterInternal(JwtAuthentificationFilter.java:70) ~[classes/:na]
	at org.springframework.web.filter.OncePerRequestFilter.doFilter(OncePerRequestFilter.java:116) ~[spring-web-7.0.3.jar:7.0.3]
	at org.springframework.security.web.FilterChainProxy$VirtualFilterChain.doFilter(FilterChainProxy.java:380) ~[spring-security-web-7.0.2.jar:7.0.2]
	at org.springframework.security.web.authentication.logout.LogoutFilter.doFilter(LogoutFilter.java:110) ~[spring-security-web-7.0.2.jar:7.0.2]
	at org.springframework.security.web.authentication.logout.LogoutFilter.doFilter(LogoutFilter.java:96) ~[spring-security-web-7.0.2.jar:7.0.2]
	at org.springframework.security.web.FilterChainProxy$VirtualFilterChain.doFilter(FilterChainProxy.java:380) ~[spring-security-web-7.0.2.jar:7.0.2]
	at org.springframework.web.filter.CorsFilter.doFilterInternal(CorsFilter.java:91) ~[spring-web-7.0.3.jar:7.0.3]
	at org.springframework.web.filter.OncePerRequestFilter.doFilter(OncePerRequestFilter.java:116) ~[spring-web-7.0.3.jar:7.0.3]
	at org.springframework.security.web.FilterChainProxy$VirtualFilterChain.doFilter(FilterChainProxy.java:380) ~[spring-security-web-7.0.2.jar:7.0.2]
	at org.springframework.security.web.header.HeaderWriterFilter.doHeadersAfter(HeaderWriterFilter.java:90) ~[spring-security-web-7.0.2.jar:7.0.2]
	at org.springframework.security.web.header.HeaderWriterFilter.doFilterInternal(HeaderWriterFilter.java:75) ~[spring-security-web-7.0.2.jar:7.0.2]
	at org.springframework.web.filter.OncePerRequestFilter.doFilter(OncePerRequestFilter.java:116) ~[spring-web-7.0.3.jar:7.0.3]
	at org.springframework.security.web.FilterChainProxy$VirtualFilterChain.doFilter(FilterChainProxy.java:380) ~[spring-security-web-7.0.2.jar:7.0.2]
	at org.springframework.security.web.context.SecurityContextHolderFilter.doFilter(SecurityContextHolderFilter.java:82) ~[spring-security-web-7.0.2.jar:7.0.2]
	at org.springframework.security.web.context.SecurityContextHolderFilter.doFilter(SecurityContextHolderFilter.java:69) ~[spring-security-web-7.0.2.jar:7.0.2]
	at org.springframework.security.web.FilterChainProxy$VirtualFilterChain.doFilter(FilterChainProxy.java:380) ~[spring-security-web-7.0.2.jar:7.0.2]
	at org.springframework.security.web.context.request.async.WebAsyncManagerIntegrationFilter.doFilterInternal(WebAsyncManagerIntegrationFilter.java:62) ~[spring-security-web-7.0.2.jar:7.0.2]
	at org.springframework.web.filter.OncePerRequestFilter.doFilter(OncePerRequestFilter.java:116) ~[spring-web-7.0.3.jar:7.0.3]
	at org.springframework.security.web.FilterChainProxy$VirtualFilterChain.doFilter(FilterChainProxy.java:380) ~[spring-security-web-7.0.2.jar:7.0.2]
	at org.springframework.security.web.session.DisableEncodeUrlFilter.doFilterInternal(DisableEncodeUrlFilter.java:42) ~[spring-security-web-7.0.2.jar:7.0.2]
	at org.springframework.web.filter.OncePerRequestFilter.doFilter(OncePerRequestFilter.java:116) ~[spring-web-7.0.3.jar:7.0.3]
	at org.springframework.security.web.FilterChainProxy$VirtualFilterChain.doFilter(FilterChainProxy.java:380) ~[spring-security-web-7.0.2.jar:7.0.2]
	at org.springframework.security.web.FilterChainProxy.doFilterInternal(FilterChainProxy.java:237) ~[spring-security-web-7.0.2.jar:7.0.2]
	at org.springframework.security.web.FilterChainProxy.doFilter(FilterChainProxy.java:195) ~[spring-security-web-7.0.2.jar:7.0.2]
	at org.springframework.web.filter.CompositeFilter$VirtualFilterChain.doFilter(CompositeFilter.java:113) ~[spring-web-7.0.3.jar:7.0.3]
	at org.springframework.web.filter.ServletRequestPathFilter.doFilter(ServletRequestPathFilter.java:52) ~[spring-web-7.0.3.jar:7.0.3]
	at org.springframework.web.filter.CompositeFilter$VirtualFilterChain.doFilter(CompositeFilter.java:113) ~[spring-web-7.0.3.jar:7.0.3]
	at org.springframework.web.filter.CompositeFilter.doFilter(CompositeFilter.java:74) ~[spring-web-7.0.3.jar:7.0.3]
	at org.springframework.security.config.annotation.web.configuration.WebSecurityConfiguration$CompositeFilterChainProxy.doFilter(WebSecurityConfiguration.java:317) ~[spring-security-config-7.0.2.jar:7.0.2]
	at org.springframework.web.filter.DelegatingFilterProxy.invokeDelegate(DelegatingFilterProxy.java:355) ~[spring-web-7.0.3.jar:7.0.3]
	at org.springframework.web.filter.DelegatingFilterProxy.doFilter(DelegatingFilterProxy.java:272) ~[spring-web-7.0.3.jar:7.0.3]
	at org.apache.catalina.core.ApplicationFilterChain.doFilter(ApplicationFilterChain.java:107) ~[tomcat-embed-core-11.0.15.jar:11.0.15]
	at org.springframework.web.filter.RequestContextFilter.doFilterInternal(RequestContextFilter.java:100) ~[spring-web-7.0.3.jar:7.0.3]
	at org.springframework.web.filter.OncePerRequestFilter.doFilter(OncePerRequestFilter.java:116) ~[spring-web-7.0.3.jar:7.0.3]
	at org.apache.catalina.core.ApplicationFilterChain.doFilter(ApplicationFilterChain.java:107) ~[tomcat-embed-core-11.0.15.jar:11.0.15]
	at org.springframework.web.filter.FormContentFilter.doFilterInternal(FormContentFilter.java:93) ~[spring-web-7.0.3.jar:7.0.3]
	at org.springframework.web.filter.OncePerRequestFilter.doFilter(OncePerRequestFilter.java:116) ~[spring-web-7.0.3.jar:7.0.3]
	at org.apache.catalina.core.ApplicationFilterChain.doFilter(ApplicationFilterChain.java:107) ~[tomcat-embed-core-11.0.15.jar:11.0.15]
	at org.springframework.web.filter.CharacterEncodingFilter.doFilterInternal(CharacterEncodingFilter.java:199) ~[spring-web-7.0.3.jar:7.0.3]
	at org.springframework.web.filter.OncePerRequestFilter.doFilter(OncePerRequestFilter.java:116) ~[spring-web-7.0.3.jar:7.0.3]
	at org.apache.catalina.core.ApplicationFilterChain.doFilter(ApplicationFilterChain.java:107) ~[tomcat-embed-core-11.0.15.jar:11.0.15]
	at org.apache.catalina.core.StandardWrapperValve.invoke(StandardWrapperValve.java:165) ~[tomcat-embed-core-11.0.15.jar:11.0.15]
	at org.apache.catalina.core.StandardContextValve.invoke(StandardContextValve.java:77) ~[tomcat-embed-core-11.0.15.jar:11.0.15]
	at org.apache.catalina.authenticator.AuthenticatorBase.invoke(AuthenticatorBase.java:482) ~[tomcat-embed-core-11.0.15.jar:11.0.15]
	at org.apache.catalina.core.StandardHostValve.invoke(StandardHostValve.java:113) ~[tomcat-embed-core-11.0.15.jar:11.0.15]
	at org.apache.catalina.valves.ErrorReportValve.invoke(ErrorReportValve.java:83) ~[tomcat-embed-core-11.0.15.jar:11.0.15]
	at org.apache.catalina.core.StandardEngineValve.invoke(StandardEngineValve.java:72) ~[tomcat-embed-core-11.0.15.jar:11.0.15]
	at org.apache.catalina.connector.CoyoteAdapter.service(CoyoteAdapter.java:341) ~[tomcat-embed-core-11.0.15.jar:11.0.15]
	at org.apache.coyote.http11.Http11Processor.service(Http11Processor.java:397) ~[tomcat-embed-core-11.0.15.jar:11.0.15]
	at org.apache.coyote.AbstractProcessorLight.process(AbstractProcessorLight.java:63) ~[tomcat-embed-core-11.0.15.jar:11.0.15]
	at org.apache.coyote.AbstractProtocol$ConnectionHandler.process(AbstractProtocol.java:903) ~[tomcat-embed-core-11.0.15.jar:11.0.15]
	at org.apache.tomcat.util.net.NioEndpoint$SocketProcessor.doRun(NioEndpoint.java:1778) ~[tomcat-embed-core-11.0.15.jar:11.0.15]
	at org.apache.tomcat.util.net.SocketProcessorBase.run(SocketProcessorBase.java:52) ~[tomcat-embed-core-11.0.15.jar:11.0.15]
	at org.apache.tomcat.util.threads.ThreadPoolExecutor.runWorker(ThreadPoolExecutor.java:946) ~[tomcat-embed-core-11.0.15.jar:11.0.15]
	at org.apache.tomcat.util.threads.ThreadPoolExecutor$Worker.run(ThreadPoolExecutor.java:480) ~[tomcat-embed-core-11.0.15.jar:11.0.15]
	at org.apache.tomcat.util.threads.TaskThread$WrappingRunnable.run(TaskThread.java:57) ~[tomcat-embed-core-11.0.15.jar:11.0.15]
	at java.base/java.lang.Thread.run(Thread.java:1474) ~[na:na]

Hibernate: select u1_0.id,case when u1_1.user_id is not null then 1 when u1_2.user_id is not null then 2 when u1_0.id is not null then 0 end,u1_0.activation_token,u1_0.approval_status,u1_0.email,u1_0.email_verified,u1_0.nom,u1_0.password,u1_0.reset_password_token,u1_0.reset_password_token_expires_at,u1_0.role,u1_0.statut_compte,u1_1.adresse,u1_1.date_naissance,u1_1.description,u1_1.education_json,u1_1.experience,u1_1.facebook_url,u1_1.genre,u1_1.github_url,u1_1.instagram_url,u1_1.linkedin_url,u1_1.localisation,u1_1.num_telephone,u1_1.photo_couverture_nom,u1_1.photo_profil_nom,u1_1.poste_recherche,u1_1.profession,u1_1.skills_json,u1_2.departement,u1_2.entreprise_id,u1_2.fonction,u1_2.poste from users u1_0 left join candidates u1_1 on u1_0.id=u1_1.user_id left join recruiters u1_2 on u1_0.id=u1_2.user_id where u1_0.email=?
Hibernate: select u1_0.id,case when u1_1.user_id is not null then 1 when u1_2.user_id is not null then 2 when u1_0.id is not null then 0 end,u1_0.activation_token,u1_0.approval_status,u1_0.email,u1_0.email_verified,u1_0.nom,u1_0.password,u1_0.reset_password_token,u1_0.reset_password_token_expires_at,u1_0.role,u1_0.statut_compte,u1_1.adresse,u1_1.date_naissance,u1_1.description,u1_1.education_json,u1_1.experience,u1_1.facebook_url,u1_1.genre,u1_1.github_url,u1_1.instagram_url,u1_1.linkedin_url,u1_1.localisation,u1_1.num_telephone,u1_1.photo_couverture_nom,u1_1.photo_profil_nom,u1_1.poste_recherche,u1_1.profession,u1_1.skills_json,u1_2.departement,e1_0.id_entreprise,e1_0.abonnement_actif,e1_0.adresse,e1_0.description,e1_0.email,e1_0.nom_entreprise,e1_0.secteur,e1_0.site_web,u1_2.fonction,u1_2.poste from users u1_0 left join candidates u1_1 on u1_0.id=u1_1.user_id left join recruiters u1_2 on u1_0.id=u1_2.user_id left join entreprises e1_0 on e1_0.id_entreprise=u1_2.entreprise_id where u1_0.id=?
Hibernate: select n1_0.id,n1_0.date_envoi,n1_0.lue,n1_0.message,n1_0.user_id from notification n1_0 where n1_0.user_id=?
2026-04-08T22:38:20.429+01:00 ERROR 7788 --- [Recrutement] [nio-8081-exec-3] o.a.c.c.C.[.[.[/].[dispatcherServlet]    : Servlet.service() for servlet [dispatcherServlet] in context with path [] threw exception [Request processing failed: org.springframework.dao.InvalidDataAccessApiUsageException: No EntityManager with actual transaction available for current thread - cannot reliably process 'remove' call] with root cause

jakarta.persistence.TransactionRequiredException: No EntityManager with actual transaction available for current thread - cannot reliably process 'remove' call
	at org.springframework.orm.jpa.SharedEntityManagerCreator$SharedEntityManagerInvocationHandler.invoke(SharedEntityManagerCreator.java:301) ~[spring-orm-7.0.3.jar:7.0.3]
	at jdk.proxy2/jdk.proxy2.$Proxy134.remove(Unknown Source) ~[na:na]
	at org.springframework.data.jpa.repository.query.JpaQueryExecution$DeleteExecution.doExecute(JpaQueryExecution.java:419) ~[spring-data-jpa-4.0.2.jar:4.0.2]
	at org.springframework.data.jpa.repository.query.JpaQueryExecution.execute(JpaQueryExecution.java:99) ~[spring-data-jpa-4.0.2.jar:4.0.2]
	at org.springframework.data.jpa.repository.query.AbstractJpaQuery.doExecute(AbstractJpaQuery.java:164) ~[spring-data-jpa-4.0.2.jar:4.0.2]
	at org.springframework.data.jpa.repository.query.AbstractJpaQuery.execute(AbstractJpaQuery.java:154) ~[spring-data-jpa-4.0.2.jar:4.0.2]
	at org.springframework.data.repository.core.support.RepositoryMethodInvoker.doInvoke(RepositoryMethodInvoker.java:169) ~[spring-data-commons-4.0.2.jar:4.0.2]
	at org.springframework.data.repository.core.support.RepositoryMethodInvoker.invoke(RepositoryMethodInvoker.java:158) ~[spring-data-commons-4.0.2.jar:4.0.2]
	at org.springframework.data.repository.core.support.QueryExecutorMethodInterceptor.doInvoke(QueryExecutorMethodInterceptor.java:167) ~[spring-data-commons-4.0.2.jar:4.0.2]
	at org.springframework.data.repository.core.support.QueryExecutorMethodInterceptor.invoke(QueryExecutorMethodInterceptor.java:146) ~[spring-data-commons-4.0.2.jar:4.0.2]
	at org.springframework.aop.framework.ReflectiveMethodInvocation.proceed(ReflectiveMethodInvocation.java:179) ~[spring-aop-7.0.3.jar:7.0.3]
	at org.springframework.data.projection.DefaultMethodInvokingMethodInterceptor.invoke(DefaultMethodInvokingMethodInterceptor.java:69) ~[spring-data-commons-4.0.2.jar:4.0.2]
	at org.springframework.aop.framework.ReflectiveMethodInvocation.proceed(ReflectiveMethodInvocation.java:179) ~[spring-aop-7.0.3.jar:7.0.3]
	at org.springframework.transaction.interceptor.TransactionInterceptor$1.proceedWithInvocation(TransactionInterceptor.java:133) ~[spring-tx-7.0.3.jar:7.0.3]
	at org.springframework.transaction.interceptor.TransactionAspectSupport.invokeWithinTransaction(TransactionAspectSupport.java:371) ~[spring-tx-7.0.3.jar:7.0.3]
	at org.springframework.transaction.interceptor.TransactionInterceptor.invoke(TransactionInterceptor.java:130) ~[spring-tx-7.0.3.jar:7.0.3]
	at org.springframework.aop.framework.ReflectiveMethodInvocation.proceed(ReflectiveMethodInvocation.java:179) ~[spring-aop-7.0.3.jar:7.0.3]
	at org.springframework.dao.support.PersistenceExceptionTranslationInterceptor.invoke(PersistenceExceptionTranslationInterceptor.java:135) ~[spring-tx-7.0.3.jar:7.0.3]
	at org.springframework.aop.framework.ReflectiveMethodInvocation.proceed(ReflectiveMethodInvocation.java:179) ~[spring-aop-7.0.3.jar:7.0.3]
	at org.springframework.data.jpa.repository.support.CrudMethodMetadataPostProcessor$CrudMethodMetadataPopulatingMethodInterceptor.invoke(CrudMethodMetadataPostProcessor.java:137) ~[spring-data-jpa-4.0.2.jar:4.0.2]
	at org.springframework.aop.framework.ReflectiveMethodInvocation.proceed(ReflectiveMethodInvocation.java:179) ~[spring-aop-7.0.3.jar:7.0.3]
	at org.springframework.aop.framework.JdkDynamicAopProxy.invoke(JdkDynamicAopProxy.java:222) ~[spring-aop-7.0.3.jar:7.0.3]
	at jdk.proxy2/jdk.proxy2.$Proxy144.deleteByUser(Unknown Source) ~[na:na]
	at com.recrutement.recrutement.service.Impl.NotificationServiceImpl.clearNotificationsForUser(NotificationServiceImpl.java:103) ~[classes/:na]
	at com.recrutement.recrutement.service.Impl.AuthServiceImpl.deleteRecruiterAccount(AuthServiceImpl.java:455) ~[classes/:na]
	at com.recrutement.recrutement.controller.AdminController.deleteRecruiter(AdminController.java:45) ~[classes/:na]
	at java.base/jdk.internal.reflect.DirectMethodHandleAccessor.invoke(DirectMethodHandleAccessor.java:104) ~[na:na]
	at java.base/java.lang.reflect.Method.invoke(Method.java:565) ~[na:na]
	at org.springframework.web.method.support.InvocableHandlerMethod.doInvoke(InvocableHandlerMethod.java:258) ~[spring-web-7.0.3.jar:7.0.3]
	at org.springframework.web.method.support.InvocableHandlerMethod.invokeForRequest(InvocableHandlerMethod.java:190) ~[spring-web-7.0.3.jar:7.0.3]
	at org.springframework.web.servlet.mvc.method.annotation.ServletInvocableHandlerMethod.invokeAndHandle(ServletInvocableHandlerMethod.java:117) ~[spring-webmvc-7.0.3.jar:7.0.3]
	at org.springframework.web.servlet.mvc.method.annotation.RequestMappingHandlerAdapter.invokeHandlerMethod(RequestMappingHandlerAdapter.java:934) ~[spring-webmvc-7.0.3.jar:7.0.3]
	at org.springframework.web.servlet.mvc.method.annotation.RequestMappingHandlerAdapter.handleInternal(RequestMappingHandlerAdapter.java:853) ~[spring-webmvc-7.0.3.jar:7.0.3]
	at org.springframework.web.servlet.mvc.method.AbstractHandlerMethodAdapter.handle(AbstractHandlerMethodAdapter.java:86) ~[spring-webmvc-7.0.3.jar:7.0.3]
	at org.springframework.web.servlet.DispatcherServlet.doDispatch(DispatcherServlet.java:963) ~[spring-webmvc-7.0.3.jar:7.0.3]
	at org.springframework.web.servlet.DispatcherServlet.doService(DispatcherServlet.java:866) ~[spring-webmvc-7.0.3.jar:7.0.3]
	at org.springframework.web.servlet.FrameworkServlet.processRequest(FrameworkServlet.java:1003) ~[spring-webmvc-7.0.3.jar:7.0.3]
	at org.springframework.web.servlet.FrameworkServlet.doDelete(FrameworkServlet.java:925) ~[spring-webmvc-7.0.3.jar:7.0.3]
	at jakarta.servlet.http.HttpServlet.service(HttpServlet.java:651) ~[tomcat-embed-core-11.0.15.jar:6.1]
	at org.springframework.web.servlet.FrameworkServlet.service(FrameworkServlet.java:874) ~[spring-webmvc-7.0.3.jar:7.0.3]
	at jakarta.servlet.http.HttpServlet.service(HttpServlet.java:710) ~[tomcat-embed-core-11.0.15.jar:6.1]
	at org.apache.catalina.core.ApplicationFilterChain.doFilter(ApplicationFilterChain.java:128) ~[tomcat-embed-core-11.0.15.jar:11.0.15]
	at org.apache.tomcat.websocket.server.WsFilter.doFilter(WsFilter.java:53) ~[tomcat-embed-websocket-11.0.15.jar:11.0.15]
	at org.apache.catalina.core.ApplicationFilterChain.doFilter(ApplicationFilterChain.java:107) ~[tomcat-embed-core-11.0.15.jar:11.0.15]
	at org.springframework.web.filter.OncePerRequestFilter.doFilter(OncePerRequestFilter.java:110) ~[spring-web-7.0.3.jar:7.0.3]
	at org.apache.catalina.core.ApplicationFilterChain.doFilter(ApplicationFilterChain.java:107) ~[tomcat-embed-core-11.0.15.jar:11.0.15]
	at org.springframework.web.filter.CompositeFilter$VirtualFilterChain.doFilter(CompositeFilter.java:108) ~[spring-web-7.0.3.jar:7.0.3]
	at org.springframework.security.web.FilterChainProxy.lambda$doFilterInternal$3(FilterChainProxy.java:235) ~[spring-security-web-7.0.2.jar:7.0.2]
	at org.springframework.security.web.FilterChainProxy$VirtualFilterChain.doFilter(FilterChainProxy.java:371) ~[spring-security-web-7.0.2.jar:7.0.2]
	at org.springframework.security.web.access.intercept.AuthorizationFilter.doFilter(AuthorizationFilter.java:101) ~[spring-security-web-7.0.2.jar:7.0.2]
	at org.springframework.security.web.FilterChainProxy$VirtualFilterChain.doFilter(FilterChainProxy.java:380) ~[spring-security-web-7.0.2.jar:7.0.2]
	at org.springframework.security.web.access.ExceptionTranslationFilter.doFilter(ExceptionTranslationFilter.java:126) ~[spring-security-web-7.0.2.jar:7.0.2]
	at org.springframework.security.web.access.ExceptionTranslationFilter.doFilter(ExceptionTranslationFilter.java:120) ~[spring-security-web-7.0.2.jar:7.0.2]
	at org.springframework.security.web.FilterChainProxy$VirtualFilterChain.doFilter(FilterChainProxy.java:380) ~[spring-security-web-7.0.2.jar:7.0.2]
	at org.springframework.security.web.session.SessionManagementFilter.doFilter(SessionManagementFilter.java:132) ~[spring-security-web-7.0.2.jar:7.0.2]
	at org.springframework.security.web.session.SessionManagementFilter.doFilter(SessionManagementFilter.java:86) ~[spring-security-web-7.0.2.jar:7.0.2]
	at org.springframework.security.web.FilterChainProxy$VirtualFilterChain.doFilter(FilterChainProxy.java:380) ~[spring-security-web-7.0.2.jar:7.0.2]
	at org.springframework.security.web.authentication.AnonymousAuthenticationFilter.doFilter(AnonymousAuthenticationFilter.java:100) ~[spring-security-web-7.0.2.jar:7.0.2]
	at org.springframework.security.web.FilterChainProxy$VirtualFilterChain.doFilter(FilterChainProxy.java:380) ~[spring-security-web-7.0.2.jar:7.0.2]
	at org.springframework.security.web.servletapi.SecurityContextHolderAwareRequestFilter.doFilter(SecurityContextHolderAwareRequestFilter.java:181) ~[spring-security-web-7.0.2.jar:7.0.2]
	at org.springframework.security.web.FilterChainProxy$VirtualFilterChain.doFilter(FilterChainProxy.java:380) ~[spring-security-web-7.0.2.jar:7.0.2]
	at org.springframework.security.web.savedrequest.RequestCacheAwareFilter.doFilter(RequestCacheAwareFilter.java:63) ~[spring-security-web-7.0.2.jar:7.0.2]
	at org.springframework.security.web.FilterChainProxy$VirtualFilterChain.doFilter(FilterChainProxy.java:380) ~[spring-security-web-7.0.2.jar:7.0.2]
	at com.recrutement.recrutement.security.JwtAuthentificationFilter.doFilterInternal(JwtAuthentificationFilter.java:70) ~[classes/:na]
	at org.springframework.web.filter.OncePerRequestFilter.doFilter(OncePerRequestFilter.java:116) ~[spring-web-7.0.3.jar:7.0.3]
	at org.springframework.security.web.FilterChainProxy$VirtualFilterChain.doFilter(FilterChainProxy.java:380) ~[spring-security-web-7.0.2.jar:7.0.2]
	at org.springframework.security.web.authentication.logout.LogoutFilter.doFilter(LogoutFilter.java:110) ~[spring-security-web-7.0.2.jar:7.0.2]
	at org.springframework.security.web.authentication.logout.LogoutFilter.doFilter(LogoutFilter.java:96) ~[spring-security-web-7.0.2.jar:7.0.2]
	at org.springframework.security.web.FilterChainProxy$VirtualFilterChain.doFilter(FilterChainProxy.java:380) ~[spring-security-web-7.0.2.jar:7.0.2]
	at org.springframework.web.filter.CorsFilter.doFilterInternal(CorsFilter.java:91) ~[spring-web-7.0.3.jar:7.0.3]
	at org.springframework.web.filter.OncePerRequestFilter.doFilter(OncePerRequestFilter.java:116) ~[spring-web-7.0.3.jar:7.0.3]
	at org.springframework.security.web.FilterChainProxy$VirtualFilterChain.doFilter(FilterChainProxy.java:380) ~[spring-security-web-7.0.2.jar:7.0.2]
	at org.springframework.security.web.header.HeaderWriterFilter.doHeadersAfter(HeaderWriterFilter.java:90) ~[spring-security-web-7.0.2.jar:7.0.2]
	at org.springframework.security.web.header.HeaderWriterFilter.doFilterInternal(HeaderWriterFilter.java:75) ~[spring-security-web-7.0.2.jar:7.0.2]
	at org.springframework.web.filter.OncePerRequestFilter.doFilter(OncePerRequestFilter.java:116) ~[spring-web-7.0.3.jar:7.0.3]
	at org.springframework.security.web.FilterChainProxy$VirtualFilterChain.doFilter(FilterChainProxy.java:380) ~[spring-security-web-7.0.2.jar:7.0.2]
	at org.springframework.security.web.context.SecurityContextHolderFilter.doFilter(SecurityContextHolderFilter.java:82) ~[spring-security-web-7.0.2.jar:7.0.2]
	at org.springframework.security.web.context.SecurityContextHolderFilter.doFilter(SecurityContextHolderFilter.java:69) ~[spring-security-web-7.0.2.jar:7.0.2]
	at org.springframework.security.web.FilterChainProxy$VirtualFilterChain.doFilter(FilterChainProxy.java:380) ~[spring-security-web-7.0.2.jar:7.0.2]
	at org.springframework.security.web.context.request.async.WebAsyncManagerIntegrationFilter.doFilterInternal(WebAsyncManagerIntegrationFilter.java:62) ~[spring-security-web-7.0.2.jar:7.0.2]
	at org.springframework.web.filter.OncePerRequestFilter.doFilter(OncePerRequestFilter.java:116) ~[spring-web-7.0.3.jar:7.0.3]
	at org.springframework.security.web.FilterChainProxy$VirtualFilterChain.doFilter(FilterChainProxy.java:380) ~[spring-security-web-7.0.2.jar:7.0.2]
	at org.springframework.security.web.session.DisableEncodeUrlFilter.doFilterInternal(DisableEncodeUrlFilter.java:42) ~[spring-security-web-7.0.2.jar:7.0.2]
	at org.springframework.web.filter.OncePerRequestFilter.doFilter(OncePerRequestFilter.java:116) ~[spring-web-7.0.3.jar:7.0.3]
	at org.springframework.security.web.FilterChainProxy$VirtualFilterChain.doFilter(FilterChainProxy.java:380) ~[spring-security-web-7.0.2.jar:7.0.2]
	at org.springframework.security.web.FilterChainProxy.doFilterInternal(FilterChainProxy.java:237) ~[spring-security-web-7.0.2.jar:7.0.2]
	at org.springframework.security.web.FilterChainProxy.doFilter(FilterChainProxy.java:195) ~[spring-security-web-7.0.2.jar:7.0.2]
	at org.springframework.web.filter.CompositeFilter$VirtualFilterChain.doFilter(CompositeFilter.java:113) ~[spring-web-7.0.3.jar:7.0.3]
	at org.springframework.web.filter.ServletRequestPathFilter.doFilter(ServletRequestPathFilter.java:52) ~[spring-web-7.0.3.jar:7.0.3]
	at org.springframework.web.filter.CompositeFilter$VirtualFilterChain.doFilter(CompositeFilter.java:113) ~[spring-web-7.0.3.jar:7.0.3]
	at org.springframework.web.filter.CompositeFilter.doFilter(CompositeFilter.java:74) ~[spring-web-7.0.3.jar:7.0.3]
	at org.springframework.security.config.annotation.web.configuration.WebSecurityConfiguration$CompositeFilterChainProxy.doFilter(WebSecurityConfiguration.java:317) ~[spring-security-config-7.0.2.jar:7.0.2]
	at org.springframework.web.filter.DelegatingFilterProxy.invokeDelegate(DelegatingFilterProxy.java:355) ~[spring-web-7.0.3.jar:7.0.3]
	at org.springframework.web.filter.DelegatingFilterProxy.doFilter(DelegatingFilterProxy.java:272) ~[spring-web-7.0.3.jar:7.0.3]
	at org.apache.catalina.core.ApplicationFilterChain.doFilter(ApplicationFilterChain.java:107) ~[tomcat-embed-core-11.0.15.jar:11.0.15]
	at org.springframework.web.filter.RequestContextFilter.doFilterInternal(RequestContextFilter.java:100) ~[spring-web-7.0.3.jar:7.0.3]
	at org.springframework.web.filter.OncePerRequestFilter.doFilter(OncePerRequestFilter.java:116) ~[spring-web-7.0.3.jar:7.0.3]
	at org.apache.catalina.core.ApplicationFilterChain.doFilter(ApplicationFilterChain.java:107) ~[tomcat-embed-core-11.0.15.jar:11.0.15]
	at org.springframework.web.filter.FormContentFilter.doFilterInternal(FormContentFilter.java:93) ~[spring-web-7.0.3.jar:7.0.3]
	at org.springframework.web.filter.OncePerRequestFilter.doFilter(OncePerRequestFilter.java:116) ~[spring-web-7.0.3.jar:7.0.3]
	at org.apache.catalina.core.ApplicationFilterChain.doFilter(ApplicationFilterChain.java:107) ~[tomcat-embed-core-11.0.15.jar:11.0.15]
	at org.springframework.web.filter.CharacterEncodingFilter.doFilterInternal(CharacterEncodingFilter.java:199) ~[spring-web-7.0.3.jar:7.0.3]
	at org.springframework.web.filter.OncePerRequestFilter.doFilter(OncePerRequestFilter.java:116) ~[spring-web-7.0.3.jar:7.0.3]
	at org.apache.catalina.core.ApplicationFilterChain.doFilter(ApplicationFilterChain.java:107) ~[tomcat-embed-core-11.0.15.jar:11.0.15]
	at org.apache.catalina.core.StandardWrapperValve.invoke(StandardWrapperValve.java:165) ~[tomcat-embed-core-11.0.15.jar:11.0.15]
	at org.apache.catalina.core.StandardContextValve.invoke(StandardContextValve.java:77) ~[tomcat-embed-core-11.0.15.jar:11.0.15]
	at org.apache.catalina.authenticator.AuthenticatorBase.invoke(AuthenticatorBase.java:482) ~[tomcat-embed-core-11.0.15.jar:11.0.15]
	at org.apache.catalina.core.StandardHostValve.invoke(StandardHostValve.java:113) ~[tomcat-embed-core-11.0.15.jar:11.0.15]
	at org.apache.catalina.valves.ErrorReportValve.invoke(ErrorReportValve.java:83) ~[tomcat-embed-core-11.0.15.jar:11.0.15]
	at org.apache.catalina.core.StandardEngineValve.invoke(StandardEngineValve.java:72) ~[tomcat-embed-core-11.0.15.jar:11.0.15]
	at org.apache.catalina.connector.CoyoteAdapter.service(CoyoteAdapter.java:341) ~[tomcat-embed-core-11.0.15.jar:11.0.15]
	at org.apache.coyote.http11.Http11Processor.service(Http11Processor.java:397) ~[tomcat-embed-core-11.0.15.jar:11.0.15]
	at org.apache.coyote.AbstractProcessorLight.process(AbstractProcessorLight.java:63) ~[tomcat-embed-core-11.0.15.jar:11.0.15]
	at org.apache.coyote.AbstractProtocol$ConnectionHandler.process(AbstractProtocol.java:903) ~[tomcat-embed-core-11.0.15.jar:11.0.15]
	at org.apache.tomcat.util.net.NioEndpoint$SocketProcessor.doRun(NioEndpoint.java:1778) ~[tomcat-embed-core-11.0.15.jar:11.0.15]
	at org.apache.tomcat.util.net.SocketProcessorBase.run(SocketProcessorBase.java:52) ~[tomcat-embed-core-11.0.15.jar:11.0.15]
	at org.apache.tomcat.util.threads.ThreadPoolExecutor.runWorker(ThreadPoolExecutor.java:946) ~[tomcat-embed-core-11.0.15.jar:11.0.15]
	at org.apache.tomcat.util.threads.ThreadPoolExecutor$Worker.run(ThreadPoolExecutor.java:480) ~[tomcat-embed-core-11.0.15.jar:11.0.15]
	at org.apache.tomcat.util.threads.TaskThread$WrappingRunnable.run(TaskThread.java:57) ~[tomcat-embed-core-11.0.15.jar:11.0.15]
	at java.base/java.lang.Thread.run(Thread.java:1474) ~[na:na]

Hibernate: select u1_0.id,case when u1_1.user_id is not null then 1 when u1_2.user_id is not null then 2 when u1_0.id is not null then 0 end,u1_0.activation_token,u1_0.approval_status,u1_0.email,u1_0.email_verified,u1_0.nom,u1_0.password,u1_0.reset_password_token,u1_0.reset_password_token_expires_at,u1_0.role,u1_0.statut_compte,u1_1.adresse,u1_1.date_naissance,u1_1.description,u1_1.education_json,u1_1.experience,u1_1.facebook_url,u1_1.genre,u1_1.github_url,u1_1.instagram_url,u1_1.linkedin_url,u1_1.localisation,u1_1.num_telephone,u1_1.photo_couverture_nom,u1_1.photo_profil_nom,u1_1.poste_recherche,u1_1.profession,u1_1.skills_json,u1_2.departement,u1_2.entreprise_id,u1_2.fonction,u1_2.poste from users u1_0 left join candidates u1_1 on u1_0.id=u1_1.user_id left join recruiters u1_2 on u1_0.id=u1_2.user_id where u1_0.email=?
Hibernate: select u1_0.id,case when u1_1.user_id is not null then 1 when u1_2.user_id is not null then 2 when u1_0.id is not null then 0 end,u1_0.activation_token,u1_0.approval_status,u1_0.email,u1_0.email_verified,u1_0.nom,u1_0.password,u1_0.reset_password_token,u1_0.reset_password_token_expires_at,u1_0.role,u1_0.statut_compte,u1_1.adresse,u1_1.date_naissance,u1_1.description,u1_1.education_json,u1_1.experience,u1_1.facebook_url,u1_1.genre,u1_1.github_url,u1_1.instagram_url,u1_1.linkedin_url,u1_1.localisation,u1_1.num_telephone,u1_1.photo_couverture_nom,u1_1.photo_profil_nom,u1_1.poste_recherche,u1_1.profession,u1_1.skills_json,u1_2.departement,u1_2.entreprise_id,u1_2.fonction,u1_2.poste from users u1_0 left join candidates u1_1 on u1_0.id=u1_1.user_id left join recruiters u1_2 on u1_0.id=u1_2.user_id where u1_0.email=?
Hibernate: select n1_0.id,n1_0.date_envoi,n1_0.lue,n1_0.message,n1_0.user_id from notification n1_0 where n1_0.user_id=? order by n1_0.date_envoi desc
Hibernate: select u1_0.id,case when u1_1.user_id is not null then 1 when u1_2.user_id is not null then 2 when u1_0.id is not null then 0 end,u1_0.activation_token,u1_0.approval_status,u1_0.email,u1_0.email_verified,u1_0.nom,u1_0.password,u1_0.reset_password_token,u1_0.reset_password_token_expires_at,u1_0.role,u1_0.statut_compte,u1_1.adresse,u1_1.date_naissance,u1_1.description,u1_1.education_json,u1_1.experience,u1_1.facebook_url,u1_1.genre,u1_1.github_url,u1_1.instagram_url,u1_1.linkedin_url,u1_1.localisation,u1_1.num_telephone,u1_1.photo_couverture_nom,u1_1.photo_profil_nom,u1_1.poste_recherche,u1_1.profession,u1_1.skills_json,u1_2.departement,u1_2.entreprise_id,u1_2.fonction,u1_2.poste from users u1_0 left join candidates u1_1 on u1_0.id=u1_1.user_id left join recruiters u1_2 on u1_0.id=u1_2.user_id where u1_0.email=?
Hibernate: select u1_0.id,case when u1_1.user_id is not null then 1 when u1_2.user_id is not null then 2 when u1_0.id is not null then 0 end,u1_0.activation_token,u1_0.approval_status,u1_0.email,u1_0.email_verified,u1_0.nom,u1_0.password,u1_0.reset_password_token,u1_0.reset_password_token_expires_at,u1_0.role,u1_0.statut_compte,u1_1.adresse,u1_1.date_naissance,u1_1.description,u1_1.education_json,u1_1.experience,u1_1.facebook_url,u1_1.genre,u1_1.github_url,u1_1.instagram_url,u1_1.linkedin_url,u1_1.localisation,u1_1.num_telephone,u1_1.photo_couverture_nom,u1_1.photo_profil_nom,u1_1.poste_recherche,u1_1.profession,u1_1.skills_json,u1_2.departement,u1_2.entreprise_id,u1_2.fonction,u1_2.poste from users u1_0 left join candidates u1_1 on u1_0.id=u1_1.user_id left join recruiters u1_2 on u1_0.id=u1_2.user_id where u1_0.role=?
Hibernate: select u1_0.id,case when u1_1.user_id is not null then 1 when u1_2.user_id is not null then 2 when u1_0.id is not null then 0 end,u1_0.activation_token,u1_0.approval_status,u1_0.email,u1_0.email_verified,u1_0.nom,u1_0.password,u1_0.reset_password_token,u1_0.reset_password_token_expires_at,u1_0.role,u1_0.statut_compte,u1_1.adresse,u1_1.date_naissance,u1_1.description,u1_1.education_json,u1_1.experience,u1_1.facebook_url,u1_1.genre,u1_1.github_url,u1_1.instagram_url,u1_1.linkedin_url,u1_1.localisation,u1_1.num_telephone,u1_1.photo_couverture_nom,u1_1.photo_profil_nom,u1_1.poste_recherche,u1_1.profession,u1_1.skills_json,u1_2.departement,u1_2.entreprise_id,u1_2.fonction,u1_2.poste from users u1_0 left join candidates u1_1 on u1_0.id=u1_1.user_id left join recruiters u1_2 on u1_0.id=u1_2.user_id where u1_0.email=?
Hibernate: select u1_0.id,case when u1_1.user_id is not null then 1 when u1_2.user_id is not null then 2 when u1_0.id is not null then 0 end,u1_0.activation_token,u1_0.approval_status,u1_0.email,u1_0.email_verified,u1_0.nom,u1_0.password,u1_0.reset_password_token,u1_0.reset_password_token_expires_at,u1_0.role,u1_0.statut_compte,u1_1.adresse,u1_1.date_naissance,u1_1.description,u1_1.education_json,u1_1.experience,u1_1.facebook_url,u1_1.genre,u1_1.github_url,u1_1.instagram_url,u1_1.linkedin_url,u1_1.localisation,u1_1.num_telephone,u1_1.photo_couverture_nom,u1_1.photo_profil_nom,u1_1.poste_recherche,u1_1.profession,u1_1.skills_json,u1_2.departement,u1_2.entreprise_id,u1_2.fonction,u1_2.poste from users u1_0 left join candidates u1_1 on u1_0.id=u1_1.user_id left join recruiters u1_2 on u1_0.id=u1_2.user_id where u1_0.role=?
Hibernate: select u1_0.id,case when u1_1.user_id is not null then 1 when u1_2.user_id is not null then 2 when u1_0.id is not null then 0 end,u1_0.activation_token,u1_0.approval_status,u1_0.email,u1_0.email_verified,u1_0.nom,u1_0.password,u1_0.reset_password_token,u1_0.reset_password_token_expires_at,u1_0.role,u1_0.statut_compte,u1_1.adresse,u1_1.date_naissance,u1_1.description,u1_1.education_json,u1_1.experience,u1_1.facebook_url,u1_1.genre,u1_1.github_url,u1_1.instagram_url,u1_1.linkedin_url,u1_1.localisation,u1_1.num_telephone,u1_1.photo_couverture_nom,u1_1.photo_profil_nom,u1_1.poste_recherche,u1_1.profession,u1_1.skills_json,u1_2.departement,u1_2.entreprise_id,u1_2.fonction,u1_2.poste from users u1_0 left join candidates u1_1 on u1_0.id=u1_1.user_id left join recruiters u1_2 on u1_0.id=u1_2.user_id where u1_0.email=?
Hibernate: select u1_0.id,case when u1_1.user_id is not null then 1 when u1_2.user_id is not null then 2 when u1_0.id is not null then 0 end,u1_0.activation_token,u1_0.approval_status,u1_0.email,u1_0.email_verified,u1_0.nom,u1_0.password,u1_0.reset_password_token,u1_0.reset_password_token_expires_at,u1_0.role,u1_0.statut_compte,u1_1.adresse,u1_1.date_naissance,u1_1.description,u1_1.education_json,u1_1.experience,u1_1.facebook_url,u1_1.genre,u1_1.github_url,u1_1.instagram_url,u1_1.linkedin_url,u1_1.localisation,u1_1.num_telephone,u1_1.photo_couverture_nom,u1_1.photo_profil_nom,u1_1.poste_recherche,u1_1.profession,u1_1.skills_json,u1_2.departement,u1_2.entreprise_id,u1_2.fonction,u1_2.poste from users u1_0 left join candidates u1_1 on u1_0.id=u1_1.user_id left join recruiters u1_2 on u1_0.id=u1_2.user_id where u1_0.email=?
Hibernate: select u1_0.id,case when u1_1.user_id is not null then 1 when u1_2.user_id is not null then 2 when u1_0.id is not null then 0 end,u1_0.activation_token,u1_0.approval_status,u1_0.email,u1_0.email_verified,u1_0.nom,u1_0.password,u1_0.reset_password_token,u1_0.reset_password_token_expires_at,u1_0.role,u1_0.statut_compte,u1_1.adresse,u1_1.date_naissance,u1_1.description,u1_1.education_json,u1_1.experience,u1_1.facebook_url,u1_1.genre,u1_1.github_url,u1_1.instagram_url,u1_1.linkedin_url,u1_1.localisation,u1_1.num_telephone,u1_1.photo_couverture_nom,u1_1.photo_profil_nom,u1_1.poste_recherche,u1_1.profession,u1_1.skills_json,u1_2.departement,u1_2.entreprise_id,u1_2.fonction,u1_2.poste from users u1_0 left join candidates u1_1 on u1_0.id=u1_1.user_id left join recruiters u1_2 on u1_0.id=u1_2.user_id where u1_0.email=?
Hibernate: select u1_0.id,case when u1_1.user_id is not null then 1 when u1_2.user_id is not null then 2 when u1_0.id is not null then 0 end,u1_0.activation_token,u1_0.approval_status,u1_0.email,u1_0.email_verified,u1_0.nom,u1_0.password,u1_0.reset_password_token,u1_0.reset_password_token_expires_at,u1_0.role,u1_0.statut_compte,u1_1.adresse,u1_1.date_naissance,u1_1.description,u1_1.education_json,u1_1.experience,u1_1.facebook_url,u1_1.genre,u1_1.github_url,u1_1.instagram_url,u1_1.linkedin_url,u1_1.localisation,u1_1.num_telephone,u1_1.photo_couverture_nom,u1_1.photo_profil_nom,u1_1.poste_recherche,u1_1.profession,u1_1.skills_json,u1_2.departement,u1_2.entreprise_id,u1_2.fonction,u1_2.poste from users u1_0 left join candidates u1_1 on u1_0.id=u1_1.user_id left join recruiters u1_2 on u1_0.id=u1_2.user_id where u1_0.role=?
Hibernate: select count(n1_0.id) from notification n1_0 where n1_0.user_id=? and n1_0.lue=false
Hibernate: select u1_0.id,case when u1_1.user_id is not null then 1 when u1_2.user_id is not null then 2 when u1_0.id is not null then 0 end,u1_0.activation_token,u1_0.approval_status,u1_0.email,u1_0.email_verified,u1_0.nom,u1_0.password,u1_0.reset_password_token,u1_0.reset_password_token_expires_at,u1_0.role,u1_0.statut_compte,u1_1.adresse,u1_1.date_naissance,u1_1.description,u1_1.education_json,u1_1.experience,u1_1.facebook_url,u1_1.genre,u1_1.github_url,u1_1.instagram_url,u1_1.linkedin_url,u1_1.localisation,u1_1.num_telephone,u1_1.photo_couverture_nom,u1_1.photo_profil_nom,u1_1.poste_recherche,u1_1.profession,u1_1.skills_json,u1_2.departement,u1_2.entreprise_id,u1_2.fonction,u1_2.poste from users u1_0 left join candidates u1_1 on u1_0.id=u1_1.user_id left join recruiters u1_2 on u1_0.id=u1_2.user_id where u1_0.email=?
Hibernate: select u1_0.id,case when u1_1.user_id is not null then 1 when u1_2.user_id is not null then 2 when u1_0.id is not null then 0 end,u1_0.activation_token,u1_0.approval_status,u1_0.email,u1_0.email_verified,u1_0.nom,u1_0.password,u1_0.reset_password_token,u1_0.reset_password_token_expires_at,u1_0.role,u1_0.statut_compte,u1_1.adresse,u1_1.date_naissance,u1_1.description,u1_1.education_json,u1_1.experience,u1_1.facebook_url,u1_1.genre,u1_1.github_url,u1_1.instagram_url,u1_1.linkedin_url,u1_1.localisation,u1_1.num_telephone,u1_1.photo_couverture_nom,u1_1.photo_profil_nom,u1_1.poste_recherche,u1_1.profession,u1_1.skills_json,u1_2.departement,u1_2.entreprise_id,u1_2.fonction,u1_2.poste from users u1_0 left join candidates u1_1 on u1_0.id=u1_1.user_id left join recruiters u1_2 on u1_0.id=u1_2.user_id where u1_0.email=?
Hibernate: select count(n1_0.id) from notification n1_0 where n1_0.user_id=? and n1_0.lue=false
Hibernate: select u1_0.id,case when u1_1.user_id is not null then 1 when u1_2.user_id is not null then 2 when u1_0.id is not null then 0 end,u1_0.activation_token,u1_0.approval_status,u1_0.email,u1_0.email_verified,u1_0.nom,u1_0.password,u1_0.reset_password_token,u1_0.reset_password_token_expires_at,u1_0.role,u1_0.statut_compte,u1_1.adresse,u1_1.date_naissance,u1_1.description,u1_1.education_json,u1_1.experience,u1_1.facebook_url,u1_1.genre,u1_1.github_url,u1_1.instagram_url,u1_1.linkedin_url,u1_1.localisation,u1_1.num_telephone,u1_1.photo_couverture_nom,u1_1.photo_profil_nom,u1_1.poste_recherche,u1_1.profession,u1_1.skills_json,u1_2.departement,u1_2.entreprise_id,u1_2.fonction,u1_2.poste from users u1_0 left join candidates u1_1 on u1_0.id=u1_1.user_id left join recruiters u1_2 on u1_0.id=u1_2.user_id where u1_0.email=?
Hibernate: select u1_0.id,case when u1_1.user_id is not null then 1 when u1_2.user_id is not null then 2 when u1_0.id is not null then 0 end,u1_0.activation_token,u1_0.approval_status,u1_0.email,u1_0.email_verified,u1_0.nom,u1_0.password,u1_0.reset_password_token,u1_0.reset_password_token_expires_at,u1_0.role,u1_0.statut_compte,u1_1.adresse,u1_1.date_naissance,u1_1.description,u1_1.education_json,u1_1.experience,u1_1.facebook_url,u1_1.genre,u1_1.github_url,u1_1.instagram_url,u1_1.linkedin_url,u1_1.localisation,u1_1.num_telephone,u1_1.photo_couverture_nom,u1_1.photo_profil_nom,u1_1.poste_recherche,u1_1.profession,u1_1.skills_json,u1_2.departement,u1_2.entreprise_id,u1_2.fonction,u1_2.poste from users u1_0 left join candidates u1_1 on u1_0.id=u1_1.user_id left join recruiters u1_2 on u1_0.id=u1_2.user_id where u1_0.email=?
Hibernate: select u1_0.id,case when u1_1.user_id is not null then 1 when u1_2.user_id is not null then 2 when u1_0.id is not null then 0 end,u1_0.activation_token,u1_0.approval_status,u1_0.email,u1_0.email_verified,u1_0.nom,u1_0.password,u1_0.reset_password_token,u1_0.reset_password_token_expires_at,u1_0.role,u1_0.statut_compte,u1_1.adresse,u1_1.date_naissance,u1_1.description,u1_1.education_json,u1_1.experience,u1_1.facebook_url,u1_1.genre,u1_1.github_url,u1_1.instagram_url,u1_1.linkedin_url,u1_1.localisation,u1_1.num_telephone,u1_1.photo_couverture_nom,u1_1.photo_profil_nom,u1_1.poste_recherche,u1_1.profession,u1_1.skills_json,u1_2.departement,u1_2.entreprise_id,u1_2.fonction,u1_2.poste from users u1_0 left join candidates u1_1 on u1_0.id=u1_1.user_id left join recruiters u1_2 on u1_0.id=u1_2.user_id where u1_0.email=?
Hibernate: select u1_0.id,case when u1_1.user_id is not null then 1 when u1_2.user_id is not null then 2 when u1_0.id is not null then 0 end,u1_0.activation_token,u1_0.approval_status,u1_0.email,u1_0.email_verified,u1_0.nom,u1_0.password,u1_0.reset_password_token,u1_0.reset_password_token_expires_at,u1_0.role,u1_0.statut_compte,u1_1.adresse,u1_1.date_naissance,u1_1.description,u1_1.education_json,u1_1.experience,u1_1.facebook_url,u1_1.genre,u1_1.github_url,u1_1.instagram_url,u1_1.linkedin_url,u1_1.localisation,u1_1.num_telephone,u1_1.photo_couverture_nom,u1_1.photo_profil_nom,u1_1.poste_recherche,u1_1.profession,u1_1.skills_json,u1_2.departement,u1_2.entreprise_id,u1_2.fonction,u1_2.poste from users u1_0 left join candidates u1_1 on u1_0.id=u1_1.user_id left join recruiters u1_2 on u1_0.id=u1_2.user_id where u1_0.role=?
Hibernate: select u1_0.id,case when u1_1.user_id is not null then 1 when u1_2.user_id is not null then 2 when u1_0.id is not null then 0 end,u1_0.activation_token,u1_0.approval_status,u1_0.email,u1_0.email_verified,u1_0.nom,u1_0.password,u1_0.reset_password_token,u1_0.reset_password_token_expires_at,u1_0.role,u1_0.statut_compte,u1_1.adresse,u1_1.date_naissance,u1_1.description,u1_1.education_json,u1_1.experience,u1_1.facebook_url,u1_1.genre,u1_1.github_url,u1_1.instagram_url,u1_1.linkedin_url,u1_1.localisation,u1_1.num_telephone,u1_1.photo_couverture_nom,u1_1.photo_profil_nom,u1_1.poste_recherche,u1_1.profession,u1_1.skills_json,u1_2.departement,u1_2.entreprise_id,u1_2.fonction,u1_2.poste from users u1_0 left join candidates u1_1 on u1_0.id=u1_1.user_id left join recruiters u1_2 on u1_0.id=u1_2.user_id where u1_0.email=?
Hibernate: select count(n1_0.id) from notification n1_0 where n1_0.user_id=? and n1_0.lue=false
Hibernate: select u1_0.id,case when u1_1.user_id is not null then 1 when u1_2.user_id is not null then 2 when u1_0.id is not null then 0 end,u1_0.activation_token,u1_0.approval_status,u1_0.email,u1_0.email_verified,u1_0.nom,u1_0.password,u1_0.reset_password_token,u1_0.reset_password_token_expires_at,u1_0.role,u1_0.statut_compte,u1_1.adresse,u1_1.date_naissance,u1_1.description,u1_1.education_json,u1_1.experience,u1_1.facebook_url,u1_1.genre,u1_1.github_url,u1_1.instagram_url,u1_1.linkedin_url,u1_1.localisation,u1_1.num_telephone,u1_1.photo_couverture_nom,u1_1.photo_profil_nom,u1_1.poste_recherche,u1_1.profession,u1_1.skills_json,u1_2.departement,u1_2.entreprise_id,u1_2.fonction,u1_2.poste from users u1_0 left join candidates u1_1 on u1_0.id=u1_1.user_id left join recruiters u1_2 on u1_0.id=u1_2.user_id where u1_0.email=?
Hibernate: select count(n1_0.id) from notification n1_0 where n1_0.user_id=? and n1_0.lue=false
Hibernate: select u1_0.id,case when u1_1.user_id is not null then 1 when u1_2.user_id is not null then 2 when u1_0.id is not null then 0 end,u1_0.activation_token,u1_0.approval_status,u1_0.email,u1_0.email_verified,u1_0.nom,u1_0.password,u1_0.reset_password_token,u1_0.reset_password_token_expires_at,u1_0.role,u1_0.statut_compte,u1_1.adresse,u1_1.date_naissance,u1_1.description,u1_1.education_json,u1_1.experience,u1_1.facebook_url,u1_1.genre,u1_1.github_url,u1_1.instagram_url,u1_1.linkedin_url,u1_1.localisation,u1_1.num_telephone,u1_1.photo_couverture_nom,u1_1.photo_profil_nom,u1_1.poste_recherche,u1_1.profession,u1_1.skills_json,u1_2.departement,u1_2.entreprise_id,u1_2.fonction,u1_2.poste from users u1_0 left join candidates u1_1 on u1_0.id=u1_1.user_id left join recruiters u1_2 on u1_0.id=u1_2.user_id where u1_0.email=?
Hibernate: select u1_0.id,case when u1_1.user_id is not null then 1 when u1_2.user_id is not null then 2 when u1_0.id is not null then 0 end,u1_0.activation_token,u1_0.approval_status,u1_0.email,u1_0.email_verified,u1_0.nom,u1_0.password,u1_0.reset_password_token,u1_0.reset_password_token_expires_at,u1_0.role,u1_0.statut_compte,u1_1.adresse,u1_1.date_naissance,u1_1.description,u1_1.education_json,u1_1.experience,u1_1.facebook_url,u1_1.genre,u1_1.github_url,u1_1.instagram_url,u1_1.linkedin_url,u1_1.localisation,u1_1.num_telephone,u1_1.photo_couverture_nom,u1_1.photo_profil_nom,u1_1.poste_recherche,u1_1.profession,u1_1.skills_json,u1_2.departement,u1_2.entreprise_id,u1_2.fonction,u1_2.poste from users u1_0 left join candidates u1_1 on u1_0.id=u1_1.user_id left join recruiters u1_2 on u1_0.id=u1_2.user_id where u1_0.email=?
Hibernate: select count(n1_0.id) from notification n1_0 where n1_0.user_id=? and n1_0.lue=false
Hibernate: select u1_0.id,case when u1_1.user_id is not null then 1 when u1_2.user_id is not null then 2 when u1_0.id is not null then 0 end,u1_0.activation_token,u1_0.approval_status,u1_0.email,u1_0.email_verified,u1_0.nom,u1_0.password,u1_0.reset_password_token,u1_0.reset_password_token_expires_at,u1_0.role,u1_0.statut_compte,u1_1.adresse,u1_1.date_naissance,u1_1.description,u1_1.education_json,u1_1.experience,u1_1.facebook_url,u1_1.genre,u1_1.github_url,u1_1.instagram_url,u1_1.linkedin_url,u1_1.localisation,u1_1.num_telephone,u1_1.photo_couverture_nom,u1_1.photo_profil_nom,u1_1.poste_recherche,u1_1.profession,u1_1.skills_json,u1_2.departement,u1_2.entreprise_id,u1_2.fonction,u1_2.poste from users u1_0 left join candidates u1_1 on u1_0.id=u1_1.user_id left join recruiters u1_2 on u1_0.id=u1_2.user_id where u1_0.email=?
Hibernate: select u1_0.id,case when u1_1.user_id is not null then 1 when u1_2.user_id is not null then 2 when u1_0.id is not null then 0 end,u1_0.activation_token,u1_0.approval_status,u1_0.email,u1_0.email_verified,u1_0.nom,u1_0.password,u1_0.reset_password_token,u1_0.reset_password_token_expires_at,u1_0.role,u1_0.statut_compte,u1_1.adresse,u1_1.date_naissance,u1_1.description,u1_1.education_json,u1_1.experience,u1_1.facebook_url,u1_1.genre,u1_1.github_url,u1_1.instagram_url,u1_1.linkedin_url,u1_1.localisation,u1_1.num_telephone,u1_1.photo_couverture_nom,u1_1.photo_profil_nom,u1_1.poste_recherche,u1_1.profession,u1_1.skills_json,u1_2.departement,u1_2.entreprise_id,u1_2.fonction,u1_2.poste from users u1_0 left join candidates u1_1 on u1_0.id=u1_1.user_id left join recruiters u1_2 on u1_0.id=u1_2.user_id where u1_0.role=?
Hibernate: select u1_0.id,case when u1_1.user_id is not null then 1 when u1_2.user_id is not null then 2 when u1_0.id is not null then 0 end,u1_0.activation_token,u1_0.approval_status,u1_0.email,u1_0.email_verified,u1_0.nom,u1_0.password,u1_0.reset_password_token,u1_0.reset_password_token_expires_at,u1_0.role,u1_0.statut_compte,u1_1.adresse,u1_1.date_naissance,u1_1.description,u1_1.education_json,u1_1.experience,u1_1.facebook_url,u1_1.genre,u1_1.github_url,u1_1.instagram_url,u1_1.linkedin_url,u1_1.localisation,u1_1.num_telephone,u1_1.photo_couverture_nom,u1_1.photo_profil_nom,u1_1.poste_recherche,u1_1.profession,u1_1.skills_json,u1_2.departement,u1_2.entreprise_id,u1_2.fonction,u1_2.poste from users u1_0 left join candidates u1_1 on u1_0.id=u1_1.user_id left join recruiters u1_2 on u1_0.id=u1_2.user_id where u1_0.email=?
Hibernate: select u1_0.id,case when u1_1.user_id is not null then 1 when u1_2.user_id is not null then 2 when u1_0.id is not null then 0 end,u1_0.activation_token,u1_0.approval_status,u1_0.email,u1_0.email_verified,u1_0.nom,u1_0.password,u1_0.reset_password_token,u1_0.reset_password_token_expires_at,u1_0.role,u1_0.statut_compte,u1_1.adresse,u1_1.date_naissance,u1_1.description,u1_1.education_json,u1_1.experience,u1_1.facebook_url,u1_1.genre,u1_1.github_url,u1_1.instagram_url,u1_1.linkedin_url,u1_1.localisation,u1_1.num_telephone,u1_1.photo_couverture_nom,u1_1.photo_profil_nom,u1_1.poste_recherche,u1_1.profession,u1_1.skills_json,u1_2.departement,u1_2.entreprise_id,u1_2.fonction,u1_2.poste from users u1_0 left join candidates u1_1 on u1_0.id=u1_1.user_id left join recruiters u1_2 on u1_0.id=u1_2.user_id where u1_0.email=?
Hibernate: select count(n1_0.id) from notification n1_0 where n1_0.user_id=? and n1_0.lue=false
Hibernate: select u1_0.id,case when u1_1.user_id is not null then 1 when u1_2.user_id is not null then 2 when u1_0.id is not null then 0 end,u1_0.activation_token,u1_0.approval_status,u1_0.email,u1_0.email_verified,u1_0.nom,u1_0.password,u1_0.reset_password_token,u1_0.reset_password_token_expires_at,u1_0.role,u1_0.statut_compte,u1_1.adresse,u1_1.date_naissance,u1_1.description,u1_1.education_json,u1_1.experience,u1_1.facebook_url,u1_1.genre,u1_1.github_url,u1_1.instagram_url,u1_1.linkedin_url,u1_1.localisation,u1_1.num_telephone,u1_1.photo_couverture_nom,u1_1.photo_profil_nom,u1_1.poste_recherche,u1_1.profession,u1_1.skills_json,u1_2.departement,u1_2.entreprise_id,u1_2.fonction,u1_2.poste from users u1_0 left join candidates u1_1 on u1_0.id=u1_1.user_id left join recruiters u1_2 on u1_0.id=u1_2.user_id where u1_0.email=?
Hibernate: select u1_0.id,case when u1_1.user_id is not null then 1 when u1_2.user_id is not null then 2 when u1_0.id is not null then 0 end,u1_0.activation_token,u1_0.approval_status,u1_0.email,u1_0.email_verified,u1_0.nom,u1_0.password,u1_0.reset_password_token,u1_0.reset_password_token_expires_at,u1_0.role,u1_0.statut_compte,u1_1.adresse,u1_1.date_naissance,u1_1.description,u1_1.education_json,u1_1.experience,u1_1.facebook_url,u1_1.genre,u1_1.github_url,u1_1.instagram_url,u1_1.linkedin_url,u1_1.localisation,u1_1.num_telephone,u1_1.photo_couverture_nom,u1_1.photo_profil_nom,u1_1.poste_recherche,u1_1.profession,u1_1.skills_json,u1_2.departement,u1_2.entreprise_id,u1_2.fonction,u1_2.poste from users u1_0 left join candidates u1_1 on u1_0.id=u1_1.user_id left join recruiters u1_2 on u1_0.id=u1_2.user_id where u1_0.email=?
Hibernate: select u1_0.id,case when u1_1.user_id is not null then 1 when u1_2.user_id is not null then 2 when u1_0.id is not null then 0 end,u1_0.activation_token,u1_0.approval_status,u1_0.email,u1_0.email_verified,u1_0.nom,u1_0.password,u1_0.reset_password_token,u1_0.reset_password_token_expires_at,u1_0.role,u1_0.statut_compte,u1_1.adresse,u1_1.date_naissance,u1_1.description,u1_1.education_json,u1_1.experience,u1_1.facebook_url,u1_1.genre,u1_1.github_url,u1_1.instagram_url,u1_1.linkedin_url,u1_1.localisation,u1_1.num_telephone,u1_1.photo_couverture_nom,u1_1.photo_profil_nom,u1_1.poste_recherche,u1_1.profession,u1_1.skills_json,u1_2.departement,u1_2.entreprise_id,u1_2.fonction,u1_2.poste from users u1_0 left join candidates u1_1 on u1_0.id=u1_1.user_id left join recruiters u1_2 on u1_0.id=u1_2.user_id where u1_0.role=?
Hibernate: select u1_0.id,case when u1_1.user_id is not null then 1 when u1_2.user_id is not null then 2 when u1_0.id is not null then 0 end,u1_0.activation_token,u1_0.approval_status,u1_0.email,u1_0.email_verified,u1_0.nom,u1_0.password,u1_0.reset_password_token,u1_0.reset_password_token_expires_at,u1_0.role,u1_0.statut_compte,u1_1.adresse,u1_1.date_naissance,u1_1.description,u1_1.education_json,u1_1.experience,u1_1.facebook_url,u1_1.genre,u1_1.github_url,u1_1.instagram_url,u1_1.linkedin_url,u1_1.localisation,u1_1.num_telephone,u1_1.photo_couverture_nom,u1_1.photo_profil_nom,u1_1.poste_recherche,u1_1.profession,u1_1.skills_json,u1_2.departement,u1_2.entreprise_id,u1_2.fonction,u1_2.poste from users u1_0 left join candidates u1_1 on u1_0.id=u1_1.user_id left join recruiters u1_2 on u1_0.id=u1_2.user_id where u1_0.email=?
Hibernate: select count(n1_0.id) from notification n1_0 where n1_0.user_id=? and n1_0.lue=false
Hibernate: select u1_0.id,case when u1_1.user_id is not null then 1 when u1_2.user_id is not null then 2 when u1_0.id is not null then 0 end,u1_0.activation_token,u1_0.approval_status,u1_0.email,u1_0.email_verified,u1_0.nom,u1_0.password,u1_0.reset_password_token,u1_0.reset_password_token_expires_at,u1_0.role,u1_0.statut_compte,u1_1.adresse,u1_1.date_naissance,u1_1.description,u1_1.education_json,u1_1.experience,u1_1.facebook_url,u1_1.genre,u1_1.github_url,u1_1.instagram_url,u1_1.linkedin_url,u1_1.localisation,u1_1.num_telephone,u1_1.photo_couverture_nom,u1_1.photo_profil_nom,u1_1.poste_recherche,u1_1.profession,u1_1.skills_json,u1_2.departement,u1_2.entreprise_id,u1_2.fonction,u1_2.poste from users u1_0 left join candidates u1_1 on u1_0.id=u1_1.user_id left join recruiters u1_2 on u1_0.id=u1_2.user_id where u1_0.email=?
Hibernate: select u1_0.id,case when u1_1.user_id is not null then 1 when u1_2.user_id is not null then 2 when u1_0.id is not null then 0 end,u1_0.activation_token,u1_0.approval_status,u1_0.email,u1_0.email_verified,u1_0.nom,u1_0.password,u1_0.reset_password_token,u1_0.reset_password_token_expires_at,u1_0.role,u1_0.statut_compte,u1_1.adresse,u1_1.date_naissance,u1_1.description,u1_1.education_json,u1_1.experience,u1_1.facebook_url,u1_1.genre,u1_1.github_url,u1_1.instagram_url,u1_1.linkedin_url,u1_1.localisation,u1_1.num_telephone,u1_1.photo_couverture_nom,u1_1.photo_profil_nom,u1_1.poste_recherche,u1_1.profession,u1_1.skills_json,u1_2.departement,u1_2.entreprise_id,u1_2.fonction,u1_2.poste from users u1_0 left join candidates u1_1 on u1_0.id=u1_1.user_id left join recruiters u1_2 on u1_0.id=u1_2.user_id where u1_0.email=?
Hibernate: select count(n1_0.id) from notification n1_0 where n1_0.user_id=? and n1_0.lue=false
Hibernate: select u1_0.id,case when u1_1.user_id is not null then 1 when u1_2.user_id is not null then 2 when u1_0.id is not null then 0 end,u1_0.activation_token,u1_0.approval_status,u1_0.email,u1_0.email_verified,u1_0.nom,u1_0.password,u1_0.reset_password_token,u1_0.reset_password_token_expires_at,u1_0.role,u1_0.statut_compte,u1_1.adresse,u1_1.date_naissance,u1_1.description,u1_1.education_json,u1_1.experience,u1_1.facebook_url,u1_1.genre,u1_1.github_url,u1_1.instagram_url,u1_1.linkedin_url,u1_1.localisation,u1_1.num_telephone,u1_1.photo_couverture_nom,u1_1.photo_profil_nom,u1_1.poste_recherche,u1_1.profession,u1_1.skills_json,u1_2.departement,u1_2.entreprise_id,u1_2.fonction,u1_2.poste from users u1_0 left join candidates u1_1 on u1_0.id=u1_1.user_id left join recruiters u1_2 on u1_0.id=u1_2.user_id where u1_0.email=?
Hibernate: select u1_0.id,case when u1_1.user_id is not null then 1 when u1_2.user_id is not null then 2 when u1_0.id is not null then 0 end,u1_0.activation_token,u1_0.approval_status,u1_0.email,u1_0.email_verified,u1_0.nom,u1_0.password,u1_0.reset_password_token,u1_0.reset_password_token_expires_at,u1_0.role,u1_0.statut_compte,u1_1.adresse,u1_1.date_naissance,u1_1.description,u1_1.education_json,u1_1.experience,u1_1.facebook_url,u1_1.genre,u1_1.github_url,u1_1.instagram_url,u1_1.linkedin_url,u1_1.localisation,u1_1.num_telephone,u1_1.photo_couverture_nom,u1_1.photo_profil_nom,u1_1.poste_recherche,u1_1.profession,u1_1.skills_json,u1_2.departement,u1_2.entreprise_id,u1_2.fonction,u1_2.poste from users u1_0 left join candidates u1_1 on u1_0.id=u1_1.user_id left join recruiters u1_2 on u1_0.id=u1_2.user_id where u1_0.email=?
Hibernate: select count(n1_0.id) from notification n1_0 where n1_0.user_id=? and n1_0.lue=false
Hibernate: select u1_0.id,case when u1_1.user_id is not null then 1 when u1_2.user_id is not null then 2 when u1_0.id is not null then 0 end,u1_0.activation_token,u1_0.approval_status,u1_0.email,u1_0.email_verified,u1_0.nom,u1_0.password,u1_0.reset_password_token,u1_0.reset_password_token_expires_at,u1_0.role,u1_0.statut_compte,u1_1.adresse,u1_1.date_naissance,u1_1.description,u1_1.education_json,u1_1.experience,u1_1.facebook_url,u1_1.genre,u1_1.github_url,u1_1.instagram_url,u1_1.linkedin_url,u1_1.localisation,u1_1.num_telephone,u1_1.photo_couverture_nom,u1_1.photo_profil_nom,u1_1.poste_recherche,u1_1.profession,u1_1.skills_json,u1_2.departement,u1_2.entreprise_id,u1_2.fonction,u1_2.poste from users u1_0 left join candidates u1_1 on u1_0.id=u1_1.user_id left join recruiters u1_2 on u1_0.id=u1_2.user_id where u1_0.email=?
Hibernate: select u1_0.id,case when u1_1.user_id is not null then 1 when u1_2.user_id is not null then 2 when u1_0.id is not null then 0 end,u1_0.activation_token,u1_0.approval_status,u1_0.email,u1_0.email_verified,u1_0.nom,u1_0.password,u1_0.reset_password_token,u1_0.reset_password_token_expires_at,u1_0.role,u1_0.statut_compte,u1_1.adresse,u1_1.date_naissance,u1_1.description,u1_1.education_json,u1_1.experience,u1_1.facebook_url,u1_1.genre,u1_1.github_url,u1_1.instagram_url,u1_1.linkedin_url,u1_1.localisation,u1_1.num_telephone,u1_1.photo_couverture_nom,u1_1.photo_profil_nom,u1_1.poste_recherche,u1_1.profession,u1_1.skills_json,u1_2.departement,u1_2.entreprise_id,u1_2.fonction,u1_2.poste from users u1_0 left join candidates u1_1 on u1_0.id=u1_1.user_id left join recruiters u1_2 on u1_0.id=u1_2.user_id where u1_0.email=?
Hibernate: select count(n1_0.id) from notification n1_0 where n1_0.user_id=? and n1_0.lue=false
Hibernate: select u1_0.id,case when u1_1.user_id is not null then 1 when u1_2.user_id is not null then 2 when u1_0.id is not null then 0 end,u1_0.activation_token,u1_0.approval_status,u1_0.email,u1_0.email_verified,u1_0.nom,u1_0.password,u1_0.reset_password_token,u1_0.reset_password_token_expires_at,u1_0.role,u1_0.statut_compte,u1_1.adresse,u1_1.date_naissance,u1_1.description,u1_1.education_json,u1_1.experience,u1_1.facebook_url,u1_1.genre,u1_1.github_url,u1_1.instagram_url,u1_1.linkedin_url,u1_1.localisation,u1_1.num_telephone,u1_1.photo_couverture_nom,u1_1.photo_profil_nom,u1_1.poste_recherche,u1_1.profession,u1_1.skills_json,u1_2.departement,u1_2.entreprise_id,u1_2.fonction,u1_2.poste from users u1_0 left join candidates u1_1 on u1_0.id=u1_1.user_id left join recruiters u1_2 on u1_0.id=u1_2.user_id where u1_0.email=?
Hibernate: select u1_0.id,case when u1_1.user_id is not null then 1 when u1_2.user_id is not null then 2 when u1_0.id is not null then 0 end,u1_0.activation_token,u1_0.approval_status,u1_0.email,u1_0.email_verified,u1_0.nom,u1_0.password,u1_0.reset_password_token,u1_0.reset_password_token_expires_at,u1_0.role,u1_0.statut_compte,u1_1.adresse,u1_1.date_naissance,u1_1.description,u1_1.education_json,u1_1.experience,u1_1.facebook_url,u1_1.genre,u1_1.github_url,u1_1.instagram_url,u1_1.linkedin_url,u1_1.localisation,u1_1.num_telephone,u1_1.photo_couverture_nom,u1_1.photo_profil_nom,u1_1.poste_recherche,u1_1.profession,u1_1.skills_json,u1_2.departement,u1_2.entreprise_id,u1_2.fonction,u1_2.poste from users u1_0 left join candidates u1_1 on u1_0.id=u1_1.user_id left join recruiters u1_2 on u1_0.id=u1_2.user_id where u1_0.role=?
Hibernate: select u1_0.id,case when u1_1.user_id is not null then 1 when u1_2.user_id is not null then 2 when u1_0.id is not null then 0 end,u1_0.activation_token,u1_0.approval_status,u1_0.email,u1_0.email_verified,u1_0.nom,u1_0.password,u1_0.reset_password_token,u1_0.reset_password_token_expires_at,u1_0.role,u1_0.statut_compte,u1_1.adresse,u1_1.date_naissance,u1_1.description,u1_1.education_json,u1_1.experience,u1_1.facebook_url,u1_1.genre,u1_1.github_url,u1_1.instagram_url,u1_1.linkedin_url,u1_1.localisation,u1_1.num_telephone,u1_1.photo_couverture_nom,u1_1.photo_profil_nom,u1_1.poste_recherche,u1_1.profession,u1_1.skills_json,u1_2.departement,u1_2.entreprise_id,u1_2.fonction,u1_2.poste from users u1_0 left join candidates u1_1 on u1_0.id=u1_1.user_id left join recruiters u1_2 on u1_0.id=u1_2.user_id where u1_0.email=?
Hibernate: select u1_0.id,case when u1_1.user_id is not null then 1 when u1_2.user_id is not null then 2 when u1_0.id is not null then 0 end,u1_0.activation_token,u1_0.approval_status,u1_0.email,u1_0.email_verified,u1_0.nom,u1_0.password,u1_0.reset_password_token,u1_0.reset_password_token_expires_at,u1_0.role,u1_0.statut_compte,u1_1.adresse,u1_1.date_naissance,u1_1.description,u1_1.education_json,u1_1.experience,u1_1.facebook_url,u1_1.genre,u1_1.github_url,u1_1.instagram_url,u1_1.linkedin_url,u1_1.localisation,u1_1.num_telephone,u1_1.photo_couverture_nom,u1_1.photo_profil_nom,u1_1.poste_recherche,u1_1.profession,u1_1.skills_json,u1_2.departement,u1_2.entreprise_id,u1_2.fonction,u1_2.poste from users u1_0 left join candidates u1_1 on u1_0.id=u1_1.user_id left join recruiters u1_2 on u1_0.id=u1_2.user_id where u1_0.email=?
Hibernate: select u1_0.id,case when u1_1.user_id is not null then 1 when u1_2.user_id is not null then 2 when u1_0.id is not null then 0 end,u1_0.activation_token,u1_0.approval_status,u1_0.email,u1_0.email_verified,u1_0.nom,u1_0.password,u1_0.reset_password_token,u1_0.reset_password_token_expires_at,u1_0.role,u1_0.statut_compte,u1_1.adresse,u1_1.date_naissance,u1_1.description,u1_1.education_json,u1_1.experience,u1_1.facebook_url,u1_1.genre,u1_1.github_url,u1_1.instagram_url,u1_1.linkedin_url,u1_1.localisation,u1_1.num_telephone,u1_1.photo_couverture_nom,u1_1.photo_profil_nom,u1_1.poste_recherche,u1_1.profession,u1_1.skills_json,u1_2.departement,u1_2.entreprise_id,u1_2.fonction,u1_2.poste from users u1_0 left join candidates u1_1 on u1_0.id=u1_1.user_id left join recruiters u1_2 on u1_0.id=u1_2.user_id where u1_0.role=?
Hibernate: select u1_0.id,case when u1_1.user_id is not null then 1 when u1_2.user_id is not null then 2 when u1_0.id is not null then 0 end,u1_0.activation_token,u1_0.approval_status,u1_0.email,u1_0.email_verified,u1_0.nom,u1_0.password,u1_0.reset_password_token,u1_0.reset_password_token_expires_at,u1_0.role,u1_0.statut_compte,u1_1.adresse,u1_1.date_naissance,u1_1.description,u1_1.education_json,u1_1.experience,u1_1.facebook_url,u1_1.genre,u1_1.github_url,u1_1.instagram_url,u1_1.linkedin_url,u1_1.localisation,u1_1.num_telephone,u1_1.photo_couverture_nom,u1_1.photo_profil_nom,u1_1.poste_recherche,u1_1.profession,u1_1.skills_json,u1_2.departement,u1_2.entreprise_id,u1_2.fonction,u1_2.poste from users u1_0 left join candidates u1_1 on u1_0.id=u1_1.user_id left join recruiters u1_2 on u1_0.id=u1_2.user_id where u1_0.email=?
Hibernate: select count(n1_0.id) from notification n1_0 where n1_0.user_id=? and n1_0.lue=false
Hibernate: select u1_0.id,case when u1_1.user_id is not null then 1 when u1_2.user_id is not null then 2 when u1_0.id is not null then 0 end,u1_0.activation_token,u1_0.approval_status,u1_0.email,u1_0.email_verified,u1_0.nom,u1_0.password,u1_0.reset_password_token,u1_0.reset_password_token_expires_at,u1_0.role,u1_0.statut_compte,u1_1.adresse,u1_1.date_naissance,u1_1.description,u1_1.education_json,u1_1.experience,u1_1.facebook_url,u1_1.genre,u1_1.github_url,u1_1.instagram_url,u1_1.linkedin_url,u1_1.localisation,u1_1.num_telephone,u1_1.photo_couverture_nom,u1_1.photo_profil_nom,u1_1.poste_recherche,u1_1.profession,u1_1.skills_json,u1_2.departement,u1_2.entreprise_id,u1_2.fonction,u1_2.poste from users u1_0 left join candidates u1_1 on u1_0.id=u1_1.user_id left join recruiters u1_2 on u1_0.id=u1_2.user_id where u1_0.email=?
Hibernate: select u1_0.id,case when u1_1.user_id is not null then 1 when u1_2.user_id is not null then 2 when u1_0.id is not null then 0 end,u1_0.activation_token,u1_0.approval_status,u1_0.email,u1_0.email_verified,u1_0.nom,u1_0.password,u1_0.reset_password_token,u1_0.reset_password_token_expires_at,u1_0.role,u1_0.statut_compte,u1_1.adresse,u1_1.date_naissance,u1_1.description,u1_1.education_json,u1_1.experience,u1_1.facebook_url,u1_1.genre,u1_1.github_url,u1_1.instagram_url,u1_1.linkedin_url,u1_1.localisation,u1_1.num_telephone,u1_1.photo_couverture_nom,u1_1.photo_profil_nom,u1_1.poste_recherche,u1_1.profession,u1_1.skills_json,u1_2.departement,u1_2.entreprise_id,u1_2.fonction,u1_2.poste from users u1_0 left join candidates u1_1 on u1_0.id=u1_1.user_id left join recruiters u1_2 on u1_0.id=u1_2.user_id where u1_0.email=?
Hibernate: select count(n1_0.id) from notification n1_0 where n1_0.user_id=? and n1_0.lue=false
Hibernate: select u1_0.id,case when u1_1.user_id is not null then 1 when u1_2.user_id is not null then 2 when u1_0.id is not null then 0 end,u1_0.activation_token,u1_0.approval_status,u1_0.email,u1_0.email_verified,u1_0.nom,u1_0.password,u1_0.reset_password_token,u1_0.reset_password_token_expires_at,u1_0.role,u1_0.statut_compte,u1_1.adresse,u1_1.date_naissance,u1_1.description,u1_1.education_json,u1_1.experience,u1_1.facebook_url,u1_1.genre,u1_1.github_url,u1_1.instagram_url,u1_1.linkedin_url,u1_1.localisation,u1_1.num_telephone,u1_1.photo_couverture_nom,u1_1.photo_profil_nom,u1_1.poste_recherche,u1_1.profession,u1_1.skills_json,u1_2.departement,u1_2.entreprise_id,u1_2.fonction,u1_2.poste from users u1_0 left join candidates u1_1 on u1_0.id=u1_1.user_id left join recruiters u1_2 on u1_0.id=u1_2.user_id where u1_0.email=?
Hibernate: select u1_0.id,case when u1_1.user_id is not null then 1 when u1_2.user_id is not null then 2 when u1_0.id is not null then 0 end,u1_0.activation_token,u1_0.approval_status,u1_0.email,u1_0.email_verified,u1_0.nom,u1_0.password,u1_0.reset_password_token,u1_0.reset_password_token_expires_at,u1_0.role,u1_0.statut_compte,u1_1.adresse,u1_1.date_naissance,u1_1.description,u1_1.education_json,u1_1.experience,u1_1.facebook_url,u1_1.genre,u1_1.github_url,u1_1.instagram_url,u1_1.linkedin_url,u1_1.localisation,u1_1.num_telephone,u1_1.photo_couverture_nom,u1_1.photo_profil_nom,u1_1.poste_recherche,u1_1.profession,u1_1.skills_json,u1_2.departement,u1_2.entreprise_id,u1_2.fonction,u1_2.poste from users u1_0 left join candidates u1_1 on u1_0.id=u1_1.user_id left join recruiters u1_2 on u1_0.id=u1_2.user_id where u1_0.email=?
Hibernate: select u1_0.id,case when u1_1.user_id is not null then 1 when u1_2.user_id is not null then 2 when u1_0.id is not null then 0 end,u1_0.activation_token,u1_0.approval_status,u1_0.email,u1_0.email_verified,u1_0.nom,u1_0.password,u1_0.reset_password_token,u1_0.reset_password_token_expires_at,u1_0.role,u1_0.statut_compte,u1_1.adresse,u1_1.date_naissance,u1_1.description,u1_1.education_json,u1_1.experience,u1_1.facebook_url,u1_1.genre,u1_1.github_url,u1_1.instagram_url,u1_1.linkedin_url,u1_1.localisation,u1_1.num_telephone,u1_1.photo_couverture_nom,u1_1.photo_profil_nom,u1_1.poste_recherche,u1_1.profession,u1_1.skills_json,u1_2.departement,u1_2.entreprise_id,u1_2.fonction,u1_2.poste from users u1_0 left join candidates u1_1 on u1_0.id=u1_1.user_id left join recruiters u1_2 on u1_0.id=u1_2.user_id where u1_0.email=?
Hibernate: select u1_0.id,case when u1_1.user_id is not null then 1 when u1_2.user_id is not null then 2 when u1_0.id is not null then 0 end,u1_0.activation_token,u1_0.approval_status,u1_0.email,u1_0.email_verified,u1_0.nom,u1_0.password,u1_0.reset_password_token,u1_0.reset_password_token_expires_at,u1_0.role,u1_0.statut_compte,u1_1.adresse,u1_1.date_naissance,u1_1.description,u1_1.education_json,u1_1.experience,u1_1.facebook_url,u1_1.genre,u1_1.github_url,u1_1.instagram_url,u1_1.linkedin_url,u1_1.localisation,u1_1.num_telephone,u1_1.photo_couverture_nom,u1_1.photo_profil_nom,u1_1.poste_recherche,u1_1.profession,u1_1.skills_json,u1_2.departement,u1_2.entreprise_id,u1_2.fonction,u1_2.poste from users u1_0 left join candidates u1_1 on u1_0.id=u1_1.user_id left join recruiters u1_2 on u1_0.id=u1_2.user_id where u1_0.email=?
Hibernate: select u1_0.id,case when u1_1.user_id is not null then 1 when u1_2.user_id is not null then 2 when u1_0.id is not null then 0 end,u1_0.activation_token,u1_0.approval_status,u1_0.email,u1_0.email_verified,u1_0.nom,u1_0.password,u1_0.reset_password_token,u1_0.reset_password_token_expires_at,u1_0.role,u1_0.statut_compte,u1_1.adresse,u1_1.date_naissance,u1_1.description,u1_1.education_json,u1_1.experience,u1_1.facebook_url,u1_1.genre,u1_1.github_url,u1_1.instagram_url,u1_1.linkedin_url,u1_1.localisation,u1_1.num_telephone,u1_1.photo_couverture_nom,u1_1.photo_profil_nom,u1_1.poste_recherche,u1_1.profession,u1_1.skills_json,u1_2.departement,u1_2.entreprise_id,u1_2.fonction,u1_2.poste from users u1_0 left join candidates u1_1 on u1_0.id=u1_1.user_id left join recruiters u1_2 on u1_0.id=u1_2.user_id where u1_0.role=?
Hibernate: select u1_0.id,case when u1_1.user_id is not null then 1 when u1_2.user_id is not null then 2 when u1_0.id is not null then 0 end,u1_0.activation_token,u1_0.approval_status,u1_0.email,u1_0.email_verified,u1_0.nom,u1_0.password,u1_0.reset_password_token,u1_0.reset_password_token_expires_at,u1_0.role,u1_0.statut_compte,u1_1.adresse,u1_1.date_naissance,u1_1.description,u1_1.education_json,u1_1.experience,u1_1.facebook_url,u1_1.genre,u1_1.github_url,u1_1.instagram_url,u1_1.linkedin_url,u1_1.localisation,u1_1.num_telephone,u1_1.photo_couverture_nom,u1_1.photo_profil_nom,u1_1.poste_recherche,u1_1.profession,u1_1.skills_json,u1_2.departement,u1_2.entreprise_id,u1_2.fonction,u1_2.poste from users u1_0 left join candidates u1_1 on u1_0.id=u1_1.user_id left join recruiters u1_2 on u1_0.id=u1_2.user_id where u1_0.email=?
Hibernate: select count(n1_0.id) from notification n1_0 where n1_0.user_id=? and n1_0.lue=false
Hibernate: select count(n1_0.id) from notification n1_0 where n1_0.user_id=? and n1_0.lue=false
Hibernate: select u1_0.id,case when u1_1.user_id is not null then 1 when u1_2.user_id is not null then 2 when u1_0.id is not null then 0 end,u1_0.activation_token,u1_0.approval_status,u1_0.email,u1_0.email_verified,u1_0.nom,u1_0.password,u1_0.reset_password_token,u1_0.reset_password_token_expires_at,u1_0.role,u1_0.statut_compte,u1_1.adresse,u1_1.date_naissance,u1_1.description,u1_1.education_json,u1_1.experience,u1_1.facebook_url,u1_1.genre,u1_1.github_url,u1_1.instagram_url,u1_1.linkedin_url,u1_1.localisation,u1_1.num_telephone,u1_1.photo_couverture_nom,u1_1.photo_profil_nom,u1_1.poste_recherche,u1_1.profession,u1_1.skills_json,u1_2.departement,u1_2.entreprise_id,u1_2.fonction,u1_2.poste from users u1_0 left join candidates u1_1 on u1_0.id=u1_1.user_id left join recruiters u1_2 on u1_0.id=u1_2.user_id where u1_0.email=?
Hibernate: select u1_0.id,case when u1_1.user_id is not null then 1 when u1_2.user_id is not null then 2 when u1_0.id is not null then 0 end,u1_0.activation_token,u1_0.approval_status,u1_0.email,u1_0.email_verified,u1_0.nom,u1_0.password,u1_0.reset_password_token,u1_0.reset_password_token_expires_at,u1_0.role,u1_0.statut_compte,u1_1.adresse,u1_1.date_naissance,u1_1.description,u1_1.education_json,u1_1.experience,u1_1.facebook_url,u1_1.genre,u1_1.github_url,u1_1.instagram_url,u1_1.linkedin_url,u1_1.localisation,u1_1.num_telephone,u1_1.photo_couverture_nom,u1_1.photo_profil_nom,u1_1.poste_recherche,u1_1.profession,u1_1.skills_json,u1_2.departement,e1_0.id_entreprise,e1_0.abonnement_actif,e1_0.adresse,e1_0.description,e1_0.email,e1_0.nom_entreprise,e1_0.secteur,e1_0.site_web,u1_2.fonction,u1_2.poste from users u1_0 left join candidates u1_1 on u1_0.id=u1_1.user_id left join recruiters u1_2 on u1_0.id=u1_2.user_id left join entreprises e1_0 on e1_0.id_entreprise=u1_2.entreprise_id where u1_0.id=?
Hibernate: select n1_0.id,n1_0.date_envoi,n1_0.lue,n1_0.message,n1_0.user_id from notification n1_0 where n1_0.user_id=?
2026-04-08T22:45:02.965+01:00 ERROR 7788 --- [Recrutement] [nio-8081-exec-5] o.a.c.c.C.[.[.[/].[dispatcherServlet]    : Servlet.service() for servlet [dispatcherServlet] in context with path [] threw exception [Request processing failed: org.springframework.dao.InvalidDataAccessApiUsageException: No EntityManager with actual transaction available for current thread - cannot reliably process 'remove' call] with root cause

jakarta.persistence.TransactionRequiredException: No EntityManager with actual transaction available for current thread - cannot reliably process 'remove' call
	at org.springframework.orm.jpa.SharedEntityManagerCreator$SharedEntityManagerInvocationHandler.invoke(SharedEntityManagerCreator.java:301) ~[spring-orm-7.0.3.jar:7.0.3]
	at jdk.proxy2/jdk.proxy2.$Proxy134.remove(Unknown Source) ~[na:na]
	at org.springframework.data.jpa.repository.query.JpaQueryExecution$DeleteExecution.doExecute(JpaQueryExecution.java:419) ~[spring-data-jpa-4.0.2.jar:4.0.2]
	at org.springframework.data.jpa.repository.query.JpaQueryExecution.execute(JpaQueryExecution.java:99) ~[spring-data-jpa-4.0.2.jar:4.0.2]
	at org.springframework.data.jpa.repository.query.AbstractJpaQuery.doExecute(AbstractJpaQuery.java:164) ~[spring-data-jpa-4.0.2.jar:4.0.2]
	at org.springframework.data.jpa.repository.query.AbstractJpaQuery.execute(AbstractJpaQuery.java:154) ~[spring-data-jpa-4.0.2.jar:4.0.2]
	at org.springframework.data.repository.core.support.RepositoryMethodInvoker.doInvoke(RepositoryMethodInvoker.java:169) ~[spring-data-commons-4.0.2.jar:4.0.2]
	at org.springframework.data.repository.core.support.RepositoryMethodInvoker.invoke(RepositoryMethodInvoker.java:158) ~[spring-data-commons-4.0.2.jar:4.0.2]
	at org.springframework.data.repository.core.support.QueryExecutorMethodInterceptor.doInvoke(QueryExecutorMethodInterceptor.java:167) ~[spring-data-commons-4.0.2.jar:4.0.2]
	at org.springframework.data.repository.core.support.QueryExecutorMethodInterceptor.invoke(QueryExecutorMethodInterceptor.java:146) ~[spring-data-commons-4.0.2.jar:4.0.2]
	at org.springframework.aop.framework.ReflectiveMethodInvocation.proceed(ReflectiveMethodInvocation.java:179) ~[spring-aop-7.0.3.jar:7.0.3]
	at org.springframework.data.projection.DefaultMethodInvokingMethodInterceptor.invoke(DefaultMethodInvokingMethodInterceptor.java:69) ~[spring-data-commons-4.0.2.jar:4.0.2]
	at org.springframework.aop.framework.ReflectiveMethodInvocation.proceed(ReflectiveMethodInvocation.java:179) ~[spring-aop-7.0.3.jar:7.0.3]
	at org.springframework.transaction.interceptor.TransactionInterceptor$1.proceedWithInvocation(TransactionInterceptor.java:133) ~[spring-tx-7.0.3.jar:7.0.3]
	at org.springframework.transaction.interceptor.TransactionAspectSupport.invokeWithinTransaction(TransactionAspectSupport.java:371) ~[spring-tx-7.0.3.jar:7.0.3]
	at org.springframework.transaction.interceptor.TransactionInterceptor.invoke(TransactionInterceptor.java:130) ~[spring-tx-7.0.3.jar:7.0.3]
	at org.springframework.aop.framework.ReflectiveMethodInvocation.proceed(ReflectiveMethodInvocation.java:179) ~[spring-aop-7.0.3.jar:7.0.3]
	at org.springframework.dao.support.PersistenceExceptionTranslationInterceptor.invoke(PersistenceExceptionTranslationInterceptor.java:135) ~[spring-tx-7.0.3.jar:7.0.3]
	at org.springframework.aop.framework.ReflectiveMethodInvocation.proceed(ReflectiveMethodInvocation.java:179) ~[spring-aop-7.0.3.jar:7.0.3]
	at org.springframework.data.jpa.repository.support.CrudMethodMetadataPostProcessor$CrudMethodMetadataPopulatingMethodInterceptor.invoke(CrudMethodMetadataPostProcessor.java:137) ~[spring-data-jpa-4.0.2.jar:4.0.2]
	at org.springframework.aop.framework.ReflectiveMethodInvocation.proceed(ReflectiveMethodInvocation.java:179) ~[spring-aop-7.0.3.jar:7.0.3]
	at org.springframework.aop.framework.JdkDynamicAopProxy.invoke(JdkDynamicAopProxy.java:222) ~[spring-aop-7.0.3.jar:7.0.3]
	at jdk.proxy2/jdk.proxy2.$Proxy144.deleteByUser(Unknown Source) ~[na:na]
	at com.recrutement.recrutement.service.Impl.NotificationServiceImpl.clearNotificationsForUser(NotificationServiceImpl.java:103) ~[classes/:na]
	at com.recrutement.recrutement.service.Impl.AuthServiceImpl.deleteRecruiterAccount(AuthServiceImpl.java:455) ~[classes/:na]
	at com.recrutement.recrutement.controller.AdminController.deleteRecruiter(AdminController.java:45) ~[classes/:na]
	at java.base/jdk.internal.reflect.DirectMethodHandleAccessor.invoke(DirectMethodHandleAccessor.java:104) ~[na:na]
	at java.base/java.lang.reflect.Method.invoke(Method.java:565) ~[na:na]
	at org.springframework.web.method.support.InvocableHandlerMethod.doInvoke(InvocableHandlerMethod.java:258) ~[spring-web-7.0.3.jar:7.0.3]
	at org.springframework.web.method.support.InvocableHandlerMethod.invokeForRequest(InvocableHandlerMethod.java:190) ~[spring-web-7.0.3.jar:7.0.3]
	at org.springframework.web.servlet.mvc.method.annotation.ServletInvocableHandlerMethod.invokeAndHandle(ServletInvocableHandlerMethod.java:117) ~[spring-webmvc-7.0.3.jar:7.0.3]
	at org.springframework.web.servlet.mvc.method.annotation.RequestMappingHandlerAdapter.invokeHandlerMethod(RequestMappingHandlerAdapter.java:934) ~[spring-webmvc-7.0.3.jar:7.0.3]
	at org.springframework.web.servlet.mvc.method.annotation.RequestMappingHandlerAdapter.handleInternal(RequestMappingHandlerAdapter.java:853) ~[spring-webmvc-7.0.3.jar:7.0.3]
	at org.springframework.web.servlet.mvc.method.AbstractHandlerMethodAdapter.handle(AbstractHandlerMethodAdapter.java:86) ~[spring-webmvc-7.0.3.jar:7.0.3]
	at org.springframework.web.servlet.DispatcherServlet.doDispatch(DispatcherServlet.java:963) ~[spring-webmvc-7.0.3.jar:7.0.3]
	at org.springframework.web.servlet.DispatcherServlet.doService(DispatcherServlet.java:866) ~[spring-webmvc-7.0.3.jar:7.0.3]
	at org.springframework.web.servlet.FrameworkServlet.processRequest(FrameworkServlet.java:1003) ~[spring-webmvc-7.0.3.jar:7.0.3]
	at org.springframework.web.servlet.FrameworkServlet.doDelete(FrameworkServlet.java:925) ~[spring-webmvc-7.0.3.jar:7.0.3]
	at jakarta.servlet.http.HttpServlet.service(HttpServlet.java:651) ~[tomcat-embed-core-11.0.15.jar:6.1]
	at org.springframework.web.servlet.FrameworkServlet.service(FrameworkServlet.java:874) ~[spring-webmvc-7.0.3.jar:7.0.3]
	at jakarta.servlet.http.HttpServlet.service(HttpServlet.java:710) ~[tomcat-embed-core-11.0.15.jar:6.1]
	at org.apache.catalina.core.ApplicationFilterChain.doFilter(ApplicationFilterChain.java:128) ~[tomcat-embed-core-11.0.15.jar:11.0.15]
	at org.apache.tomcat.websocket.server.WsFilter.doFilter(WsFilter.java:53) ~[tomcat-embed-websocket-11.0.15.jar:11.0.15]
	at org.apache.catalina.core.ApplicationFilterChain.doFilter(ApplicationFilterChain.java:107) ~[tomcat-embed-core-11.0.15.jar:11.0.15]
	at org.springframework.web.filter.OncePerRequestFilter.doFilter(OncePerRequestFilter.java:110) ~[spring-web-7.0.3.jar:7.0.3]
	at org.apache.catalina.core.ApplicationFilterChain.doFilter(ApplicationFilterChain.java:107) ~[tomcat-embed-core-11.0.15.jar:11.0.15]
	at org.springframework.web.filter.CompositeFilter$VirtualFilterChain.doFilter(CompositeFilter.java:108) ~[spring-web-7.0.3.jar:7.0.3]
	at org.springframework.security.web.FilterChainProxy.lambda$doFilterInternal$3(FilterChainProxy.java:235) ~[spring-security-web-7.0.2.jar:7.0.2]
	at org.springframework.security.web.FilterChainProxy$VirtualFilterChain.doFilter(FilterChainProxy.java:371) ~[spring-security-web-7.0.2.jar:7.0.2]
	at org.springframework.security.web.access.intercept.AuthorizationFilter.doFilter(AuthorizationFilter.java:101) ~[spring-security-web-7.0.2.jar:7.0.2]
	at org.springframework.security.web.FilterChainProxy$VirtualFilterChain.doFilter(FilterChainProxy.java:380) ~[spring-security-web-7.0.2.jar:7.0.2]
	at org.springframework.security.web.access.ExceptionTranslationFilter.doFilter(ExceptionTranslationFilter.java:126) ~[spring-security-web-7.0.2.jar:7.0.2]
	at org.springframework.security.web.access.ExceptionTranslationFilter.doFilter(ExceptionTranslationFilter.java:120) ~[spring-security-web-7.0.2.jar:7.0.2]
	at org.springframework.security.web.FilterChainProxy$VirtualFilterChain.doFilter(FilterChainProxy.java:380) ~[spring-security-web-7.0.2.jar:7.0.2]
	at org.springframework.security.web.session.SessionManagementFilter.doFilter(SessionManagementFilter.java:132) ~[spring-security-web-7.0.2.jar:7.0.2]
	at org.springframework.security.web.session.SessionManagementFilter.doFilter(SessionManagementFilter.java:86) ~[spring-security-web-7.0.2.jar:7.0.2]
	at org.springframework.security.web.FilterChainProxy$VirtualFilterChain.doFilter(FilterChainProxy.java:380) ~[spring-security-web-7.0.2.jar:7.0.2]
	at org.springframework.security.web.authentication.AnonymousAuthenticationFilter.doFilter(AnonymousAuthenticationFilter.java:100) ~[spring-security-web-7.0.2.jar:7.0.2]
	at org.springframework.security.web.FilterChainProxy$VirtualFilterChain.doFilter(FilterChainProxy.java:380) ~[spring-security-web-7.0.2.jar:7.0.2]
	at org.springframework.security.web.servletapi.SecurityContextHolderAwareRequestFilter.doFilter(SecurityContextHolderAwareRequestFilter.java:181) ~[spring-security-web-7.0.2.jar:7.0.2]
	at org.springframework.security.web.FilterChainProxy$VirtualFilterChain.doFilter(FilterChainProxy.java:380) ~[spring-security-web-7.0.2.jar:7.0.2]
	at org.springframework.security.web.savedrequest.RequestCacheAwareFilter.doFilter(RequestCacheAwareFilter.java:63) ~[spring-security-web-7.0.2.jar:7.0.2]
	at org.springframework.security.web.FilterChainProxy$VirtualFilterChain.doFilter(FilterChainProxy.java:380) ~[spring-security-web-7.0.2.jar:7.0.2]
	at com.recrutement.recrutement.security.JwtAuthentificationFilter.doFilterInternal(JwtAuthentificationFilter.java:70) ~[classes/:na]
	at org.springframework.web.filter.OncePerRequestFilter.doFilter(OncePerRequestFilter.java:116) ~[spring-web-7.0.3.jar:7.0.3]
	at org.springframework.security.web.FilterChainProxy$VirtualFilterChain.doFilter(FilterChainProxy.java:380) ~[spring-security-web-7.0.2.jar:7.0.2]
	at org.springframework.security.web.authentication.logout.LogoutFilter.doFilter(LogoutFilter.java:110) ~[spring-security-web-7.0.2.jar:7.0.2]
	at org.springframework.security.web.authentication.logout.LogoutFilter.doFilter(LogoutFilter.java:96) ~[spring-security-web-7.0.2.jar:7.0.2]
	at org.springframework.security.web.FilterChainProxy$VirtualFilterChain.doFilter(FilterChainProxy.java:380) ~[spring-security-web-7.0.2.jar:7.0.2]
	at org.springframework.web.filter.CorsFilter.doFilterInternal(CorsFilter.java:91) ~[spring-web-7.0.3.jar:7.0.3]
	at org.springframework.web.filter.OncePerRequestFilter.doFilter(OncePerRequestFilter.java:116) ~[spring-web-7.0.3.jar:7.0.3]
	at org.springframework.security.web.FilterChainProxy$VirtualFilterChain.doFilter(FilterChainProxy.java:380) ~[spring-security-web-7.0.2.jar:7.0.2]
	at org.springframework.security.web.header.HeaderWriterFilter.doHeadersAfter(HeaderWriterFilter.java:90) ~[spring-security-web-7.0.2.jar:7.0.2]
	at org.springframework.security.web.header.HeaderWriterFilter.doFilterInternal(HeaderWriterFilter.java:75) ~[spring-security-web-7.0.2.jar:7.0.2]
	at org.springframework.web.filter.OncePerRequestFilter.doFilter(OncePerRequestFilter.java:116) ~[spring-web-7.0.3.jar:7.0.3]
	at org.springframework.security.web.FilterChainProxy$VirtualFilterChain.doFilter(FilterChainProxy.java:380) ~[spring-security-web-7.0.2.jar:7.0.2]
	at org.springframework.security.web.context.SecurityContextHolderFilter.doFilter(SecurityContextHolderFilter.java:82) ~[spring-security-web-7.0.2.jar:7.0.2]
	at org.springframework.security.web.context.SecurityContextHolderFilter.doFilter(SecurityContextHolderFilter.java:69) ~[spring-security-web-7.0.2.jar:7.0.2]
	at org.springframework.security.web.FilterChainProxy$VirtualFilterChain.doFilter(FilterChainProxy.java:380) ~[spring-security-web-7.0.2.jar:7.0.2]
	at org.springframework.security.web.context.request.async.WebAsyncManagerIntegrationFilter.doFilterInternal(WebAsyncManagerIntegrationFilter.java:62) ~[spring-security-web-7.0.2.jar:7.0.2]
	at org.springframework.web.filter.OncePerRequestFilter.doFilter(OncePerRequestFilter.java:116) ~[spring-web-7.0.3.jar:7.0.3]
	at org.springframework.security.web.FilterChainProxy$VirtualFilterChain.doFilter(FilterChainProxy.java:380) ~[spring-security-web-7.0.2.jar:7.0.2]
	at org.springframework.security.web.session.DisableEncodeUrlFilter.doFilterInternal(DisableEncodeUrlFilter.java:42) ~[spring-security-web-7.0.2.jar:7.0.2]
	at org.springframework.web.filter.OncePerRequestFilter.doFilter(OncePerRequestFilter.java:116) ~[spring-web-7.0.3.jar:7.0.3]
	at org.springframework.security.web.FilterChainProxy$VirtualFilterChain.doFilter(FilterChainProxy.java:380) ~[spring-security-web-7.0.2.jar:7.0.2]
	at org.springframework.security.web.FilterChainProxy.doFilterInternal(FilterChainProxy.java:237) ~[spring-security-web-7.0.2.jar:7.0.2]
	at org.springframework.security.web.FilterChainProxy.doFilter(FilterChainProxy.java:195) ~[spring-security-web-7.0.2.jar:7.0.2]
	at org.springframework.web.filter.CompositeFilter$VirtualFilterChain.doFilter(CompositeFilter.java:113) ~[spring-web-7.0.3.jar:7.0.3]
	at org.springframework.web.filter.ServletRequestPathFilter.doFilter(ServletRequestPathFilter.java:52) ~[spring-web-7.0.3.jar:7.0.3]
	at org.springframework.web.filter.CompositeFilter$VirtualFilterChain.doFilter(CompositeFilter.java:113) ~[spring-web-7.0.3.jar:7.0.3]
	at org.springframework.web.filter.CompositeFilter.doFilter(CompositeFilter.java:74) ~[spring-web-7.0.3.jar:7.0.3]
	at org.springframework.security.config.annotation.web.configuration.WebSecurityConfiguration$CompositeFilterChainProxy.doFilter(WebSecurityConfiguration.java:317) ~[spring-security-config-7.0.2.jar:7.0.2]
	at org.springframework.web.filter.DelegatingFilterProxy.invokeDelegate(DelegatingFilterProxy.java:355) ~[spring-web-7.0.3.jar:7.0.3]
	at org.springframework.web.filter.DelegatingFilterProxy.doFilter(DelegatingFilterProxy.java:272) ~[spring-web-7.0.3.jar:7.0.3]
	at org.apache.catalina.core.ApplicationFilterChain.doFilter(ApplicationFilterChain.java:107) ~[tomcat-embed-core-11.0.15.jar:11.0.15]
	at org.springframework.web.filter.RequestContextFilter.doFilterInternal(RequestContextFilter.java:100) ~[spring-web-7.0.3.jar:7.0.3]
	at org.springframework.web.filter.OncePerRequestFilter.doFilter(OncePerRequestFilter.java:116) ~[spring-web-7.0.3.jar:7.0.3]
	at org.apache.catalina.core.ApplicationFilterChain.doFilter(ApplicationFilterChain.java:107) ~[tomcat-embed-core-11.0.15.jar:11.0.15]
	at org.springframework.web.filter.FormContentFilter.doFilterInternal(FormContentFilter.java:93) ~[spring-web-7.0.3.jar:7.0.3]
	at org.springframework.web.filter.OncePerRequestFilter.doFilter(OncePerRequestFilter.java:116) ~[spring-web-7.0.3.jar:7.0.3]
	at org.apache.catalina.core.ApplicationFilterChain.doFilter(ApplicationFilterChain.java:107) ~[tomcat-embed-core-11.0.15.jar:11.0.15]
	at org.springframework.web.filter.CharacterEncodingFilter.doFilterInternal(CharacterEncodingFilter.java:199) ~[spring-web-7.0.3.jar:7.0.3]
	at org.springframework.web.filter.OncePerRequestFilter.doFilter(OncePerRequestFilter.java:116) ~[spring-web-7.0.3.jar:7.0.3]
	at org.apache.catalina.core.ApplicationFilterChain.doFilter(ApplicationFilterChain.java:107) ~[tomcat-embed-core-11.0.15.jar:11.0.15]
	at org.apache.catalina.core.StandardWrapperValve.invoke(StandardWrapperValve.java:165) ~[tomcat-embed-core-11.0.15.jar:11.0.15]
	at org.apache.catalina.core.StandardContextValve.invoke(StandardContextValve.java:77) ~[tomcat-embed-core-11.0.15.jar:11.0.15]
	at org.apache.catalina.authenticator.AuthenticatorBase.invoke(AuthenticatorBase.java:482) ~[tomcat-embed-core-11.0.15.jar:11.0.15]
	at org.apache.catalina.core.StandardHostValve.invoke(StandardHostValve.java:113) ~[tomcat-embed-core-11.0.15.jar:11.0.15]
	at org.apache.catalina.valves.ErrorReportValve.invoke(ErrorReportValve.java:83) ~[tomcat-embed-core-11.0.15.jar:11.0.15]
	at org.apache.catalina.core.StandardEngineValve.invoke(StandardEngineValve.java:72) ~[tomcat-embed-core-11.0.15.jar:11.0.15]
	at org.apache.catalina.connector.CoyoteAdapter.service(CoyoteAdapter.java:341) ~[tomcat-embed-core-11.0.15.jar:11.0.15]
	at org.apache.coyote.http11.Http11Processor.service(Http11Processor.java:397) ~[tomcat-embed-core-11.0.15.jar:11.0.15]
	at org.apache.coyote.AbstractProcessorLight.process(AbstractProcessorLight.java:63) ~[tomcat-embed-core-11.0.15.jar:11.0.15]
	at org.apache.coyote.AbstractProtocol$ConnectionHandler.process(AbstractProtocol.java:903) ~[tomcat-embed-core-11.0.15.jar:11.0.15]
	at org.apache.tomcat.util.net.NioEndpoint$SocketProcessor.doRun(NioEndpoint.java:1778) ~[tomcat-embed-core-11.0.15.jar:11.0.15]
	at org.apache.tomcat.util.net.SocketProcessorBase.run(SocketProcessorBase.java:52) ~[tomcat-embed-core-11.0.15.jar:11.0.15]
	at org.apache.tomcat.util.threads.ThreadPoolExecutor.runWorker(ThreadPoolExecutor.java:946) ~[tomcat-embed-core-11.0.15.jar:11.0.15]
	at org.apache.tomcat.util.threads.ThreadPoolExecutor$Worker.run(ThreadPoolExecutor.java:480) ~[tomcat-embed-core-11.0.15.jar:11.0.15]
	at org.apache.tomcat.util.threads.TaskThread$WrappingRunnable.run(TaskThread.java:57) ~[tomcat-embed-core-11.0.15.jar:11.0.15]
	at java.base/java.lang.Thread.run(Thread.java:1474) ~[na:na]

Hibernate: select u1_0.id,case when u1_1.user_id is not null then 1 when u1_2.user_id is not null then 2 when u1_0.id is not null then 0 end,u1_0.activation_token,u1_0.approval_status,u1_0.email,u1_0.email_verified,u1_0.nom,u1_0.password,u1_0.reset_password_token,u1_0.reset_password_token_expires_at,u1_0.role,u1_0.statut_compte,u1_1.adresse,u1_1.date_naissance,u1_1.description,u1_1.education_json,u1_1.experience,u1_1.facebook_url,u1_1.genre,u1_1.github_url,u1_1.instagram_url,u1_1.linkedin_url,u1_1.localisation,u1_1.num_telephone,u1_1.photo_couverture_nom,u1_1.photo_profil_nom,u1_1.poste_recherche,u1_1.profession,u1_1.skills_json,u1_2.departement,u1_2.entreprise_id,u1_2.fonction,u1_2.poste from users u1_0 left join candidates u1_1 on u1_0.id=u1_1.user_id left join recruiters u1_2 on u1_0.id=u1_2.user_id where u1_0.email=?
Hibernate: select u1_0.id,case when u1_1.user_id is not null then 1 when u1_2.user_id is not null then 2 when u1_0.id is not null then 0 end,u1_0.activation_token,u1_0.approval_status,u1_0.email,u1_0.email_verified,u1_0.nom,u1_0.password,u1_0.reset_password_token,u1_0.reset_password_token_expires_at,u1_0.role,u1_0.statut_compte,u1_1.adresse,u1_1.date_naissance,u1_1.description,u1_1.education_json,u1_1.experience,u1_1.facebook_url,u1_1.genre,u1_1.github_url,u1_1.instagram_url,u1_1.linkedin_url,u1_1.localisation,u1_1.num_telephone,u1_1.photo_couverture_nom,u1_1.photo_profil_nom,u1_1.poste_recherche,u1_1.profession,u1_1.skills_json,u1_2.departement,u1_2.entreprise_id,u1_2.fonction,u1_2.poste from users u1_0 left join candidates u1_1 on u1_0.id=u1_1.user_id left join recruiters u1_2 on u1_0.id=u1_2.user_id where u1_0.email=?
Hibernate: select u1_0.id,case when u1_1.user_id is not null then 1 when u1_2.user_id is not null then 2 when u1_0.id is not null then 0 end,u1_0.activation_token,u1_0.approval_status,u1_0.email,u1_0.email_verified,u1_0.nom,u1_0.password,u1_0.reset_password_token,u1_0.reset_password_token_expires_at,u1_0.role,u1_0.statut_compte,u1_1.adresse,u1_1.date_naissance,u1_1.description,u1_1.education_json,u1_1.experience,u1_1.facebook_url,u1_1.genre,u1_1.github_url,u1_1.instagram_url,u1_1.linkedin_url,u1_1.localisation,u1_1.num_telephone,u1_1.photo_couverture_nom,u1_1.photo_profil_nom,u1_1.poste_recherche,u1_1.profession,u1_1.skills_json,u1_2.departement,u1_2.entreprise_id,u1_2.fonction,u1_2.poste from users u1_0 left join candidates u1_1 on u1_0.id=u1_1.user_id left join recruiters u1_2 on u1_0.id=u1_2.user_id where u1_0.email=?
Hibernate: select count(n1_0.id) from notification n1_0 where n1_0.user_id=? and n1_0.lue=false
Hibernate: select u1_0.id,case when u1_1.user_id is not null then 1 when u1_2.user_id is not null then 2 when u1_0.id is not null then 0 end,u1_0.activation_token,u1_0.approval_status,u1_0.email,u1_0.email_verified,u1_0.nom,u1_0.password,u1_0.reset_password_token,u1_0.reset_password_token_expires_at,u1_0.role,u1_0.statut_compte,u1_1.adresse,u1_1.date_naissance,u1_1.description,u1_1.education_json,u1_1.experience,u1_1.facebook_url,u1_1.genre,u1_1.github_url,u1_1.instagram_url,u1_1.linkedin_url,u1_1.localisation,u1_1.num_telephone,u1_1.photo_couverture_nom,u1_1.photo_profil_nom,u1_1.poste_recherche,u1_1.profession,u1_1.skills_json,u1_2.departement,u1_2.entreprise_id,u1_2.fonction,u1_2.poste from users u1_0 left join candidates u1_1 on u1_0.id=u1_1.user_id left join recruiters u1_2 on u1_0.id=u1_2.user_id where u1_0.email=?
Hibernate: select u1_0.id,case when u1_1.user_id is not null then 1 when u1_2.user_id is not null then 2 when u1_0.id is not null then 0 end,u1_0.activation_token,u1_0.approval_status,u1_0.email,u1_0.email_verified,u1_0.nom,u1_0.password,u1_0.reset_password_token,u1_0.reset_password_token_expires_at,u1_0.role,u1_0.statut_compte,u1_1.adresse,u1_1.date_naissance,u1_1.description,u1_1.education_json,u1_1.experience,u1_1.facebook_url,u1_1.genre,u1_1.github_url,u1_1.instagram_url,u1_1.linkedin_url,u1_1.localisation,u1_1.num_telephone,u1_1.photo_couverture_nom,u1_1.photo_profil_nom,u1_1.poste_recherche,u1_1.profession,u1_1.skills_json,u1_2.departement,u1_2.entreprise_id,u1_2.fonction,u1_2.poste from users u1_0 left join candidates u1_1 on u1_0.id=u1_1.user_id left join recruiters u1_2 on u1_0.id=u1_2.user_id where u1_0.email=?
Hibernate: select u1_0.id,case when u1_1.user_id is not null then 1 when u1_2.user_id is not null then 2 when u1_0.id is not null then 0 end,u1_0.activation_token,u1_0.approval_status,u1_0.email,u1_0.email_verified,u1_0.nom,u1_0.password,u1_0.reset_password_token,u1_0.reset_password_token_expires_at,u1_0.role,u1_0.statut_compte,u1_1.adresse,u1_1.date_naissance,u1_1.description,u1_1.education_json,u1_1.experience,u1_1.facebook_url,u1_1.genre,u1_1.github_url,u1_1.instagram_url,u1_1.linkedin_url,u1_1.localisation,u1_1.num_telephone,u1_1.photo_couverture_nom,u1_1.photo_profil_nom,u1_1.poste_recherche,u1_1.profession,u1_1.skills_json,u1_2.departement,u1_2.entreprise_id,u1_2.fonction,u1_2.poste from users u1_0 left join candidates u1_1 on u1_0.id=u1_1.user_id left join recruiters u1_2 on u1_0.id=u1_2.user_id where u1_0.role=?
Hibernate: select u1_0.id,case when u1_1.user_id is not null then 1 when u1_2.user_id is not null then 2 when u1_0.id is not null then 0 end,u1_0.activation_token,u1_0.approval_status,u1_0.email,u1_0.email_verified,u1_0.nom,u1_0.password,u1_0.reset_password_token,u1_0.reset_password_token_expires_at,u1_0.role,u1_0.statut_compte,u1_1.adresse,u1_1.date_naissance,u1_1.description,u1_1.education_json,u1_1.experience,u1_1.facebook_url,u1_1.genre,u1_1.github_url,u1_1.instagram_url,u1_1.linkedin_url,u1_1.localisation,u1_1.num_telephone,u1_1.photo_couverture_nom,u1_1.photo_profil_nom,u1_1.poste_recherche,u1_1.profession,u1_1.skills_json,u1_2.departement,u1_2.entreprise_id,u1_2.fonction,u1_2.poste from users u1_0 left join candidates u1_1 on u1_0.id=u1_1.user_id left join recruiters u1_2 on u1_0.id=u1_2.user_id where u1_0.email=?
Hibernate: select count(n1_0.id) from notification n1_0 where n1_0.user_id=? and n1_0.lue=false
Hibernate: select u1_0.id,case when u1_1.user_id is not null then 1 when u1_2.user_id is not null then 2 when u1_0.id is not null then 0 end,u1_0.activation_token,u1_0.approval_status,u1_0.email,u1_0.email_verified,u1_0.nom,u1_0.password,u1_0.reset_password_token,u1_0.reset_password_token_expires_at,u1_0.role,u1_0.statut_compte,u1_1.adresse,u1_1.date_naissance,u1_1.description,u1_1.education_json,u1_1.experience,u1_1.facebook_url,u1_1.genre,u1_1.github_url,u1_1.instagram_url,u1_1.linkedin_url,u1_1.localisation,u1_1.num_telephone,u1_1.photo_couverture_nom,u1_1.photo_profil_nom,u1_1.poste_recherche,u1_1.profession,u1_1.skills_json,u1_2.departement,u1_2.entreprise_id,u1_2.fonction,u1_2.poste from users u1_0 left join candidates u1_1 on u1_0.id=u1_1.user_id left join recruiters u1_2 on u1_0.id=u1_2.user_id where u1_0.email=?
Hibernate: select u1_0.id,case when u1_1.user_id is not null then 1 when u1_2.user_id is not null then 2 when u1_0.id is not null then 0 end,u1_0.activation_token,u1_0.approval_status,u1_0.email,u1_0.email_verified,u1_0.nom,u1_0.password,u1_0.reset_password_token,u1_0.reset_password_token_expires_at,u1_0.role,u1_0.statut_compte,u1_1.adresse,u1_1.date_naissance,u1_1.description,u1_1.education_json,u1_1.experience,u1_1.facebook_url,u1_1.genre,u1_1.github_url,u1_1.instagram_url,u1_1.linkedin_url,u1_1.localisation,u1_1.num_telephone,u1_1.photo_couverture_nom,u1_1.photo_profil_nom,u1_1.poste_recherche,u1_1.profession,u1_1.skills_json,u1_2.departement,e1_0.id_entreprise,e1_0.abonnement_actif,e1_0.adresse,e1_0.description,e1_0.email,e1_0.nom_entreprise,e1_0.secteur,e1_0.site_web,u1_2.fonction,u1_2.poste from users u1_0 left join candidates u1_1 on u1_0.id=u1_1.user_id left join recruiters u1_2 on u1_0.id=u1_2.user_id left join entreprises e1_0 on e1_0.id_entreprise=u1_2.entreprise_id where u1_0.id=?
Hibernate: select n1_0.id,n1_0.date_envoi,n1_0.lue,n1_0.message,n1_0.user_id from notification n1_0 where n1_0.user_id=?
2026-04-08T22:48:57.042+01:00 ERROR 7788 --- [Recrutement] [nio-8081-exec-1] o.a.c.c.C.[.[.[/].[dispatcherServlet]    : Servlet.service() for servlet [dispatcherServlet] in context with path [] threw exception [Request processing failed: org.springframework.dao.InvalidDataAccessApiUsageException: No EntityManager with actual transaction available for current thread - cannot reliably process 'remove' call] with root cause

jakarta.persistence.TransactionRequiredException: No EntityManager with actual transaction available for current thread - cannot reliably process 'remove' call
	at org.springframework.orm.jpa.SharedEntityManagerCreator$SharedEntityManagerInvocationHandler.invoke(SharedEntityManagerCreator.java:301) ~[spring-orm-7.0.3.jar:7.0.3]
	at jdk.proxy2/jdk.proxy2.$Proxy134.remove(Unknown Source) ~[na:na]
	at org.springframework.data.jpa.repository.query.JpaQueryExecution$DeleteExecution.doExecute(JpaQueryExecution.java:419) ~[spring-data-jpa-4.0.2.jar:4.0.2]
	at org.springframework.data.jpa.repository.query.JpaQueryExecution.execute(JpaQueryExecution.java:99) ~[spring-data-jpa-4.0.2.jar:4.0.2]
	at org.springframework.data.jpa.repository.query.AbstractJpaQuery.doExecute(AbstractJpaQuery.java:164) ~[spring-data-jpa-4.0.2.jar:4.0.2]
	at org.springframework.data.jpa.repository.query.AbstractJpaQuery.execute(AbstractJpaQuery.java:154) ~[spring-data-jpa-4.0.2.jar:4.0.2]
	at org.springframework.data.repository.core.support.RepositoryMethodInvoker.doInvoke(RepositoryMethodInvoker.java:169) ~[spring-data-commons-4.0.2.jar:4.0.2]
	at org.springframework.data.repository.core.support.RepositoryMethodInvoker.invoke(RepositoryMethodInvoker.java:158) ~[spring-data-commons-4.0.2.jar:4.0.2]
	at org.springframework.data.repository.core.support.QueryExecutorMethodInterceptor.doInvoke(QueryExecutorMethodInterceptor.java:167) ~[spring-data-commons-4.0.2.jar:4.0.2]
	at org.springframework.data.repository.core.support.QueryExecutorMethodInterceptor.invoke(QueryExecutorMethodInterceptor.java:146) ~[spring-data-commons-4.0.2.jar:4.0.2]
	at org.springframework.aop.framework.ReflectiveMethodInvocation.proceed(ReflectiveMethodInvocation.java:179) ~[spring-aop-7.0.3.jar:7.0.3]
	at org.springframework.data.projection.DefaultMethodInvokingMethodInterceptor.invoke(DefaultMethodInvokingMethodInterceptor.java:69) ~[spring-data-commons-4.0.2.jar:4.0.2]
	at org.springframework.aop.framework.ReflectiveMethodInvocation.proceed(ReflectiveMethodInvocation.java:179) ~[spring-aop-7.0.3.jar:7.0.3]
	at org.springframework.transaction.interceptor.TransactionInterceptor$1.proceedWithInvocation(TransactionInterceptor.java:133) ~[spring-tx-7.0.3.jar:7.0.3]
	at org.springframework.transaction.interceptor.TransactionAspectSupport.invokeWithinTransaction(TransactionAspectSupport.java:371) ~[spring-tx-7.0.3.jar:7.0.3]
	at org.springframework.transaction.interceptor.TransactionInterceptor.invoke(TransactionInterceptor.java:130) ~[spring-tx-7.0.3.jar:7.0.3]
	at org.springframework.aop.framework.ReflectiveMethodInvocation.proceed(ReflectiveMethodInvocation.java:179) ~[spring-aop-7.0.3.jar:7.0.3]
	at org.springframework.dao.support.PersistenceExceptionTranslationInterceptor.invoke(PersistenceExceptionTranslationInterceptor.java:135) ~[spring-tx-7.0.3.jar:7.0.3]
	at org.springframework.aop.framework.ReflectiveMethodInvocation.proceed(ReflectiveMethodInvocation.java:179) ~[spring-aop-7.0.3.jar:7.0.3]
	at org.springframework.data.jpa.repository.support.CrudMethodMetadataPostProcessor$CrudMethodMetadataPopulatingMethodInterceptor.invoke(CrudMethodMetadataPostProcessor.java:137) ~[spring-data-jpa-4.0.2.jar:4.0.2]
	at org.springframework.aop.framework.ReflectiveMethodInvocation.proceed(ReflectiveMethodInvocation.java:179) ~[spring-aop-7.0.3.jar:7.0.3]
	at org.springframework.aop.framework.JdkDynamicAopProxy.invoke(JdkDynamicAopProxy.java:222) ~[spring-aop-7.0.3.jar:7.0.3]
	at jdk.proxy2/jdk.proxy2.$Proxy144.deleteByUser(Unknown Source) ~[na:na]
	at com.recrutement.recrutement.service.Impl.NotificationServiceImpl.clearNotificationsForUser(NotificationServiceImpl.java:103) ~[classes/:na]
	at com.recrutement.recrutement.service.Impl.AuthServiceImpl.deleteRecruiterAccount(AuthServiceImpl.java:455) ~[classes/:na]
	at com.recrutement.recrutement.controller.AdminController.deleteRecruiter(AdminController.java:45) ~[classes/:na]
	at java.base/jdk.internal.reflect.DirectMethodHandleAccessor.invoke(DirectMethodHandleAccessor.java:104) ~[na:na]
	at java.base/java.lang.reflect.Method.invoke(Method.java:565) ~[na:na]
	at org.springframework.web.method.support.InvocableHandlerMethod.doInvoke(InvocableHandlerMethod.java:258) ~[spring-web-7.0.3.jar:7.0.3]
	at org.springframework.web.method.support.InvocableHandlerMethod.invokeForRequest(InvocableHandlerMethod.java:190) ~[spring-web-7.0.3.jar:7.0.3]
	at org.springframework.web.servlet.mvc.method.annotation.ServletInvocableHandlerMethod.invokeAndHandle(ServletInvocableHandlerMethod.java:117) ~[spring-webmvc-7.0.3.jar:7.0.3]
	at org.springframework.web.servlet.mvc.method.annotation.RequestMappingHandlerAdapter.invokeHandlerMethod(RequestMappingHandlerAdapter.java:934) ~[spring-webmvc-7.0.3.jar:7.0.3]
	at org.springframework.web.servlet.mvc.method.annotation.RequestMappingHandlerAdapter.handleInternal(RequestMappingHandlerAdapter.java:853) ~[spring-webmvc-7.0.3.jar:7.0.3]
	at org.springframework.web.servlet.mvc.method.AbstractHandlerMethodAdapter.handle(AbstractHandlerMethodAdapter.java:86) ~[spring-webmvc-7.0.3.jar:7.0.3]
	at org.springframework.web.servlet.DispatcherServlet.doDispatch(DispatcherServlet.java:963) ~[spring-webmvc-7.0.3.jar:7.0.3]
	at org.springframework.web.servlet.DispatcherServlet.doService(DispatcherServlet.java:866) ~[spring-webmvc-7.0.3.jar:7.0.3]
	at org.springframework.web.servlet.FrameworkServlet.processRequest(FrameworkServlet.java:1003) ~[spring-webmvc-7.0.3.jar:7.0.3]
	at org.springframework.web.servlet.FrameworkServlet.doDelete(FrameworkServlet.java:925) ~[spring-webmvc-7.0.3.jar:7.0.3]
	at jakarta.servlet.http.HttpServlet.service(HttpServlet.java:651) ~[tomcat-embed-core-11.0.15.jar:6.1]
	at org.springframework.web.servlet.FrameworkServlet.service(FrameworkServlet.java:874) ~[spring-webmvc-7.0.3.jar:7.0.3]
	at jakarta.servlet.http.HttpServlet.service(HttpServlet.java:710) ~[tomcat-embed-core-11.0.15.jar:6.1]
	at org.apache.catalina.core.ApplicationFilterChain.doFilter(ApplicationFilterChain.java:128) ~[tomcat-embed-core-11.0.15.jar:11.0.15]
	at org.apache.tomcat.websocket.server.WsFilter.doFilter(WsFilter.java:53) ~[tomcat-embed-websocket-11.0.15.jar:11.0.15]
	at org.apache.catalina.core.ApplicationFilterChain.doFilter(ApplicationFilterChain.java:107) ~[tomcat-embed-core-11.0.15.jar:11.0.15]
	at org.springframework.web.filter.OncePerRequestFilter.doFilter(OncePerRequestFilter.java:110) ~[spring-web-7.0.3.jar:7.0.3]
	at org.apache.catalina.core.ApplicationFilterChain.doFilter(ApplicationFilterChain.java:107) ~[tomcat-embed-core-11.0.15.jar:11.0.15]
	at org.springframework.web.filter.CompositeFilter$VirtualFilterChain.doFilter(CompositeFilter.java:108) ~[spring-web-7.0.3.jar:7.0.3]
	at org.springframework.security.web.FilterChainProxy.lambda$doFilterInternal$3(FilterChainProxy.java:235) ~[spring-security-web-7.0.2.jar:7.0.2]
	at org.springframework.security.web.FilterChainProxy$VirtualFilterChain.doFilter(FilterChainProxy.java:371) ~[spring-security-web-7.0.2.jar:7.0.2]
	at org.springframework.security.web.access.intercept.AuthorizationFilter.doFilter(AuthorizationFilter.java:101) ~[spring-security-web-7.0.2.jar:7.0.2]
	at org.springframework.security.web.FilterChainProxy$VirtualFilterChain.doFilter(FilterChainProxy.java:380) ~[spring-security-web-7.0.2.jar:7.0.2]
	at org.springframework.security.web.access.ExceptionTranslationFilter.doFilter(ExceptionTranslationFilter.java:126) ~[spring-security-web-7.0.2.jar:7.0.2]
	at org.springframework.security.web.access.ExceptionTranslationFilter.doFilter(ExceptionTranslationFilter.java:120) ~[spring-security-web-7.0.2.jar:7.0.2]
	at org.springframework.security.web.FilterChainProxy$VirtualFilterChain.doFilter(FilterChainProxy.java:380) ~[spring-security-web-7.0.2.jar:7.0.2]
	at org.springframework.security.web.session.SessionManagementFilter.doFilter(SessionManagementFilter.java:132) ~[spring-security-web-7.0.2.jar:7.0.2]
	at org.springframework.security.web.session.SessionManagementFilter.doFilter(SessionManagementFilter.java:86) ~[spring-security-web-7.0.2.jar:7.0.2]
	at org.springframework.security.web.FilterChainProxy$VirtualFilterChain.doFilter(FilterChainProxy.java:380) ~[spring-security-web-7.0.2.jar:7.0.2]
	at org.springframework.security.web.authentication.AnonymousAuthenticationFilter.doFilter(AnonymousAuthenticationFilter.java:100) ~[spring-security-web-7.0.2.jar:7.0.2]
	at org.springframework.security.web.FilterChainProxy$VirtualFilterChain.doFilter(FilterChainProxy.java:380) ~[spring-security-web-7.0.2.jar:7.0.2]
	at org.springframework.security.web.servletapi.SecurityContextHolderAwareRequestFilter.doFilter(SecurityContextHolderAwareRequestFilter.java:181) ~[spring-security-web-7.0.2.jar:7.0.2]
	at org.springframework.security.web.FilterChainProxy$VirtualFilterChain.doFilter(FilterChainProxy.java:380) ~[spring-security-web-7.0.2.jar:7.0.2]
	at org.springframework.security.web.savedrequest.RequestCacheAwareFilter.doFilter(RequestCacheAwareFilter.java:63) ~[spring-security-web-7.0.2.jar:7.0.2]
	at org.springframework.security.web.FilterChainProxy$VirtualFilterChain.doFilter(FilterChainProxy.java:380) ~[spring-security-web-7.0.2.jar:7.0.2]
	at com.recrutement.recrutement.security.JwtAuthentificationFilter.doFilterInternal(JwtAuthentificationFilter.java:70) ~[classes/:na]
	at org.springframework.web.filter.OncePerRequestFilter.doFilter(OncePerRequestFilter.java:116) ~[spring-web-7.0.3.jar:7.0.3]
	at org.springframework.security.web.FilterChainProxy$VirtualFilterChain.doFilter(FilterChainProxy.java:380) ~[spring-security-web-7.0.2.jar:7.0.2]
	at org.springframework.security.web.authentication.logout.LogoutFilter.doFilter(LogoutFilter.java:110) ~[spring-security-web-7.0.2.jar:7.0.2]
	at org.springframework.security.web.authentication.logout.LogoutFilter.doFilter(LogoutFilter.java:96) ~[spring-security-web-7.0.2.jar:7.0.2]
	at org.springframework.security.web.FilterChainProxy$VirtualFilterChain.doFilter(FilterChainProxy.java:380) ~[spring-security-web-7.0.2.jar:7.0.2]
	at org.springframework.web.filter.CorsFilter.doFilterInternal(CorsFilter.java:91) ~[spring-web-7.0.3.jar:7.0.3]
	at org.springframework.web.filter.OncePerRequestFilter.doFilter(OncePerRequestFilter.java:116) ~[spring-web-7.0.3.jar:7.0.3]
	at org.springframework.security.web.FilterChainProxy$VirtualFilterChain.doFilter(FilterChainProxy.java:380) ~[spring-security-web-7.0.2.jar:7.0.2]
	at org.springframework.security.web.header.HeaderWriterFilter.doHeadersAfter(HeaderWriterFilter.java:90) ~[spring-security-web-7.0.2.jar:7.0.2]
	at org.springframework.security.web.header.HeaderWriterFilter.doFilterInternal(HeaderWriterFilter.java:75) ~[spring-security-web-7.0.2.jar:7.0.2]
	at org.springframework.web.filter.OncePerRequestFilter.doFilter(OncePerRequestFilter.java:116) ~[spring-web-7.0.3.jar:7.0.3]
	at org.springframework.security.web.FilterChainProxy$VirtualFilterChain.doFilter(FilterChainProxy.java:380) ~[spring-security-web-7.0.2.jar:7.0.2]
	at org.springframework.security.web.context.SecurityContextHolderFilter.doFilter(SecurityContextHolderFilter.java:82) ~[spring-security-web-7.0.2.jar:7.0.2]
	at org.springframework.security.web.context.SecurityContextHolderFilter.doFilter(SecurityContextHolderFilter.java:69) ~[spring-security-web-7.0.2.jar:7.0.2]
	at org.springframework.security.web.FilterChainProxy$VirtualFilterChain.doFilter(FilterChainProxy.java:380) ~[spring-security-web-7.0.2.jar:7.0.2]
	at org.springframework.security.web.context.request.async.WebAsyncManagerIntegrationFilter.doFilterInternal(WebAsyncManagerIntegrationFilter.java:62) ~[spring-security-web-7.0.2.jar:7.0.2]
	at org.springframework.web.filter.OncePerRequestFilter.doFilter(OncePerRequestFilter.java:116) ~[spring-web-7.0.3.jar:7.0.3]
	at org.springframework.security.web.FilterChainProxy$VirtualFilterChain.doFilter(FilterChainProxy.java:380) ~[spring-security-web-7.0.2.jar:7.0.2]
	at org.springframework.security.web.session.DisableEncodeUrlFilter.doFilterInternal(DisableEncodeUrlFilter.java:42) ~[spring-security-web-7.0.2.jar:7.0.2]
	at org.springframework.web.filter.OncePerRequestFilter.doFilter(OncePerRequestFilter.java:116) ~[spring-web-7.0.3.jar:7.0.3]
	at org.springframework.security.web.FilterChainProxy$VirtualFilterChain.doFilter(FilterChainProxy.java:380) ~[spring-security-web-7.0.2.jar:7.0.2]
	at org.springframework.security.web.FilterChainProxy.doFilterInternal(FilterChainProxy.java:237) ~[spring-security-web-7.0.2.jar:7.0.2]
	at org.springframework.security.web.FilterChainProxy.doFilter(FilterChainProxy.java:195) ~[spring-security-web-7.0.2.jar:7.0.2]
	at org.springframework.web.filter.CompositeFilter$VirtualFilterChain.doFilter(CompositeFilter.java:113) ~[spring-web-7.0.3.jar:7.0.3]
	at org.springframework.web.filter.ServletRequestPathFilter.doFilter(ServletRequestPathFilter.java:52) ~[spring-web-7.0.3.jar:7.0.3]
	at org.springframework.web.filter.CompositeFilter$VirtualFilterChain.doFilter(CompositeFilter.java:113) ~[spring-web-7.0.3.jar:7.0.3]
	at org.springframework.web.filter.CompositeFilter.doFilter(CompositeFilter.java:74) ~[spring-web-7.0.3.jar:7.0.3]
	at org.springframework.security.config.annotation.web.configuration.WebSecurityConfiguration$CompositeFilterChainProxy.doFilter(WebSecurityConfiguration.java:317) ~[spring-security-config-7.0.2.jar:7.0.2]
	at org.springframework.web.filter.DelegatingFilterProxy.invokeDelegate(DelegatingFilterProxy.java:355) ~[spring-web-7.0.3.jar:7.0.3]
	at org.springframework.web.filter.DelegatingFilterProxy.doFilter(DelegatingFilterProxy.java:272) ~[spring-web-7.0.3.jar:7.0.3]
	at org.apache.catalina.core.ApplicationFilterChain.doFilter(ApplicationFilterChain.java:107) ~[tomcat-embed-core-11.0.15.jar:11.0.15]
	at org.springframework.web.filter.RequestContextFilter.doFilterInternal(RequestContextFilter.java:100) ~[spring-web-7.0.3.jar:7.0.3]
	at org.springframework.web.filter.OncePerRequestFilter.doFilter(OncePerRequestFilter.java:116) ~[spring-web-7.0.3.jar:7.0.3]
	at org.apache.catalina.core.ApplicationFilterChain.doFilter(ApplicationFilterChain.java:107) ~[tomcat-embed-core-11.0.15.jar:11.0.15]
	at org.springframework.web.filter.FormContentFilter.doFilterInternal(FormContentFilter.java:93) ~[spring-web-7.0.3.jar:7.0.3]
	at org.springframework.web.filter.OncePerRequestFilter.doFilter(OncePerRequestFilter.java:116) ~[spring-web-7.0.3.jar:7.0.3]
	at org.apache.catalina.core.ApplicationFilterChain.doFilter(ApplicationFilterChain.java:107) ~[tomcat-embed-core-11.0.15.jar:11.0.15]
	at org.springframework.web.filter.CharacterEncodingFilter.doFilterInternal(CharacterEncodingFilter.java:199) ~[spring-web-7.0.3.jar:7.0.3]
	at org.springframework.web.filter.OncePerRequestFilter.doFilter(OncePerRequestFilter.java:116) ~[spring-web-7.0.3.jar:7.0.3]
	at org.apache.catalina.core.ApplicationFilterChain.doFilter(ApplicationFilterChain.java:107) ~[tomcat-embed-core-11.0.15.jar:11.0.15]
	at org.apache.catalina.core.StandardWrapperValve.invoke(StandardWrapperValve.java:165) ~[tomcat-embed-core-11.0.15.jar:11.0.15]
	at org.apache.catalina.core.StandardContextValve.invoke(StandardContextValve.java:77) ~[tomcat-embed-core-11.0.15.jar:11.0.15]
	at org.apache.catalina.authenticator.AuthenticatorBase.invoke(AuthenticatorBase.java:482) ~[tomcat-embed-core-11.0.15.jar:11.0.15]
	at org.apache.catalina.core.StandardHostValve.invoke(StandardHostValve.java:113) ~[tomcat-embed-core-11.0.15.jar:11.0.15]
	at org.apache.catalina.valves.ErrorReportValve.invoke(ErrorReportValve.java:83) ~[tomcat-embed-core-11.0.15.jar:11.0.15]
	at org.apache.catalina.core.StandardEngineValve.invoke(StandardEngineValve.java:72) ~[tomcat-embed-core-11.0.15.jar:11.0.15]
	at org.apache.catalina.connector.CoyoteAdapter.service(CoyoteAdapter.java:341) ~[tomcat-embed-core-11.0.15.jar:11.0.15]
	at org.apache.coyote.http11.Http11Processor.service(Http11Processor.java:397) ~[tomcat-embed-core-11.0.15.jar:11.0.15]
	at org.apache.coyote.AbstractProcessorLight.process(AbstractProcessorLight.java:63) ~[tomcat-embed-core-11.0.15.jar:11.0.15]
	at org.apache.coyote.AbstractProtocol$ConnectionHandler.process(AbstractProtocol.java:903) ~[tomcat-embed-core-11.0.15.jar:11.0.15]
	at org.apache.tomcat.util.net.NioEndpoint$SocketProcessor.doRun(NioEndpoint.java:1778) ~[tomcat-embed-core-11.0.15.jar:11.0.15]
	at org.apache.tomcat.util.net.SocketProcessorBase.run(SocketProcessorBase.java:52) ~[tomcat-embed-core-11.0.15.jar:11.0.15]
	at org.apache.tomcat.util.threads.ThreadPoolExecutor.runWorker(ThreadPoolExecutor.java:946) ~[tomcat-embed-core-11.0.15.jar:11.0.15]
	at org.apache.tomcat.util.threads.ThreadPoolExecutor$Worker.run(ThreadPoolExecutor.java:480) ~[tomcat-embed-core-11.0.15.jar:11.0.15]
	at org.apache.tomcat.util.threads.TaskThread$WrappingRunnable.run(TaskThread.java:57) ~[tomcat-embed-core-11.0.15.jar:11.0.15]
	at java.base/java.lang.Thread.run(Thread.java:1474) ~[na:na]

[INFO] ------------------------------------------------------------------------
[INFO] BUILD FAILURE
[INFO] ------------------------------------------------------------------------
[INFO] Total time:  46:26 min
[INFO] Finished at: 2026-04-08T22:49:34+01:00
[INFO] ------------------------------------------------------------------------
[ERROR] Failed to execute goal org.springframework.boot:spring-boot-maven-plugin:4.0.2:run (default-cli) on project Recrutement: Process terminated with exit code: -1 -> [Help 1]
[ERROR] 
[ERROR] To see the full stack trace of the errors, re-run Maven with the -e switch.
[ERROR] Re-run Maven using the -X switch to enable full debug logging.
[ERROR] 
[ERROR] For more information about the errors and possible solutions, please read the following articles:
[ERROR] [Help 1] http://cwiki.apache.org/confluence/display/MAVEN/MojoExecutionException
